# Blender 5.1.2
# www.blender.org
mtllib BodyP1 NEW2_Edit.mtl
o BodyP1_NEW2
v 2.655698 0.000000 1.900000
v 2.621307 -0.426004 1.900000
v 2.519026 -0.840974 1.900000
v 2.351503 -1.234164 1.900000
v 2.123078 -1.595390 1.900000
v 1.839666 -1.915296 1.900000
v 1.508608 -2.185596 1.900000
v 1.138478 -2.399291 1.900000
v 0.738861 -2.550846 1.900000
v 0.320109 -2.636335 1.900000
v -0.106934 -2.653544 1.900000
v -0.531208 -2.602028 1.900000
v -0.941723 -2.483120 1.900000
v -1.327849 -2.299902 1.900000
v -1.679584 -2.057117 1.900000
v -1.987818 -1.761053 1.900000
v -2.244569 -1.419380 1.900000
v -2.443187 -1.040945 1.900000
v -2.578528 -0.635550 1.900000
v -2.647086 -0.213695 1.900000
v -2.647086 0.213695 1.900000
v -2.578528 0.635550 1.900000
v -2.443187 1.040945 1.900000
v -2.244569 1.419380 1.900000
v -1.987818 1.761053 1.900000
v -1.679584 2.057117 1.900000
v -1.327849 2.299902 1.900000
v -0.941723 2.483120 1.900000
v -0.531208 2.602028 1.900000
v -0.106934 2.653544 1.900000
v 0.320109 2.636335 1.900000
v 0.738861 2.550846 1.900000
v 1.138478 2.399291 1.900000
v 1.508608 2.185596 1.900000
v 1.839666 1.915296 1.900000
v 2.123078 1.595390 1.900000
v 2.351503 1.234164 1.900000
v 2.519026 0.840974 1.900000
v 2.621307 0.426004 1.900000
v 2.580698 0.000000 1.975000
v 2.545500 0.424769 1.975000
v 2.440868 0.837951 1.975000
v 2.269656 1.228276 1.975000
v 2.036533 1.585097 1.975000
v 1.747859 1.898681 1.975000
v 1.411508 2.160474 1.975000
v 1.036654 2.363334 1.975000
v 0.633524 2.501729 1.975000
v 0.213112 2.571883 1.975000
v -0.213112 2.571883 1.975000
v -0.633524 2.501729 1.975000
v -1.036654 2.363334 1.975000
v -1.411508 2.160474 1.975000
v -1.747859 1.898681 1.975000
v -2.036533 1.585097 1.975000
v -2.269656 1.228276 1.975000
v -2.440868 0.837951 1.975000
v -2.545500 0.424769 1.975000
v -2.580698 0.000000 1.975000
v -2.545500 -0.424769 1.975000
v -2.440868 -0.837951 1.975000
v -2.269656 -1.228276 1.975000
v -2.036533 -1.585097 1.975000
v -1.747859 -1.898681 1.975000
v -1.411508 -2.160474 1.975000
v -1.036654 -2.363334 1.975000
v -0.633524 -2.501729 1.975000
v -0.213112 -2.571883 1.975000
v 0.213112 -2.571883 1.975000
v 0.633524 -2.501729 1.975000
v 1.036654 -2.363334 1.975000
v 1.411508 -2.160474 1.975000
v 1.747859 -1.898681 1.975000
v 2.036533 -1.585097 1.975000
v 2.269656 -1.228276 1.975000
v 2.440868 -0.837951 1.975000
v 2.545500 -0.424769 1.975000
v 2.636286 0.000000 1.902556
v 2.618198 0.000000 1.910048
v 2.602665 0.000000 1.921967
v 2.590746 0.000000 1.937500
v 2.583253 0.000000 1.955589
v -1.056728 -2.357228 1.955589
v -2.628551 -0.201806 1.902556
v -1.056728 2.357228 1.955589
v 2.605390 -0.402427 1.902556
v 2.587513 -0.399666 1.910048
v 2.572162 -0.397295 1.921967
v 2.560383 -0.395475 1.937500
v 2.552979 -0.394332 1.955589
v 2.513426 -0.795422 1.902556
v 2.496180 -0.789964 1.910048
v 2.481371 -0.785278 1.921967
v 2.470008 -0.781681 1.937500
v 2.462864 -0.779421 1.955589
v 2.362549 -1.169772 1.902556
v 2.346339 -1.161746 1.910048
v 2.332418 -1.154854 1.921967
v 2.321737 -1.149565 1.937500
v 2.315023 -1.146241 1.955589
v 2.156296 -1.516705 1.902556
v 2.141501 -1.506298 1.910048
v 2.128796 -1.497362 1.921967
v 2.119047 -1.490504 1.937500
v 2.112919 -1.486194 1.955589
v 1.899501 -1.828087 1.902556
v 1.886468 -1.815543 1.910048
v 1.875276 -1.804772 1.921967
v 1.866688 -1.796507 1.937500
v 1.861290 -1.791312 1.955589
v 1.598184 -2.096620 1.902556
v 1.587218 -2.082234 1.910048
v 1.577801 -2.069881 1.921967
v 1.570576 -2.060402 1.937500
v 1.566034 -2.054443 1.955589
v 1.259406 -2.316010 1.902556
v 1.250765 -2.300119 1.910048
v 1.243344 -2.286473 1.921967
v 1.237651 -2.276002 1.937500
v 1.234071 -2.269420 1.955589
v 0.891109 -2.481115 1.902556
v 0.884995 -2.464091 1.910048
v 0.879745 -2.449472 1.921967
v 0.875716 -2.438255 1.937500
v 0.873183 -2.431203 1.955589
v 0.501925 -2.588064 1.902556
v 0.498482 -2.570306 1.910048
v 0.495524 -2.555058 1.921967
v 0.493255 -2.543357 1.937500
v 0.491828 -2.536001 1.955589
v 0.100977 -2.634352 1.902556
v 0.100284 -2.616276 1.910048
v 0.099689 -2.600755 1.921967
v 0.099233 -2.588845 1.937500
v 0.098946 -2.581358 1.955589
v -0.302338 -2.618892 1.902556
v -0.300264 -2.600923 1.910048
v -0.298482 -2.585492 1.921967
v -0.297116 -2.573652 1.937500
v -0.296256 -2.566209 1.955589
v -0.698567 -2.542048 1.902556
v -0.693774 -2.524606 1.910048
v -0.689658 -2.509628 1.921967
v -0.686500 -2.498136 1.937500
v -0.684514 -2.490911 1.955589
v -1.078422 -2.405621 1.902556
v -1.071023 -2.389115 1.910048
v -1.064668 -2.374941 1.921967
v -1.059793 -2.364065 1.937500
v -1.433000 -2.212807 1.902556
v -1.423167 -2.197625 1.910048
v -1.414724 -2.184587 1.921967
v -1.408245 -2.174582 1.937500
v -1.404173 -2.168293 1.955589
v -1.753989 -1.968128 1.902556
v -1.741954 -1.954624 1.910048
v -1.731620 -1.943028 1.921967
v -1.723690 -1.934130 1.937500
v -1.718705 -1.928536 1.955589
v -2.033866 -1.677317 1.902556
v -2.019911 -1.665808 1.910048
v -2.007928 -1.655926 1.921967
v -1.998732 -1.648342 1.937500
v -1.992952 -1.643575 1.955589
v -2.266071 -1.347191 1.902556
v -2.250523 -1.337948 1.910048
v -2.237171 -1.330010 1.921967
v -2.226926 -1.323919 1.937500
v -2.220486 -1.320091 1.955589
v -2.445162 -0.985489 1.902556
v -2.428385 -0.978727 1.910048
v -2.413978 -0.972920 1.921967
v -2.402923 -0.968465 1.937500
v -2.395974 -0.965664 1.955589
v -2.566940 -0.600687 1.902556
v -2.549327 -0.596566 1.910048
v -2.534203 -0.593026 1.921967
v -2.522597 -0.590311 1.937500
v -2.515302 -0.588603 1.955589
v -2.610515 -0.200421 1.910048
v -2.595028 -0.199232 1.921967
v -2.583144 -0.198320 1.937500
v -2.575673 -0.197746 1.955589
v -2.566940 0.600687 1.902556
v -2.549327 0.596566 1.910048
v -2.534203 0.593026 1.921967
v -2.522597 0.590311 1.937500
v -2.515302 0.588603 1.955589
v -2.575673 0.197746 1.955589
v -2.583144 0.198320 1.937500
v -2.595028 0.199232 1.921967
v -2.610515 0.200421 1.910048
v -2.628551 0.201806 1.902556
v -2.445162 0.985489 1.902556
v -2.428385 0.978727 1.910048
v -2.413978 0.972920 1.921967
v -2.402923 0.968465 1.937500
v -2.395974 0.965664 1.955589
v -2.266071 1.347191 1.902556
v -2.250523 1.337948 1.910048
v -2.237171 1.330010 1.921967
v -2.226926 1.323919 1.937500
v -2.220486 1.320091 1.955589
v -2.033866 1.677317 1.902556
v -2.019911 1.665808 1.910048
v -2.007928 1.655926 1.921967
v -1.998732 1.648342 1.937500
v -1.992952 1.643575 1.955589
v -1.753989 1.968128 1.902556
v -1.741954 1.954624 1.910048
v -1.731620 1.943028 1.921967
v -1.723690 1.934130 1.937500
v -1.718705 1.928536 1.955589
v -1.433000 2.212807 1.902556
v -1.423167 2.197625 1.910048
v -1.414724 2.184587 1.921967
v -1.408245 2.174582 1.937500
v -1.404173 2.168293 1.955589
v -1.078422 2.405621 1.902556
v -1.071023 2.389115 1.910048
v -1.064668 2.374941 1.921967
v -1.059793 2.364065 1.937500
v -0.698567 2.542048 1.902556
v -0.693774 2.524606 1.910048
v -0.689658 2.509628 1.921967
v -0.686500 2.498136 1.937500
v -0.684514 2.490911 1.955589
v -0.302338 2.618892 1.902556
v -0.300264 2.600923 1.910048
v -0.298482 2.585492 1.921967
v -0.297116 2.573652 1.937500
v -0.296256 2.566209 1.955589
v 0.100977 2.634352 1.902556
v 0.100284 2.616276 1.910048
v 0.099689 2.600755 1.921967
v 0.099233 2.588845 1.937500
v 0.098946 2.581358 1.955589
v 0.501925 2.588064 1.902556
v 0.498482 2.570306 1.910048
v 0.495524 2.555058 1.921967
v 0.493255 2.543357 1.937500
v 0.491828 2.536001 1.955589
v 0.891109 2.481115 1.902556
v 0.884995 2.464091 1.910048
v 0.879745 2.449472 1.921967
v 0.875716 2.438255 1.937500
v 0.873183 2.431203 1.955589
v 1.259406 2.316010 1.902556
v 1.250765 2.300119 1.910048
v 1.243344 2.286473 1.921967
v 1.237651 2.276002 1.937500
v 1.234071 2.269420 1.955589
v 1.598184 2.096620 1.902556
v 1.587218 2.082234 1.910048
v 1.577801 2.069881 1.921967
v 1.570576 2.060402 1.937500
v 1.566034 2.054443 1.955589
v 1.899501 1.828087 1.902556
v 1.886468 1.815543 1.910048
v 1.875276 1.804772 1.921967
v 1.866688 1.796507 1.937500
v 1.861290 1.791312 1.955589
v 2.156296 1.516705 1.902556
v 2.141501 1.506298 1.910048
v 2.128796 1.497362 1.921967
v 2.119047 1.490504 1.937500
v 2.112919 1.486194 1.955589
v 2.362549 1.169772 1.902556
v 2.346339 1.161746 1.910048
v 2.332418 1.154854 1.921967
v 2.321737 1.149565 1.937500
v 2.315023 1.146241 1.955589
v 2.513426 0.795422 1.902556
v 2.496180 0.789964 1.910048
v 2.481371 0.785278 1.921967
v 2.470008 0.781681 1.937500
v 2.462864 0.779421 1.955589
v 2.605390 0.402427 1.902556
v 2.587513 0.399666 1.910048
v 2.572162 0.397295 1.921967
v 2.560383 0.395475 1.937500
v 2.552979 0.394332 1.955589
v 2.875000 0.000000 1.900000
v 2.839604 -0.449749 1.900000
v 2.734287 -0.888424 1.900000
v 2.561644 -1.305223 1.900000
v 2.325924 -1.689883 1.900000
v 2.032932 -2.032932 1.900000
v 1.689883 -2.325924 1.900000
v 1.305223 -2.561644 1.900000
v 0.888424 -2.734287 1.900000
v 0.449749 -2.839604 1.900000
v 0.000000 -2.875000 1.900000
v -0.449749 -2.839604 1.900000
v -0.888424 -2.734287 1.900000
v -1.305223 -2.561644 1.900000
v -1.689883 -2.325924 1.900000
v -2.032932 -2.032932 1.900000
v -2.325924 -1.689883 1.900000
v -2.561644 -1.305223 1.900000
v -2.734287 -0.888424 1.900000
v -2.839604 -0.449749 1.900000
v -2.875000 0.000000 1.900000
v -2.839604 0.449749 1.900000
v -2.734287 0.888424 1.900000
v -2.561644 1.305223 1.900000
v -2.325924 1.689883 1.900000
v -2.032932 2.032932 1.900000
v -1.689883 2.325924 1.900000
v -1.305223 2.561644 1.900000
v -0.888424 2.734287 1.900000
v -0.449749 2.839604 1.900000
v 0.000000 2.875000 1.900000
v 0.449749 2.839604 1.900000
v 0.888424 2.734287 1.900000
v 1.305223 2.561644 1.900000
v 1.689883 2.325924 1.900000
v 2.032932 2.032932 1.900000
v 2.325924 1.689883 1.900000
v 2.561644 1.305223 1.900000
v 2.734287 0.888424 1.900000
v 2.839604 0.449749 1.900000
v 2.580698 0.000000 2.100000
v 2.545500 0.424769 2.100000
v 2.440868 0.837951 2.100000
v 2.269656 1.228276 2.100000
v 2.036533 1.585097 2.100000
v 1.747859 1.898681 2.100000
v 1.411508 2.160474 2.100000
v 1.036654 2.363334 2.100000
v 0.633524 2.501729 2.100000
v 0.213112 2.571883 2.100000
v -0.213112 2.571883 2.100000
v -0.633524 2.501729 2.100000
v -1.036654 2.363334 2.100000
v -1.411508 2.160474 2.100000
v -1.747859 1.898681 2.100000
v -2.036533 1.585097 2.100000
v -2.269656 1.228276 2.100000
v -2.440868 0.837951 2.100000
v -2.545500 0.424769 2.100000
v -2.580698 0.000000 2.100000
v -2.545500 -0.424769 2.100000
v -2.440868 -0.837951 2.100000
v -2.269656 -1.228276 2.100000
v -2.036533 -1.585097 2.100000
v -1.747859 -1.898681 2.100000
v -1.411508 -2.160474 2.100000
v -1.036654 -2.363334 2.100000
v -0.633524 -2.501729 2.100000
v -0.213112 -2.571883 2.100000
v 0.213112 -2.571883 2.100000
v 0.633524 -2.501729 2.100000
v 1.036654 -2.363334 2.100000
v 1.411508 -2.160474 2.100000
v 1.747859 -1.898681 2.100000
v 2.036533 -1.585097 2.100000
v 2.269656 -1.228276 2.100000
v 2.440868 -0.837951 2.100000
v 2.545500 -0.424769 2.100000
v 0.600000 3.300000 1.050000
v 0.600000 3.100000 1.050000
v 0.600000 3.100000 1.550000
v 0.600000 3.300000 1.550000
v 0.500000 3.400000 1.050000
v 0.525882 3.396593 1.050000
v 0.550000 3.386602 1.050000
v 0.570711 3.370711 1.050000
v 0.586603 3.350000 1.050000
v 0.596593 3.325882 1.050000
v 0.596593 3.325882 1.550000
v 0.586603 3.350000 1.550000
v 0.570711 3.370711 1.550000
v 0.550000 3.386602 1.550000
v 0.525882 3.396593 1.550000
v 0.500000 3.400000 1.550000
v -0.500000 3.400000 1.050000
v -0.500000 3.400000 1.550000
v -0.600000 3.300000 1.050000
v -0.596593 3.325882 1.050000
v -0.586603 3.350000 1.050000
v -0.570711 3.370711 1.050000
v -0.550000 3.386602 1.050000
v -0.525882 3.396593 1.050000
v -0.525882 3.396593 1.550000
v -0.550000 3.386602 1.550000
v -0.570711 3.370711 1.550000
v -0.586603 3.350000 1.550000
v -0.596593 3.325882 1.550000
v -0.600000 3.300000 1.550000
v -0.600000 3.100000 1.050000
v -0.600000 3.100000 1.550000
v -0.500000 3.000000 1.050000
v -0.525882 3.003407 1.050000
v -0.550000 3.013397 1.050000
v -0.570711 3.029289 1.050000
v -0.586603 3.050000 1.050000
v -0.596593 3.074118 1.050000
v -0.596593 3.074118 1.550000
v -0.586603 3.050000 1.550000
v -0.570711 3.029289 1.550000
v -0.550000 3.013397 1.550000
v -0.525882 3.003407 1.550000
v -0.500000 3.000000 1.550000
v 0.500000 3.000000 1.050000
v 0.000000 3.000000 1.050000
v 0.000000 3.000000 1.550000
v 0.500000 3.000000 1.550000
v 0.596593 3.074118 1.050000
v 0.586603 3.050000 1.050000
v 0.570711 3.029289 1.050000
v 0.550000 3.013397 1.050000
v 0.525882 3.003407 1.050000
v 0.525882 3.003407 1.550000
v 0.550000 3.013397 1.550000
v 0.570711 3.029289 1.550000
v 0.586603 3.050000 1.550000
v 0.596593 3.074118 1.550000
v -1.000000 2.828427 1.050000
v -0.966775 3.029848 1.050000
v -0.883654 3.216302 1.050000
v -0.756049 3.375648 1.050000
v -0.592269 3.497510 1.050000
v -0.402979 3.573954 1.050000
v -0.200505 3.600000 1.050000
v 0.200505 3.600000 1.050000
v 0.402979 3.573954 1.050000
v 0.592269 3.497510 1.050000
v 0.756049 3.375648 1.050000
v 0.883654 3.216302 1.050000
v 0.966775 3.029848 1.050000
v 1.000000 2.828427 1.050000
v 0.673874 2.923336 1.050000
v 0.339111 2.980772 1.050000
v -0.339111 2.980772 1.050000
v -0.673874 2.923336 1.050000
v -0.200505 3.600000 1.550000
v -0.402979 3.573954 1.550000
v -0.592269 3.497510 1.550000
v -0.756049 3.375648 1.550000
v -0.883654 3.216302 1.550000
v -0.966775 3.029848 1.550000
v -1.000000 2.828427 1.550000
v -0.673874 2.923336 1.550000
v -0.339111 2.980772 1.550000
v 0.339111 2.980772 1.550000
v 0.673874 2.923336 1.550000
v 1.000000 2.828427 1.550000
v 0.966775 3.029848 1.550000
v 0.883654 3.216302 1.550000
v 0.756049 3.375648 1.550000
v 0.592269 3.497510 1.550000
v 0.402979 3.573954 1.550000
v 0.200505 3.600000 1.550000
v 3.000000 0.000000 1.750000
v 2.964841 0.457948 1.750000
v 2.860189 0.905162 1.750000
v 2.688497 1.331160 1.750000
v 2.453788 1.725956 1.750000
v 2.161565 2.080298 1.750000
v 1.818676 2.385879 1.750000
v 1.433159 2.635537 1.750000
v 1.014051 2.823420 1.750000
v 0.571173 2.945125 1.750000
v 0.114908 2.997799 1.750000
v -0.344050 2.980206 1.750000
v -0.794945 2.892760 1.750000
v -1.227206 2.737511 1.750000
v -1.630703 2.518096 1.750000
v -1.995977 2.239660 1.750000
v -2.314468 1.908727 1.750000
v -2.578709 1.533056 1.750000
v -2.782507 1.121451 1.750000
v -2.921086 0.683561 1.750000
v -2.991197 0.229648 1.750000
v -2.991197 -0.229648 1.750000
v -2.921086 -0.683561 1.750000
v -2.782507 -1.121451 1.750000
v -2.578709 -1.533056 1.750000
v -2.314468 -1.908727 1.750000
v -1.995977 -2.239660 1.750000
v -1.630703 -2.518096 1.750000
v -1.227206 -2.737511 1.750000
v -0.794945 -2.892760 1.750000
v -0.344050 -2.980206 1.750000
v 0.114908 -2.997799 1.750000
v 0.571173 -2.945125 1.750000
v 1.014051 -2.823420 1.750000
v 1.433159 -2.635537 1.750000
v 1.818676 -2.385879 1.750000
v 2.161565 -2.080298 1.750000
v 2.453788 -1.725956 1.750000
v 2.688497 -1.331160 1.750000
v 2.860189 -0.905162 1.750000
v 2.964841 -0.457948 1.750000
v 2.650000 0.000000 2.100000
v 2.615683 -0.425090 2.100000
v 2.513622 -0.839170 2.100000
v 2.346458 -1.231516 2.100000
v 2.118523 -1.591967 2.100000
v 1.835720 -1.911186 2.100000
v 1.505372 -2.180907 2.100000
v 1.136035 -2.394144 2.100000
v 0.737276 -2.545373 2.100000
v 0.319422 -2.630679 2.100000
v -0.106705 -2.647851 2.100000
v -0.530068 -2.596445 2.100000
v -0.939703 -2.477793 2.100000
v -1.325000 -2.294967 2.100000
v -1.675980 -2.052703 2.100000
v -1.983553 -1.757275 2.100000
v -2.239754 -1.416334 2.100000
v -2.437946 -1.038712 2.100000
v -2.572996 -0.634187 2.100000
v -2.641407 -0.213236 2.100000
v -2.641407 0.213236 2.100000
v -2.572996 0.634187 2.100000
v -2.437946 1.038712 2.100000
v -2.239754 1.416334 2.100000
v -1.983553 1.757275 2.100000
v -1.675980 2.052703 2.100000
v -1.325000 2.294967 2.100000
v -0.939703 2.477793 2.100000
v -0.530068 2.596445 2.100000
v -0.106705 2.647851 2.100000
v 0.319422 2.630679 2.100000
v 0.737276 2.545373 2.100000
v 1.136035 2.394144 2.100000
v 1.505372 2.180907 2.100000
v 1.835720 1.911186 2.100000
v 2.118523 1.591967 2.100000
v 2.346458 1.231516 2.100000
v 2.513622 0.839170 2.100000
v 2.615683 0.425090 2.100000
v -2.988074 0.000000 1.840587
v -2.953109 0.000000 1.925000
v -2.897487 0.000000 1.997487
v -2.825000 0.000000 2.053109
v -2.740587 0.000000 2.088074
v 0.314300 -2.722505 2.088074
v 0.314300 2.722505 2.088074
v 2.979306 0.228735 1.840587
v 2.944444 0.226058 1.925000
v 2.888986 0.221800 1.997487
v 2.816711 0.216252 2.053109
v 2.732545 0.209790 2.088074
v 2.732545 -0.209790 2.088074
v 2.816711 -0.216252 2.053109
v 2.888986 -0.221800 1.997487
v 2.944444 -0.226058 1.925000
v 2.979306 -0.228735 1.840587
v 2.909474 0.680843 1.840587
v 2.875429 0.672876 1.925000
v 2.821270 0.660203 1.997487
v 2.750690 0.643686 2.053109
v 2.668497 0.624452 2.088074
v 2.771446 1.116993 1.840587
v 2.739016 1.103923 1.925000
v 2.687427 1.083130 1.997487
v 2.620194 1.056033 2.053109
v 2.541901 1.024478 2.088074
v 2.568458 1.526962 1.840587
v 2.538403 1.509094 1.925000
v 2.490592 1.480670 1.997487
v 2.428284 1.443628 2.053109
v 2.355725 1.400491 2.088074
v 2.305267 1.901140 1.840587
v 2.278292 1.878893 1.925000
v 2.235380 1.843504 1.997487
v 2.179457 1.797385 2.053109
v 2.114333 1.743678 2.088074
v 1.988042 2.230756 1.840587
v 1.964779 2.204653 1.925000
v 1.927773 2.163129 1.997487
v 1.879545 2.109013 2.053109
v 1.823383 2.045994 2.088074
v 1.624220 2.508086 1.840587
v 1.605214 2.478738 1.925000
v 1.574980 2.432051 1.997487
v 1.535578 2.371207 2.053109
v 1.489694 2.300354 2.088074
v 1.222327 2.726628 1.840587
v 1.208024 2.694723 1.925000
v 1.185271 2.643968 1.997487
v 1.155619 2.577823 2.053109
v 1.121088 2.500795 2.088074
v 0.791784 2.881261 1.840587
v 0.782519 2.847546 1.925000
v 0.767781 2.793912 1.997487
v 0.748573 2.724016 2.053109
v 0.726205 2.642620 2.088074
v 0.342683 2.968359 1.840587
v 0.338673 2.933625 1.925000
v 0.332294 2.878370 1.997487
v 0.323981 2.806361 2.053109
v -0.114451 2.985881 1.840587
v -0.113112 2.950942 1.925000
v -0.110982 2.895361 1.997487
v -0.108205 2.822927 2.053109
v -0.104972 2.738576 2.088074
v -0.568903 2.933417 1.840587
v -0.562246 2.899092 1.925000
v -0.551656 2.844487 1.997487
v -0.537855 2.773326 2.053109
v -0.521783 2.690457 2.088074
v -1.010019 2.812196 1.840587
v -0.998201 2.779289 1.925000
v -0.979400 2.726941 1.997487
v -0.954898 2.658721 2.053109
v -0.926365 2.579276 2.088074
v -1.427462 2.625060 1.840587
v -1.410759 2.594342 1.925000
v -1.384187 2.545478 1.997487
v -1.349558 2.481797 2.053109
v -1.309233 2.407639 2.088074
v -1.811446 2.376394 1.840587
v -1.790250 2.348586 1.925000
v -1.756530 2.304351 1.997487
v -1.712587 2.246702 2.053109
v -1.661413 2.179569 2.088074
v -2.152972 2.072028 1.840587
v -2.127779 2.047782 1.925000
v -2.087702 2.009212 1.997487
v -2.035474 1.958947 2.053109
v -1.974652 1.900412 2.088074
v -2.444033 1.719095 1.840587
v -2.415434 1.698979 1.925000
v -2.369940 1.666979 1.997487
v -2.310650 1.625275 2.053109
v -2.241606 1.576711 2.088074
v -2.677809 1.325868 1.840587
v -2.646474 1.310353 1.925000
v -2.596628 1.285673 1.997487
v -2.531668 1.253509 2.053109
v -2.456019 1.216053 2.088074
v -2.848819 0.901563 1.840587
v -2.815483 0.891014 1.925000
v -2.762454 0.874232 1.997487
v -2.693345 0.852361 2.053109
v -2.612865 0.826891 2.088074
v -2.953055 0.456127 1.840587
v -2.918500 0.450790 1.925000
v -2.863530 0.442299 1.997487
v -2.791892 0.431234 2.053109
v -2.708468 0.418349 2.088074
v -2.953055 -0.456127 1.840587
v -2.918500 -0.450790 1.925000
v -2.863530 -0.442299 1.997487
v -2.791892 -0.431234 2.053109
v -2.708468 -0.418349 2.088074
v -2.848819 -0.901563 1.840587
v -2.815483 -0.891014 1.925000
v -2.762454 -0.874232 1.997487
v -2.693345 -0.852361 2.053109
v -2.612865 -0.826891 2.088074
v -2.677809 -1.325868 1.840587
v -2.646474 -1.310353 1.925000
v -2.596628 -1.285673 1.997487
v -2.531668 -1.253509 2.053109
v -2.456019 -1.216053 2.088074
v -2.444033 -1.719095 1.840587
v -2.415434 -1.698979 1.925000
v -2.369940 -1.666979 1.997487
v -2.310650 -1.625275 2.053109
v -2.241606 -1.576711 2.088074
v -2.152972 -2.072028 1.840587
v -2.127779 -2.047782 1.925000
v -2.087702 -2.009212 1.997487
v -2.035474 -1.958947 2.053109
v -1.974652 -1.900412 2.088074
v -1.811446 -2.376394 1.840587
v -1.790250 -2.348586 1.925000
v -1.756530 -2.304351 1.997487
v -1.712587 -2.246702 2.053109
v -1.661413 -2.179569 2.088074
v -1.427462 -2.625060 1.840587
v -1.410759 -2.594342 1.925000
v -1.384187 -2.545478 1.997487
v -1.349558 -2.481797 2.053109
v -1.309233 -2.407639 2.088074
v -1.010019 -2.812196 1.840587
v -0.998201 -2.779289 1.925000
v -0.979400 -2.726941 1.997487
v -0.954898 -2.658721 2.053109
v -0.926365 -2.579276 2.088074
v -0.568903 -2.933417 1.840587
v -0.562246 -2.899092 1.925000
v -0.551656 -2.844487 1.997487
v -0.537855 -2.773326 2.053109
v -0.521783 -2.690457 2.088074
v -0.114451 -2.985881 1.840587
v -0.113112 -2.950942 1.925000
v -0.110982 -2.895361 1.997487
v -0.108205 -2.822927 2.053109
v -0.104972 -2.738576 2.088074
v 0.342683 -2.968359 1.840587
v 0.338673 -2.933625 1.925000
v 0.332294 -2.878370 1.997487
v 0.323981 -2.806361 2.053109
v 0.791784 -2.881261 1.840587
v 0.782519 -2.847546 1.925000
v 0.767781 -2.793912 1.997487
v 0.748573 -2.724016 2.053109
v 0.726205 -2.642620 2.088074
v 1.222327 -2.726628 1.840587
v 1.208024 -2.694723 1.925000
v 1.185271 -2.643968 1.997487
v 1.155619 -2.577823 2.053109
v 1.121088 -2.500795 2.088074
v 1.624220 -2.508086 1.840587
v 1.605214 -2.478738 1.925000
v 1.574980 -2.432051 1.997487
v 1.535578 -2.371207 2.053109
v 1.489694 -2.300354 2.088074
v 1.988042 -2.230756 1.840587
v 1.964779 -2.204653 1.925000
v 1.927773 -2.163129 1.997487
v 1.879545 -2.109013 2.053109
v 1.823383 -2.045994 2.088074
v 2.305267 -1.901140 1.840587
v 2.278292 -1.878893 1.925000
v 2.235380 -1.843504 1.997487
v 2.179457 -1.797385 2.053109
v 2.114333 -1.743678 2.088074
v 2.568458 -1.526962 1.840587
v 2.538403 -1.509094 1.925000
v 2.490592 -1.480670 1.997487
v 2.428284 -1.443628 2.053109
v 2.355725 -1.400491 2.088074
v 2.771446 -1.116993 1.840587
v 2.739016 -1.103923 1.925000
v 2.687427 -1.083130 1.997487
v 2.620194 -1.056033 2.053109
v 2.541901 -1.024478 2.088074
v 2.909474 -0.680843 1.840587
v 2.875429 -0.672876 1.925000
v 2.821270 -0.660203 1.997487
v 2.750690 -0.643686 2.053109
v 2.668497 -0.624452 2.088074
v -3.000000 0.000000 0.550000
v -2.964841 -0.457948 0.550000
v -2.860189 -0.905162 0.550000
v -2.688497 -1.331160 0.550000
v -2.453788 -1.725956 0.550000
v -2.161565 -2.080298 0.550000
v -1.818676 -2.385879 0.550000
v -1.433159 -2.635537 0.550000
v -1.014051 -2.823420 0.550000
v -0.571173 -2.945125 0.550000
v -0.114908 -2.997799 0.550000
v 0.344050 -2.980206 0.550000
v 0.794945 -2.892760 0.550000
v 1.227206 -2.737511 0.550000
v 1.630703 -2.518096 0.550000
v 1.995977 -2.239660 0.550000
v 2.314468 -1.908727 0.550000
v 2.578709 -1.533056 0.550000
v 2.782507 -1.121451 0.550000
v 2.921086 -0.683561 0.550000
v 2.991197 -0.229648 0.550000
v 2.991197 0.229648 0.550000
v 2.921086 0.683561 0.550000
v 2.782507 1.121451 0.550000
v 2.578709 1.533056 0.550000
v 2.314468 1.908727 0.550000
v 1.995977 2.239660 0.550000
v 1.630703 2.518096 0.550000
v 1.227206 2.737511 0.550000
v 0.794945 2.892760 0.550000
v 0.344050 2.980206 0.550000
v -0.114908 2.997799 0.550000
v -0.571173 2.945125 0.550000
v -1.014051 2.823420 0.550000
v -1.433159 2.635537 0.550000
v -1.818676 2.385879 0.550000
v -2.161565 2.080298 0.550000
v -2.453788 1.725956 0.550000
v -2.688497 1.331160 0.550000
v -2.860189 0.905162 0.550000
v -2.964841 0.457948 0.550000
v 2.875000 0.000000 0.554689
v 2.839604 0.449749 0.554689
v 2.734287 0.888424 0.554689
v 2.561644 1.305223 0.554689
v 2.325924 1.689883 0.554689
v 2.032932 2.032932 0.554689
v 1.689883 2.325924 0.554689
v 1.305223 2.561644 0.554689
v 0.888424 2.734287 0.554689
v 0.449749 2.839604 0.554689
v 0.000000 2.875000 0.554689
v -0.449749 2.839604 0.554689
v -0.888424 2.734287 0.554689
v -1.305223 2.561644 0.554689
v -1.689883 2.325924 0.554689
v -2.032932 2.032932 0.554689
v -2.325924 1.689883 0.554689
v -2.561644 1.305223 0.554689
v -2.734287 0.888424 0.554689
v -2.839604 0.449749 0.554689
v -2.875000 0.000000 0.554689
v -2.839604 -0.449749 0.554689
v -2.734287 -0.888424 0.554689
v -2.561644 -1.305223 0.554689
v -2.325924 -1.689883 0.554689
v -2.032932 -2.032932 0.554689
v -1.689883 -2.325924 0.554689
v -1.305223 -2.561644 0.554689
v -0.888424 -2.734287 0.554689
v -0.449749 -2.839604 0.554689
v 0.000000 -2.875000 0.554689
v 0.449749 -2.839604 0.554689
v 0.888424 -2.734287 0.554689
v 1.305223 -2.561644 0.554689
v 1.689883 -2.325924 0.554689
v 2.032932 -2.032932 0.554689
v 2.325924 -1.689883 0.554689
v 2.561644 -1.305223 0.554689
v 2.734287 -0.888424 0.554689
v 2.839604 -0.449749 0.554689
v 2.895000 0.000000 0.550000
v 2.859358 -0.452878 0.550000
v 2.753309 -0.894604 0.550000
v 2.579464 -1.314302 0.550000
v 2.342104 -1.701638 0.550000
v 2.047074 -2.047074 0.550000
v 1.701638 -2.342104 0.550000
v 1.314302 -2.579464 0.550000
v 0.894604 -2.753309 0.550000
v 0.452878 -2.859358 0.550000
v 0.000000 -2.895000 0.550000
v -0.452878 -2.859358 0.550000
v -0.894604 -2.753309 0.550000
v -1.314302 -2.579464 0.550000
v -1.701638 -2.342104 0.550000
v -2.047074 -2.047074 0.550000
v -2.342104 -1.701638 0.550000
v -2.579464 -1.314302 0.550000
v -2.753309 -0.894604 0.550000
v -2.859358 -0.452878 0.550000
v -2.895000 0.000000 0.550000
v -2.859358 0.452878 0.550000
v -2.753309 0.894604 0.550000
v -2.579464 1.314302 0.550000
v -2.342104 1.701638 0.550000
v -2.047074 2.047074 0.550000
v -1.701638 2.342104 0.550000
v -1.314302 2.579464 0.550000
v -0.894604 2.753309 0.550000
v -0.452878 2.859358 0.550000
v 0.000000 2.895000 0.550000
v 0.452878 2.859358 0.550000
v 0.894604 2.753309 0.550000
v 1.314302 2.579464 0.550000
v 1.701638 2.342104 0.550000
v 2.047074 2.047074 0.550000
v 2.342104 1.701638 0.550000
v 2.579464 1.314302 0.550000
v 2.753309 0.894604 0.550000
v 2.859358 0.452878 0.550000
v -2.884729 0.000000 0.551188
v -2.876467 -0.218168 0.551188
v -2.810657 -0.649514 0.551188
v -2.680542 -1.065999 0.551188
v -2.489100 -1.458096 0.551188
v -2.240710 -1.816833 0.551188
v -1.941055 -2.134003 0.551188
v -1.596991 -2.402349 0.551188
v -1.015081 -2.700235 0.551188
v -0.596208 -2.822445 0.551188
v -0.163695 -2.880081 0.551188
v 0.272564 -2.871823 0.551188
v 0.702587 -2.797862 0.551188
v 1.116535 -2.659889 0.551188
v 1.504939 -2.461061 0.551188
v 1.858911 -2.205926 0.551188
v 2.170353 -1.900323 0.551188
v 2.432140 -1.551242 0.551188
v 2.638283 -1.166671 0.551188
v 2.784065 -0.755408 0.551188
v 2.866151 -0.326862 0.551188
v 2.866151 0.326862 0.551188
v 2.784065 0.755408 0.551188
v 2.638283 1.166671 0.551188
v 2.432140 1.551242 0.551188
v 2.170353 1.900323 0.551188
v 1.858911 2.205926 0.551188
v 1.504939 2.461061 0.551188
v 1.116535 2.659889 0.551188
v 0.702587 2.797862 0.551188
v 0.272564 2.871823 0.551188
v -0.163695 2.880081 0.551188
v -0.596208 2.822445 0.551188
v -1.015081 2.700235 0.551188
v -1.596991 2.402349 0.551188
v -1.941055 2.134003 0.551188
v -2.240710 1.816833 0.551188
v -2.489100 1.458096 0.551188
v -2.680542 1.065999 0.551188
v -2.810657 0.649514 0.551188
v -2.876467 0.218168 0.551188
v 2.882663 0.109162 0.551188
v 2.882663 -0.109162 0.551188
v 2.833222 0.542689 0.551188
v 2.718961 0.963800 0.551188
v 2.542493 1.362860 0.551188
v 2.307856 1.730740 0.551188
v 2.020418 2.059022 0.551188
v 1.686755 2.340196 0.551188
v 1.314502 2.567829 0.551188
v 0.912173 2.736713 0.551188
v 0.488976 2.842985 0.551188
v 0.054591 2.884212 0.551188
v -0.381043 2.859452 0.551188
v -0.807959 2.769271 0.551188
v -1.410730 2.516247 0.551188
v -1.216390 2.615733 0.551188
v -1.774104 2.274690 0.551188
v -2.096888 1.981091 0.551188
v -2.371697 1.642167 0.551188
v -2.592245 1.265672 0.551188
v -2.753485 0.860220 0.551188
v -2.851729 0.435087 0.551188
v -2.851729 -0.435087 0.551188
v -2.753485 -0.860220 0.551188
v -2.592245 -1.265672 0.551188
v -2.371697 -1.642167 0.551188
v -2.096888 -1.981091 0.551188
v -1.774104 -2.274690 0.551188
v -1.216390 -2.615733 0.551188
v -1.410730 -2.516247 0.551188
v -0.807959 -2.769271 0.551188
v -0.381043 -2.859452 0.551188
v 0.054591 -2.884212 0.551188
v 0.488976 -2.842985 0.551188
v 0.912173 -2.736713 0.551188
v 1.314502 -2.567829 0.551188
v 1.686755 -2.340196 0.551188
v 2.020418 -2.059022 0.551188
v 2.307856 -1.730740 0.551188
v 2.542493 -1.362860 0.551188
v 2.718961 -0.963800 0.551188
v 2.833222 -0.542689 0.551188
v 2.880000 0.000000 0.700000
v 2.844542 0.450531 0.700000
v 2.739043 0.889969 0.700000
v 2.566099 1.307493 0.700000
v 2.329969 1.692821 0.700000
v 2.036467 2.036467 0.700000
v 1.692821 2.329969 0.700000
v 1.307493 2.566099 0.700000
v 0.889969 2.739043 0.700000
v 0.450531 2.844542 0.700000
v 0.000000 2.880000 0.700000
v -0.450531 2.844542 0.700000
v -0.889969 2.739043 0.700000
v -1.307493 2.566099 0.700000
v -1.692821 2.329969 0.700000
v -2.036467 2.036467 0.700000
v -2.329969 1.692821 0.700000
v -2.566099 1.307493 0.700000
v -2.739043 0.889969 0.700000
v -2.844542 0.450531 0.700000
v -2.880000 0.000000 0.700000
v -2.844542 -0.450531 0.700000
v -2.739043 -0.889969 0.700000
v -2.566099 -1.307493 0.700000
v -2.329969 -1.692821 0.700000
v -2.036467 -2.036467 0.700000
v -1.692821 -2.329969 0.700000
v -1.307493 -2.566099 0.700000
v -0.889969 -2.739043 0.700000
v -0.450531 -2.844542 0.700000
v 0.000000 -2.880000 0.700000
v 0.450531 -2.844542 0.700000
v 0.889969 -2.739043 0.700000
v 1.307493 -2.566099 0.700000
v 1.692821 -2.329969 0.700000
v 2.036467 -2.036467 0.700000
v 2.329969 -1.692821 0.700000
v 2.566099 -1.307493 0.700000
v 2.739043 -0.889969 0.700000
v 2.844542 -0.450531 0.700000
v 2.875000 0.000000 0.178133
v 2.839604 -0.449749 0.178134
v 2.734287 -0.888424 0.178134
v 2.561644 -1.305223 0.178134
v 2.325924 -1.689883 0.178134
v 2.032932 -2.032932 0.178134
v 1.689883 -2.325924 0.178134
v 1.305223 -2.561644 0.178134
v 0.888424 -2.734287 0.178134
v 0.449749 -2.839604 0.178134
v 0.000000 -2.875000 0.178134
v -0.449749 -2.839604 0.178134
v -0.888424 -2.734287 0.178134
v -1.305223 -2.561644 0.178134
v -1.689883 -2.325924 0.178134
v -2.032932 -2.032932 0.178134
v -2.325924 -1.689883 0.178134
v -2.561644 -1.305223 0.178134
v -2.734287 -0.888424 0.178134
v -2.839604 -0.449749 0.178134
v -2.875000 0.000000 0.178133
v -2.839604 0.449749 0.178133
v -2.734287 0.888424 0.178133
v -2.561644 1.305223 0.178133
v -2.325924 1.689883 0.178133
v -2.032932 2.032932 0.178133
v -1.689883 2.325924 0.178133
v -1.305223 2.561644 0.178133
v -0.888424 2.734287 0.178133
v -0.449749 2.839604 0.178133
v 0.000000 2.875000 0.178133
v 0.449749 2.839604 0.178133
v 0.888424 2.734287 0.178133
v 1.305223 2.561644 0.178133
v 1.689883 2.325924 0.178133
v 2.032932 2.032932 0.178133
v 2.325924 1.689883 0.178133
v 2.561644 1.305223 0.178133
v 2.734287 0.888424 0.178133
v 2.839604 0.449749 0.178133
v 2.900000 0.000000 0.700000
v 2.864296 0.453660 0.700000
v 2.758064 0.896149 0.700000
v 2.583919 1.316572 0.700000
v 2.346149 1.704577 0.700000
v 2.050610 2.050610 0.700000
v 1.704577 2.346149 0.700000
v 1.316572 2.583919 0.700000
v 0.896149 2.758064 0.700000
v 0.453660 2.864296 0.700000
v 0.000000 2.900000 0.700000
v -0.453660 2.864296 0.700000
v -0.896149 2.758064 0.700000
v -1.316572 2.583919 0.700000
v -1.704577 2.346149 0.700000
v -2.050610 2.050610 0.700000
v -2.346149 1.704577 0.700000
v -2.583919 1.316572 0.700000
v -2.758064 0.896149 0.700000
v -2.864296 0.453660 0.700000
v -2.900000 0.000000 0.700000
v -2.864296 -0.453660 0.700000
v -2.758064 -0.896149 0.700000
v -2.583919 -1.316572 0.700000
v -2.346149 -1.704577 0.700000
v -2.050610 -2.050610 0.700000
v -1.704577 -2.346149 0.700000
v -1.316572 -2.583919 0.700000
v -0.896149 -2.758064 0.700000
v -0.453660 -2.864296 0.700000
v 0.000000 -2.900000 0.700000
v 0.453660 -2.864296 0.700000
v 0.896149 -2.758064 0.700000
v 1.316572 -2.583919 0.700000
v 1.704577 -2.346149 0.700000
v 2.050610 -2.050610 0.700000
v 2.346149 -1.704577 0.700000
v 2.583919 -1.316572 0.700000
v 2.758064 -0.896149 0.700000
v 2.864296 -0.453660 0.700000
v 2.910000 0.000000 0.710000
v 2.874173 0.455224 0.710000
v 2.767574 0.899239 0.710000
v 2.592829 1.321112 0.710000
v 2.354239 1.710455 0.710000
v 2.057681 2.057681 0.710000
v 1.710455 2.354239 0.710000
v 1.321112 2.592829 0.710000
v 0.899239 2.767574 0.710000
v 0.455224 2.874173 0.710000
v 0.000000 2.910000 0.710000
v -0.455224 2.874173 0.710000
v -0.899239 2.767574 0.710000
v -1.321112 2.592829 0.710000
v -1.710455 2.354239 0.710000
v -2.057681 2.057681 0.710000
v -2.354239 1.710455 0.710000
v -2.592829 1.321112 0.710000
v -2.767574 0.899239 0.710000
v -2.874173 0.455224 0.710000
v -2.910000 0.000000 0.710000
v -2.874173 -0.455224 0.710000
v -2.767574 -0.899239 0.710000
v -2.592829 -1.321112 0.710000
v -2.354239 -1.710455 0.710000
v -2.057681 -2.057681 0.710000
v -1.710455 -2.354239 0.710000
v -1.321112 -2.592829 0.710000
v -0.899239 -2.767574 0.710000
v -0.455224 -2.874173 0.710000
v 0.000000 -2.910000 0.710000
v 0.455224 -2.874173 0.710000
v 0.899239 -2.767574 0.710000
v 1.321112 -2.592829 0.710000
v 1.710455 -2.354239 0.710000
v 2.057681 -2.057681 0.710000
v 2.354239 -1.710455 0.710000
v 2.592829 -1.321112 0.710000
v 2.767574 -0.899239 0.710000
v 2.874173 -0.455224 0.710000
v -2.902588 0.000000 0.700341
v -2.905000 0.000000 0.701340
v -2.907071 0.000000 0.702929
v -2.908660 0.000000 0.705000
v -2.909659 0.000000 0.707412
v -2.900419 -0.112203 0.700341
v -2.889038 -0.280140 0.700341
v -2.900963 -0.224784 0.707412
v -2.883056 -0.392564 0.707412
v -2.848513 -0.557665 0.700341
v -2.811398 -0.721844 0.700341
v -2.831709 -0.668986 0.707412
v -2.788169 -0.832004 0.707412
v -2.728605 -0.989814 0.700341
v -2.666642 -1.146316 0.700341
v -2.694853 -1.097217 0.707412
v -2.626720 -1.251583 0.707412
v -2.543557 -1.398332 0.700341
v -2.458225 -1.543421 0.700341
v -2.493662 -1.499255 0.707412
v -2.402563 -1.641282 0.707412
v -2.297787 -1.773469 0.700341
v -2.191122 -1.903681 0.700341
v -2.232941 -1.865501 0.707412
v -2.121050 -1.991799 0.707412
v -1.997162 -2.106268 0.700341
v -1.871711 -2.218494 0.700341
v -1.918912 -2.187211 0.707412
v -1.788901 -2.294765 0.707412
v -1.648858 -2.388783 0.700341
v -1.507617 -2.480344 0.700341
v -1.559073 -2.456707 0.707412
v -1.414046 -2.542949 0.707412
v -1.261191 -2.614271 0.700341
v -1.107531 -2.682982 0.700341
v -1.162015 -2.667553 0.707412
v -1.005433 -2.730425 0.707412
v -0.789567 -2.793135 0.700341
v -0.626333 -2.834206 0.700341
v -0.682665 -2.828442 0.707412
v -0.517563 -2.863258 0.707412
v -0.349868 -2.881425 0.700341
v -0.182255 -2.896861 0.700341
v -0.238802 -2.899843 0.707412
v -0.070308 -2.908810 0.707412
v 0.098183 -2.900927 0.700341
v 0.266174 -2.890358 0.700341
v 0.210761 -2.902016 0.707412
v 0.378625 -2.884919 0.707412
v 0.543891 -2.851175 0.700341
v 0.708248 -2.814854 0.700341
v 0.655292 -2.834909 0.707412
v 0.818519 -2.792157 0.707412
v 0.976614 -2.733357 0.700341
v 1.133414 -2.672151 0.700341
v 1.084180 -2.700124 0.707412
v 1.238873 -2.632738 0.707412
v 1.386023 -2.550286 0.700341
v 1.531522 -2.465656 0.700341
v 1.487185 -2.500879 0.707412
v 1.629651 -2.410468 0.707412
v 1.762343 -2.306332 0.700341
v 1.893069 -2.200298 0.700341
v 1.854687 -2.241931 0.707412
v 1.981524 -2.130652 0.707412
v 2.096590 -2.007318 0.700341
v 2.209421 -1.882412 0.700341
v 2.177911 -1.929461 0.707412
v 2.286093 -1.799972 0.707412
v 2.412439 -1.614049 0.700341
v 2.501943 -1.471496 0.700341
v 2.479054 -1.523289 0.707412
v 2.563184 -1.377027 0.707412
v 2.632283 -1.223154 0.700341
v 2.698758 -1.068514 0.700341
v 2.684121 -1.123215 0.707412
v 2.744716 -0.965739 0.707412
v 2.789286 -0.803058 0.700341
v 2.831146 -0.640024 0.700341
v 2.825110 -0.696327 0.707412
v 2.860723 -0.531396 0.707412
v 2.879700 -0.363791 0.700341
v 2.895946 -0.196254 0.700341
v 2.898655 -0.252815 0.707412
v 2.908436 -0.084366 0.707412
v 2.901368 0.084161 0.700341
v 2.891611 0.252201 0.700341
v 2.903001 0.196732 0.707412
v 2.886716 0.364677 0.707412
v 2.853771 0.530104 0.700341
v 2.818244 0.694635 0.700341
v 2.838043 0.641583 0.707412
v 2.796081 0.805014 0.707412
v 2.738046 0.963392 0.700341
v 2.677598 1.120486 0.700341
v 2.705333 1.071117 0.707412
v 2.638695 1.226134 0.707412
v 2.556955 1.373680 0.700341
v 2.473029 1.519587 0.700341
v 2.508038 1.475080 0.707412
v 2.418316 1.617981 0.707412
v 2.280537 1.795597 0.700341
v 2.172618 1.924772 0.700341
v 2.214804 1.886998 0.707412
v 2.101698 2.012208 0.707412
v 1.976709 2.125474 0.700341
v 1.850179 2.236483 0.700341
v 1.897680 2.205658 0.707412
v 1.766636 2.311950 0.707412
v 1.625690 2.404610 0.700341
v 1.483571 2.494802 0.700341
v 1.535253 2.471662 0.707412
v 1.389399 2.556499 0.707412
v 1.235862 2.626340 0.700341
v 1.081545 2.693562 0.700341
v 1.136175 2.678661 0.707412
v 0.978993 2.740016 0.707412
v 0.816530 2.785372 0.700341
v 0.653700 2.828020 0.700341
v 0.709973 2.821711 0.707412
v 0.545216 2.858121 0.707412
v 0.377705 2.877908 0.700341
v 0.210248 2.894963 0.700341
v 0.266822 2.897399 0.707412
v 0.098422 2.907994 0.707412
v -0.070137 2.901741 0.700341
v -0.238222 2.892796 0.700341
v -0.182699 2.903918 0.707412
v -0.350721 2.888445 0.707412
v -0.516305 2.856300 0.700341
v -0.681006 2.821569 0.700341
v -0.627858 2.841111 0.707412
v -0.791491 2.799939 0.707412
v -1.002990 2.723789 0.700341
v -1.159191 2.661070 0.700341
v -1.110229 2.689518 0.707412
v -1.264264 2.620640 0.707412
v -1.410610 2.536769 0.700341
v -1.555284 2.450736 0.700341
v -1.511290 2.486387 0.707412
v -1.652875 2.394603 0.707412
v -1.784554 2.289189 0.700341
v -1.914249 2.181896 0.700341
v -1.876271 2.223898 0.707412
v -2.002027 2.111399 0.707412
v -2.115896 1.986958 0.700341
v -2.227514 1.860967 0.700341
v -2.196460 1.908318 0.707412
v -2.303385 1.777789 0.707412
v -2.396725 1.637293 0.700341
v -2.487602 1.495611 0.700341
v -2.464213 1.547181 0.707412
v -2.549754 1.401739 0.707412
v -2.620336 1.248541 0.700341
v -2.688304 1.094551 0.700341
v -2.673138 1.149108 0.707412
v -2.735253 0.992225 0.707412
v -2.781393 0.829983 0.700341
v -2.824827 0.667360 0.700341
v -2.818247 0.723603 0.707412
v -2.855453 0.559023 0.707412
v -2.876049 0.391610 0.700341
v -2.893913 0.224238 0.700341
v -2.896076 0.280823 0.707412
v -2.907484 0.112476 0.707412
v 2.902453 -0.028057 0.700341
v 2.904864 -0.028081 0.701340
v 2.906935 -0.028101 0.702929
v 2.908524 -0.028116 0.705000
v 2.909523 -0.028126 0.707412
v 2.909523 0.028126 0.707412
v 2.908524 0.028116 0.705000
v 2.906935 0.028101 0.702929
v 2.904864 0.028081 0.701340
v 2.902453 0.028057 0.700341
v 2.863485 -0.474837 0.700341
v 2.865865 -0.475231 0.701340
v 2.867908 -0.475570 0.702929
v 2.869476 -0.475830 0.705000
v 2.870461 -0.475994 0.707412
v 2.879126 -0.420414 0.707412
v 2.878138 -0.420270 0.705000
v 2.876565 -0.420040 0.702929
v 2.874516 -0.419741 0.701340
v 2.872130 -0.419392 0.700341
v 2.756158 -0.910281 0.700341
v 2.758448 -0.911037 0.701340
v 2.760415 -0.911687 0.702929
v 2.761924 -0.912185 0.705000
v 2.762872 -0.912498 0.707412
v 2.779996 -0.858917 0.707412
v 2.779042 -0.858622 0.705000
v 2.777523 -0.858153 0.702929
v 2.775545 -0.857541 0.701340
v 2.773240 -0.856830 0.700341
v 2.583033 -1.323993 0.700341
v 2.585179 -1.325094 0.701340
v 2.587022 -1.326038 0.702929
v 2.588436 -1.326763 0.705000
v 2.589326 -1.327219 0.707412
v 2.614499 -1.276915 0.707412
v 2.613601 -1.276476 0.705000
v 2.612173 -1.275779 0.702929
v 2.610312 -1.274870 0.701340
v 2.608145 -1.273812 0.700341
v 2.314823 -1.751175 0.700341
v 2.316746 -1.752630 0.701340
v 2.318398 -1.753880 0.702929
v 2.319665 -1.754839 0.705000
v 2.320462 -1.755441 0.707412
v 2.353964 -1.710255 0.707412
v 2.353156 -1.709668 0.705000
v 2.351870 -1.708733 0.702929
v 2.350194 -1.707516 0.701340
v 2.348243 -1.706098 0.700341
v 2.017428 -2.086864 0.700341
v 2.019104 -2.088598 0.701340
v 2.020544 -2.090087 0.702929
v 2.021648 -2.091230 0.705000
v 2.022343 -2.091948 0.707412
v 2.062406 -2.052462 0.707412
v 2.061698 -2.051757 0.705000
v 2.060571 -2.050636 0.702929
v 2.059103 -2.049175 0.701340
v 2.057394 -2.047474 0.700341
v 1.671872 -2.372733 0.700341
v 1.673261 -2.374705 0.701340
v 1.674454 -2.376398 0.702929
v 1.675369 -2.377697 0.705000
v 1.675945 -2.378514 0.707412
v 1.721612 -2.345670 0.707412
v 1.721021 -2.344865 0.705000
v 1.720081 -2.343584 0.702929
v 1.718855 -2.341914 0.701340
v 1.717428 -2.339970 0.700341
v 1.286403 -2.601958 0.700341
v 1.287471 -2.604120 0.701340
v 1.288389 -2.605977 0.702929
v 1.289094 -2.607401 0.705000
v 1.289536 -2.608297 0.707412
v 1.339718 -2.582881 0.707412
v 1.339258 -2.581994 0.705000
v 1.338526 -2.580583 0.702929
v 1.337573 -2.578745 0.701340
v 1.336462 -2.576604 0.700341
v 0.870223 -2.769067 0.700341
v 0.870946 -2.771367 0.701340
v 0.871567 -2.773343 0.702929
v 0.872044 -2.774859 0.705000
v 0.872343 -2.775812 0.707412
v 0.925841 -2.758430 0.707412
v 0.925523 -2.757483 0.705000
v 0.925018 -2.755976 0.702929
v 0.924359 -2.754013 0.701340
v 0.923591 -2.751726 0.700341
v 0.433269 -2.870069 0.700341
v 0.433629 -2.872454 0.701340
v 0.433938 -2.874502 0.702929
v 0.434175 -2.876073 0.705000
v 0.434324 -2.877061 0.707412
v 0.489862 -2.868127 0.707412
v 0.489693 -2.867142 0.705000
v 0.489426 -2.865576 0.702929
v 0.489077 -2.863534 0.701340
v 0.488671 -2.861157 0.700341
v -0.014029 -2.902554 0.700341
v -0.014040 -2.904966 0.701340
v -0.014050 -2.907037 0.702929
v -0.014058 -2.908626 0.705000
v -0.014063 -2.909625 0.707412
v 0.042188 -2.909353 0.707412
v 0.042173 -2.908354 0.705000
v 0.042150 -2.906765 0.702929
v 0.042120 -2.904695 0.701340
v 0.042085 -2.902283 0.700341
v -0.460992 -2.865747 0.700341
v -0.461375 -2.868128 0.701340
v -0.461704 -2.870173 0.702929
v -0.461956 -2.871742 0.705000
v -0.462115 -2.872728 0.707412
v -0.406494 -2.881125 0.707412
v -0.406354 -2.880136 0.705000
v -0.406132 -2.878562 0.702929
v -0.405843 -2.876511 0.701340
v -0.405506 -2.874123 0.700341
v -0.950147 -2.742670 0.700341
v -0.950937 -2.744949 0.701340
v -0.951614 -2.746906 0.702929
v -0.952135 -2.748407 0.705000
v -0.952462 -2.749351 0.707412
v -0.899134 -2.767250 0.707412
v -0.898825 -2.766300 0.705000
v -0.898334 -2.764789 0.702929
v -0.897694 -2.762819 0.701340
v -0.896949 -2.760525 0.700341
v -1.361306 -2.563565 0.700341
v -1.362437 -2.565695 0.701340
v -1.363409 -2.567524 0.702929
v -1.364154 -2.568927 0.705000
v -1.364622 -2.569810 0.707412
v -1.314689 -2.595710 0.707412
v -1.314237 -2.594819 0.705000
v -1.313519 -2.593401 0.702929
v -1.312583 -2.591553 0.701340
v -1.311494 -2.589402 0.700341
v -1.739967 -2.323259 0.700341
v -1.741412 -2.325190 0.701340
v -1.742654 -2.326847 0.702929
v -1.743607 -2.328119 0.705000
v -1.744205 -2.328919 0.707412
v -1.698858 -2.362202 0.707412
v -1.698274 -2.361391 0.705000
v -1.697346 -2.360101 0.702929
v -1.696137 -2.358420 0.701340
v -1.694729 -2.356462 0.700341
v -2.077089 -2.027491 0.700341
v -2.078815 -2.029175 0.701340
v -2.080297 -2.030622 0.702929
v -2.081434 -2.031732 0.705000
v -2.082149 -2.032430 0.707412
v -2.042470 -2.072302 0.707412
v -2.041768 -2.071590 0.705000
v -2.040653 -2.070458 0.702929
v -2.039199 -2.068983 0.701340
v -2.037506 -2.067266 0.700341
v -2.364625 -1.683320 0.700341
v -2.366590 -1.684719 0.701340
v -2.368277 -1.685920 0.702929
v -2.369572 -1.686841 0.705000
v -2.370386 -1.687421 0.707412
v -2.337322 -1.732929 0.707412
v -2.336519 -1.732334 0.705000
v -2.335243 -1.731387 0.702929
v -2.333579 -1.730154 0.701340
v -2.331642 -1.728718 0.700341
v -2.595710 -1.298963 0.700341
v -2.597867 -1.300043 0.701340
v -2.599719 -1.300969 0.702929
v -2.601140 -1.301681 0.705000
v -2.602034 -1.302128 0.707412
v -2.576375 -1.352186 0.707412
v -2.575491 -1.351722 0.705000
v -2.574084 -1.350983 0.702929
v -2.572250 -1.350021 0.701340
v -2.570114 -1.348900 0.700341
v -2.764828 -0.883596 0.700341
v -2.767126 -0.884331 0.701340
v -2.769098 -0.884961 0.702929
v -2.770612 -0.885445 0.705000
v -2.771564 -0.885749 0.707412
v -2.753923 -0.939162 0.707412
v -2.752977 -0.938840 0.705000
v -2.751473 -0.938327 0.702929
v -2.749513 -0.937659 0.701340
v -2.747230 -0.936880 0.700341
v -2.867941 -0.447135 0.700341
v -2.870324 -0.447507 0.701340
v -2.872371 -0.447826 0.702929
v -2.873941 -0.448071 0.705000
v -2.874928 -0.448225 0.707412
v -2.865726 -0.503718 0.707412
v -2.864742 -0.503545 0.705000
v -2.863177 -0.503270 0.702929
v -2.861137 -0.502912 0.701340
v -2.858762 -0.502494 0.700341
v -2.902046 0.056112 0.700341
v -2.904457 0.056159 0.701340
v -2.906528 0.056199 0.702929
v -2.908117 0.056229 0.705000
v -2.909115 0.056249 0.707412
v -2.858762 0.502494 0.700341
v -2.861137 0.502912 0.701340
v -2.863177 0.503270 0.702929
v -2.864742 0.503545 0.705000
v -2.865726 0.503718 0.707412
v -2.874928 0.448225 0.707412
v -2.873941 0.448071 0.705000
v -2.872371 0.447826 0.702929
v -2.870324 0.447507 0.701340
v -2.867941 0.447135 0.700341
v -2.747230 0.936880 0.700341
v -2.749513 0.937659 0.701340
v -2.751473 0.938327 0.702929
v -2.752977 0.938840 0.705000
v -2.753923 0.939162 0.707412
v -2.771564 0.885749 0.707412
v -2.770612 0.885445 0.705000
v -2.769098 0.884961 0.702929
v -2.767126 0.884331 0.701340
v -2.764828 0.883596 0.700341
v -2.570114 1.348900 0.700341
v -2.572250 1.350021 0.701340
v -2.574084 1.350983 0.702929
v -2.575491 1.351722 0.705000
v -2.576375 1.352186 0.707412
v -2.602034 1.302128 0.707412
v -2.601140 1.301681 0.705000
v -2.599719 1.300969 0.702929
v -2.597867 1.300043 0.701340
v -2.595710 1.298963 0.700341
v -2.331642 1.728718 0.700341
v -2.333579 1.730154 0.701340
v -2.335243 1.731387 0.702929
v -2.336519 1.732334 0.705000
v -2.337322 1.732929 0.707412
v -2.370386 1.687421 0.707412
v -2.369572 1.686841 0.705000
v -2.368277 1.685920 0.702929
v -2.366590 1.684719 0.701340
v -2.364625 1.683320 0.700341
v -2.037506 2.067266 0.700341
v -2.039199 2.068983 0.701340
v -2.040653 2.070458 0.702929
v -2.041768 2.071590 0.705000
v -2.042470 2.072302 0.707412
v -2.082149 2.032430 0.707412
v -2.081434 2.031732 0.705000
v -2.080297 2.030622 0.702929
v -2.078815 2.029175 0.701340
v -2.077089 2.027491 0.700341
v -1.694729 2.356462 0.700341
v -1.696137 2.358420 0.701340
v -1.697346 2.360101 0.702929
v -1.698274 2.361391 0.705000
v -1.698858 2.362202 0.707412
v -1.744205 2.328919 0.707412
v -1.743607 2.328119 0.705000
v -1.742654 2.326847 0.702929
v -1.741412 2.325190 0.701340
v -1.739967 2.323259 0.700341
v -1.311494 2.589402 0.700341
v -1.312583 2.591553 0.701340
v -1.313519 2.593401 0.702929
v -1.314237 2.594819 0.705000
v -1.314689 2.595710 0.707412
v -1.364622 2.569810 0.707412
v -1.364154 2.568927 0.705000
v -1.363409 2.567524 0.702929
v -1.362437 2.565695 0.701340
v -1.361306 2.563565 0.700341
v -0.843416 2.777349 0.700341
v -0.844117 2.779657 0.701340
v -0.844718 2.781638 0.702929
v -0.845180 2.783159 0.705000
v -0.845471 2.784115 0.707412
v -0.899134 2.767250 0.707412
v -0.898825 2.766300 0.705000
v -0.898334 2.764789 0.702929
v -0.897694 2.762819 0.701340
v -0.896949 2.760525 0.700341
v -0.405506 2.874123 0.700341
v -0.405843 2.876511 0.701340
v -0.406132 2.878562 0.702929
v -0.406354 2.880136 0.705000
v -0.406494 2.881125 0.707412
v -0.462115 2.872728 0.707412
v -0.461956 2.871742 0.705000
v -0.461704 2.870173 0.702929
v -0.461375 2.868128 0.701340
v -0.460992 2.865747 0.700341
v 0.042085 2.902283 0.700341
v 0.042120 2.904695 0.701340
v 0.042150 2.906765 0.702929
v 0.042173 2.908354 0.705000
v 0.042188 2.909353 0.707412
v -0.014063 2.909625 0.707412
v -0.014058 2.908626 0.705000
v -0.014050 2.907037 0.702929
v -0.014040 2.904966 0.701340
v -0.014029 2.902554 0.700341
v 0.488671 2.861157 0.700341
v 0.489077 2.863534 0.701340
v 0.489426 2.865576 0.702929
v 0.489693 2.867142 0.705000
v 0.489862 2.868127 0.707412
v 0.434324 2.877061 0.707412
v 0.434175 2.876073 0.705000
v 0.433938 2.874502 0.702929
v 0.433629 2.872454 0.701340
v 0.433269 2.870069 0.700341
v 0.923591 2.751726 0.700341
v 0.924359 2.754013 0.701340
v 0.925018 2.755976 0.702929
v 0.925523 2.757483 0.705000
v 0.925841 2.758430 0.707412
v 0.872343 2.775812 0.707412
v 0.872044 2.774859 0.705000
v 0.871567 2.773343 0.702929
v 0.870946 2.771367 0.701340
v 0.870223 2.769067 0.700341
v 1.336462 2.576604 0.700341
v 1.337573 2.578745 0.701340
v 1.338526 2.580583 0.702929
v 1.339258 2.581994 0.705000
v 1.339718 2.582881 0.707412
v 1.289536 2.608297 0.707412
v 1.289094 2.607401 0.705000
v 1.288389 2.605977 0.702929
v 1.287471 2.604120 0.701340
v 1.286403 2.601958 0.700341
v 1.717428 2.339970 0.700341
v 1.718855 2.341914 0.701340
v 1.720081 2.343584 0.702929
v 1.721021 2.344865 0.705000
v 1.721612 2.345670 0.707412
v 1.675945 2.378514 0.707412
v 1.675369 2.377697 0.705000
v 1.674454 2.376398 0.702929
v 1.673261 2.374705 0.701340
v 1.671872 2.372733 0.700341
v 2.057394 2.047474 0.700341
v 2.059103 2.049175 0.701340
v 2.060571 2.050636 0.702929
v 2.061698 2.051757 0.705000
v 2.062406 2.052462 0.707412
v 2.022343 2.091948 0.707412
v 2.021648 2.091230 0.705000
v 2.020544 2.090087 0.702929
v 2.019104 2.088598 0.701340
v 2.017428 2.086864 0.700341
v 2.380786 1.660384 0.700341
v 2.382764 1.661764 0.701340
v 2.384463 1.662949 0.702929
v 2.385767 1.663858 0.705000
v 2.386586 1.664429 0.707412
v 2.353964 1.710255 0.707412
v 2.353156 1.709668 0.705000
v 2.351870 1.708733 0.702929
v 2.350194 1.707516 0.701340
v 2.348243 1.706098 0.700341
v 2.608145 1.273812 0.700341
v 2.610312 1.274870 0.701340
v 2.612173 1.275779 0.702929
v 2.613601 1.276476 0.705000
v 2.614499 1.276915 0.707412
v 2.589326 1.327219 0.707412
v 2.588436 1.326763 0.705000
v 2.587022 1.326038 0.702929
v 2.585179 1.325094 0.701340
v 2.583033 1.323993 0.700341
v 2.773240 0.856830 0.700341
v 2.775545 0.857541 0.701340
v 2.777523 0.858153 0.702929
v 2.779042 0.858622 0.705000
v 2.779996 0.858917 0.707412
v 2.762872 0.912498 0.707412
v 2.761924 0.912185 0.705000
v 2.760415 0.911687 0.702929
v 2.758448 0.911037 0.701340
v 2.756158 0.910281 0.700341
v 2.872130 0.419392 0.700341
v 2.874516 0.419741 0.701340
v 2.876565 0.420040 0.702929
v 2.878138 0.420270 0.705000
v 2.879126 0.420414 0.707412
v 2.870461 0.475994 0.707412
v 2.869476 0.475830 0.705000
v 2.867908 0.475570 0.702929
v 2.865865 0.475231 0.701340
v 2.863485 0.474837 0.700341
v 2.320462 1.755441 0.707412
v 2.319665 1.754839 0.705000
v 2.318398 1.753880 0.702929
v 2.316746 1.752630 0.701340
v 2.314823 1.751175 0.700341
v -0.952462 2.749351 0.707412
v -0.952135 2.748407 0.705000
v -0.951614 2.746906 0.702929
v -0.950937 2.744949 0.701340
v -0.950147 2.742670 0.700341
v -2.909115 -0.056249 0.707412
v -2.908117 -0.056229 0.705000
v -2.906528 -0.056199 0.702929
v -2.904457 -0.056159 0.701340
v -2.902046 -0.056112 0.700341
v -0.845471 -2.784115 0.707412
v -0.845180 -2.783159 0.705000
v -0.844718 -2.781638 0.702929
v -0.844117 -2.779657 0.701340
v -0.843416 -2.777349 0.700341
v 2.386586 -1.664429 0.707412
v 2.385767 -1.663858 0.705000
v 2.384463 -1.662949 0.702929
v 2.382764 -1.661764 0.701340
v 2.380786 -1.660384 0.700341
v -2.907484 -0.112476 0.707412
v -2.906486 -0.112438 0.705000
v -2.904898 -0.112376 0.702929
v -2.902829 -0.112296 0.701340
v -2.893913 -0.224238 0.700341
v -2.904767 -0.168662 0.707412
v -2.903769 -0.168604 0.705000
v -2.902183 -0.168512 0.702929
v -2.900115 -0.168392 0.701340
v -2.897708 -0.168252 0.700341
v -2.899967 -0.224707 0.705000
v -2.898383 -0.224584 0.702929
v -2.896318 -0.224424 0.701340
v -2.876049 -0.391610 0.700341
v -2.896076 -0.280823 0.707412
v -2.895082 -0.280726 0.705000
v -2.893500 -0.280573 0.702929
v -2.891438 -0.280373 0.701340
v -2.890106 -0.336756 0.707412
v -2.889114 -0.336641 0.705000
v -2.887535 -0.336457 0.702929
v -2.885478 -0.336217 0.701340
v -2.883082 -0.335938 0.700341
v -2.882066 -0.392429 0.705000
v -2.880491 -0.392215 0.702929
v -2.878439 -0.391935 0.701340
v -2.855453 -0.559023 0.707412
v -2.854472 -0.558831 0.705000
v -2.852913 -0.558526 0.702929
v -2.850880 -0.558128 0.701340
v -2.824827 -0.667360 0.700341
v -2.844112 -0.614119 0.707412
v -2.843136 -0.613909 0.705000
v -2.841582 -0.613573 0.702929
v -2.839558 -0.613136 0.701340
v -2.837200 -0.612627 0.700341
v -2.830736 -0.668756 0.705000
v -2.829190 -0.668391 0.702929
v -2.827174 -0.667915 0.701340
v -2.781393 -0.829983 0.700341
v -2.818247 -0.723603 0.707412
v -2.817279 -0.723354 0.705000
v -2.815740 -0.722959 0.702929
v -2.813734 -0.722444 0.701340
v -2.803732 -0.777949 0.707412
v -2.802769 -0.777682 0.705000
v -2.801238 -0.777257 0.702929
v -2.799242 -0.776703 0.701340
v -2.796918 -0.776058 0.700341
v -2.787211 -0.831719 0.705000
v -2.785689 -0.831264 0.702929
v -2.783704 -0.830672 0.701340
v -2.735253 -0.992225 0.707412
v -2.734313 -0.991884 0.705000
v -2.732819 -0.991342 0.702929
v -2.730873 -0.990636 0.701340
v -2.688304 -1.094551 0.700341
v -2.715560 -1.044916 0.707412
v -2.714628 -1.044558 0.705000
v -2.713144 -1.043987 0.702929
v -2.711212 -1.043243 0.701340
v -2.708961 -1.042377 0.700341
v -2.693927 -1.096841 0.705000
v -2.692455 -1.096241 0.702929
v -2.690537 -1.095460 0.701340
v -2.620336 -1.248541 0.700341
v -2.673138 -1.149108 0.707412
v -2.672220 -1.148714 0.705000
v -2.670760 -1.148086 0.702929
v -2.668857 -1.147268 0.701340
v -2.650424 -1.200570 0.707412
v -2.649514 -1.200158 0.705000
v -2.648067 -1.199502 0.702929
v -2.646180 -1.198647 0.701340
v -2.643983 -1.197652 0.700341
v -2.625818 -1.251153 0.705000
v -2.624383 -1.250469 0.702929
v -2.622514 -1.249579 0.701340
v -2.549754 -1.401739 0.707412
v -2.548878 -1.401258 0.705000
v -2.547486 -1.400492 0.702929
v -2.545671 -1.399494 0.701340
v -2.487602 -1.495611 0.700341
v -2.522179 -1.450768 0.707412
v -2.521313 -1.450270 0.705000
v -2.519936 -1.449478 0.702929
v -2.518141 -1.448445 0.701340
v -2.516050 -1.447242 0.700341
v -2.492806 -1.498740 0.705000
v -2.491444 -1.497921 0.702929
v -2.489669 -1.496854 0.701340
v -2.396725 -1.637293 0.700341
v -2.464213 -1.547181 0.707412
v -2.463367 -1.546650 0.705000
v -2.462021 -1.545805 0.702929
v -2.460267 -1.544704 0.701340
v -2.433843 -1.594530 0.707412
v -2.433007 -1.593982 0.705000
v -2.431678 -1.593111 0.702929
v -2.429946 -1.591976 0.701340
v -2.427928 -1.590655 0.700341
v -2.401738 -1.640718 0.705000
v -2.400426 -1.639822 0.702929
v -2.398716 -1.638654 0.701340
v -2.303385 -1.777789 0.707412
v -2.302594 -1.777179 0.705000
v -2.301336 -1.776208 0.702929
v -2.299696 -1.774943 0.701340
v -2.227514 -1.860967 0.700341
v -2.268587 -1.821986 0.707412
v -2.267808 -1.821360 0.705000
v -2.266569 -1.820365 0.702929
v -2.264954 -1.819068 0.701340
v -2.263074 -1.817558 0.700341
v -2.232174 -1.864860 0.705000
v -2.230954 -1.863841 0.702929
v -2.229365 -1.862513 0.701340
v -2.115896 -1.986958 0.700341
v -2.196460 -1.908318 0.707412
v -2.195706 -1.907663 0.705000
v -2.194506 -1.906621 0.702929
v -2.192943 -1.905263 0.701340
v -2.159159 -1.950423 0.707412
v -2.158417 -1.949753 0.705000
v -2.157238 -1.948688 0.702929
v -2.155701 -1.947300 0.701340
v -2.153912 -1.945683 0.700341
v -2.120322 -1.991115 0.705000
v -2.119164 -1.990027 0.702929
v -2.117654 -1.988609 0.701340
v -2.002027 -2.111399 0.707412
v -2.001340 -2.110674 0.705000
v -2.000246 -2.109521 0.702929
v -1.998821 -2.108018 0.701340
v -1.914249 -2.181896 0.700341
v -1.960836 -2.149707 0.707412
v -1.960163 -2.148969 0.705000
v -1.959092 -2.147794 0.702929
v -1.957696 -2.146264 0.701340
v -1.956071 -2.144482 0.700341
v -1.918253 -2.186460 0.705000
v -1.917205 -2.185266 0.702929
v -1.915839 -2.183709 0.701340
v -1.784554 -2.289189 0.700341
v -1.876271 -2.223898 0.707412
v -1.875627 -2.223135 0.705000
v -1.874602 -2.221920 0.702929
v -1.873267 -2.220337 0.701340
v -1.832929 -2.259754 0.707412
v -1.832299 -2.258978 0.705000
v -1.831298 -2.257744 0.702929
v -1.829994 -2.256136 0.701340
v -1.828474 -2.254262 0.700341
v -1.788287 -2.293978 0.705000
v -1.787310 -2.292724 0.702929
v -1.786037 -2.291091 0.701340
v -1.652875 -2.394603 0.707412
v -1.652307 -2.393780 0.705000
v -1.651405 -2.392473 0.702929
v -1.650228 -2.390768 0.701340
v -1.555284 -2.450736 0.700341
v -1.606274 -2.426108 0.707412
v -1.605723 -2.425275 0.705000
v -1.604845 -2.423950 0.702929
v -1.603702 -2.422223 0.701340
v -1.602371 -2.420212 0.700341
v -1.558538 -2.455863 0.705000
v -1.557687 -2.454521 0.702929
v -1.556577 -2.452773 0.701340
v -1.410610 -2.536769 0.700341
v -1.511290 -2.486387 0.707412
v -1.510771 -2.485533 0.705000
v -1.509945 -2.484175 0.702929
v -1.508870 -2.482405 0.701340
v -1.462941 -2.515138 0.707412
v -1.462439 -2.514274 0.705000
v -1.461640 -2.512901 0.702929
v -1.460599 -2.511111 0.701340
v -1.459386 -2.509026 0.700341
v -1.413561 -2.542076 0.705000
v -1.412788 -2.540687 0.702929
v -1.411782 -2.538877 0.701340
v -1.264264 -2.620640 0.707412
v -1.263829 -2.619740 0.705000
v -1.263139 -2.618309 0.702929
v -1.262239 -2.616444 0.701340
v -1.159191 -2.661070 0.700341
v -1.213366 -2.644591 0.707412
v -1.212949 -2.643683 0.705000
v -1.212287 -2.642238 0.702929
v -1.211423 -2.640356 0.701340
v -1.210417 -2.638164 0.700341
v -1.161616 -2.666637 0.705000
v -1.160981 -2.665180 0.702929
v -1.160154 -2.663281 0.701340
v -1.002990 -2.723789 0.700341
v -1.110229 -2.689518 0.707412
v -1.109848 -2.688595 0.705000
v -1.109242 -2.687126 0.702929
v -1.108452 -2.685211 0.701340
v -1.058029 -2.710478 0.707412
v -1.057666 -2.709547 0.705000
v -1.057088 -2.708067 0.702929
v -1.056335 -2.706138 0.701340
v -1.055458 -2.703891 0.700341
v -1.005088 -2.729488 0.705000
v -1.004539 -2.727996 0.702929
v -1.003823 -2.726053 0.701340
v -0.791491 -2.799939 0.707412
v -0.791219 -2.798978 0.705000
v -0.790787 -2.797448 0.702929
v -0.790224 -2.795455 0.701340
v -0.681006 -2.821569 0.700341
v -0.737216 -2.814717 0.707412
v -0.736962 -2.813750 0.705000
v -0.736560 -2.812213 0.702929
v -0.736035 -2.810209 0.701340
v -0.735424 -2.807876 0.700341
v -0.682430 -2.827471 0.705000
v -0.682057 -2.825926 0.702929
v -0.681571 -2.823913 0.701340
v -0.516305 -2.856300 0.700341
v -0.627858 -2.841111 0.707412
v -0.627643 -2.840135 0.705000
v -0.627300 -2.838584 0.702929
v -0.626853 -2.836561 0.701340
v -0.572818 -2.852717 0.707412
v -0.572621 -2.851738 0.705000
v -0.572308 -2.850180 0.702929
v -0.571900 -2.848149 0.701340
v -0.571426 -2.845785 0.700341
v -0.517385 -2.862275 0.705000
v -0.517102 -2.860711 0.702929
v -0.516734 -2.858673 0.701340
v -0.350721 -2.888445 0.707412
v -0.350600 -2.887453 0.705000
v -0.350409 -2.885875 0.702929
v -0.350159 -2.883819 0.701340
v -0.238222 -2.892796 0.700341
v -0.294817 -2.894685 0.707412
v -0.294715 -2.893691 0.705000
v -0.294554 -2.892110 0.702929
v -0.294345 -2.890049 0.701340
v -0.294100 -2.887650 0.700341
v -0.238720 -2.898847 0.705000
v -0.238590 -2.897264 0.702929
v -0.238420 -2.895200 0.701340
v -0.070137 -2.901741 0.700341
v -0.182699 -2.903918 0.707412
v -0.182636 -2.902921 0.705000
v -0.182536 -2.901335 0.702929
v -0.182406 -2.899268 0.701340
v -0.126527 -2.906907 0.707412
v -0.126484 -2.905909 0.705000
v -0.126415 -2.904321 0.702929
v -0.126325 -2.902252 0.701340
v -0.126220 -2.899842 0.700341
v -0.070284 -2.907811 0.705000
v -0.070246 -2.906222 0.702929
v -0.070196 -2.904152 0.701340
v 0.098422 -2.907994 0.707412
v 0.098389 -2.906996 0.705000
v 0.098335 -2.905407 0.702929
v 0.098265 -2.903338 0.701340
v 0.210248 -2.894963 0.700341
v 0.154620 -2.905548 0.707412
v 0.154567 -2.904550 0.705000
v 0.154483 -2.902963 0.702929
v 0.154373 -2.900895 0.701340
v 0.154245 -2.898487 0.700341
v 0.210688 -2.901020 0.705000
v 0.210573 -2.899435 0.702929
v 0.210423 -2.897369 0.701340
v 0.377705 -2.877908 0.700341
v 0.266822 -2.897399 0.707412
v 0.266730 -2.896404 0.705000
v 0.266585 -2.894822 0.702929
v 0.266395 -2.892760 0.701340
v 0.322784 -2.891700 0.707412
v 0.322673 -2.890707 0.705000
v 0.322497 -2.889128 0.702929
v 0.322267 -2.887069 0.701340
v 0.321999 -2.884672 0.700341
v 0.378495 -2.883929 0.705000
v 0.378288 -2.882353 0.702929
v 0.378019 -2.880300 0.701340
v 0.545216 -2.858121 0.707412
v 0.545029 -2.857140 0.705000
v 0.544731 -2.855579 0.702929
v 0.544343 -2.853544 0.701340
v 0.653700 -2.828020 0.700341
v 0.600366 -2.847047 0.707412
v 0.600160 -2.846070 0.705000
v 0.599832 -2.844515 0.702929
v 0.599405 -2.842488 0.701340
v 0.598907 -2.840128 0.700341
v 0.655067 -2.833936 0.705000
v 0.654709 -2.832387 0.702929
v 0.654243 -2.830369 0.701340
v 0.816530 -2.785372 0.700341
v 0.709973 -2.821711 0.707412
v 0.709729 -2.820742 0.705000
v 0.709342 -2.819201 0.702929
v 0.708836 -2.817193 0.701340
v 0.764389 -2.807459 0.707412
v 0.764126 -2.806495 0.705000
v 0.763709 -2.804962 0.702929
v 0.763165 -2.802963 0.701340
v 0.762531 -2.800636 0.700341
v 0.818238 -2.791199 0.705000
v 0.817791 -2.789674 0.702929
v 0.817208 -2.787686 0.701340
v 0.978993 -2.740016 0.707412
v 0.978657 -2.739075 0.705000
v 0.978122 -2.737579 0.702929
v 0.977426 -2.735629 0.701340
v 1.081545 -2.693562 0.700341
v 1.031779 -2.720579 0.707412
v 1.031425 -2.719645 0.705000
v 1.030862 -2.718159 0.702929
v 1.030127 -2.716222 0.701340
v 1.029272 -2.713967 0.700341
v 1.083808 -2.699197 0.705000
v 1.083215 -2.697722 0.702929
v 1.082444 -2.695800 0.701340
v 1.235862 -2.626340 0.700341
v 1.136175 -2.678661 0.707412
v 1.135785 -2.677741 0.705000
v 1.135165 -2.676278 0.702929
v 1.134356 -2.674371 0.701340
v 1.187746 -2.656196 0.707412
v 1.187338 -2.655284 0.705000
v 1.186689 -2.653833 0.702929
v 1.185844 -2.651942 0.701340
v 1.184859 -2.649741 0.700341
v 1.238447 -2.631834 0.705000
v 1.237771 -2.630396 0.702929
v 1.236889 -2.628523 0.701340
v 1.389399 -2.556499 0.707412
v 1.388922 -2.555621 0.705000
v 1.388163 -2.554225 0.702929
v 1.387174 -2.552405 0.701340
v 1.483571 -2.494802 0.700341
v 1.438561 -2.529162 0.707412
v 1.438067 -2.528293 0.705000
v 1.437281 -2.526912 0.702929
v 1.436257 -2.525112 0.701340
v 1.435065 -2.523015 0.700341
v 1.486674 -2.500021 0.705000
v 1.485862 -2.498655 0.702929
v 1.484804 -2.496875 0.701340
v 1.625690 -2.404610 0.700341
v 1.535253 -2.471662 0.707412
v 1.534726 -2.470814 0.705000
v 1.533888 -2.469464 0.702929
v 1.532795 -2.467704 0.701340
v 1.582748 -2.441521 0.707412
v 1.582204 -2.440683 0.705000
v 1.581340 -2.439350 0.702929
v 1.580213 -2.437612 0.701340
v 1.578901 -2.435588 0.700341
v 1.629091 -2.409640 0.705000
v 1.628201 -2.408324 0.702929
v 1.627041 -2.406608 0.701340
v 1.766636 -2.311950 0.707412
v 1.766029 -2.311156 0.705000
v 1.765065 -2.309894 0.702929
v 1.763807 -2.308248 0.701340
v 1.850179 -2.236483 0.700341
v 1.811000 -2.277366 0.707412
v 1.810378 -2.276584 0.705000
v 1.809389 -2.275340 0.702929
v 1.808100 -2.273719 0.701340
v 1.806599 -2.271832 0.700341
v 1.854050 -2.241161 0.705000
v 1.853037 -2.239937 0.702929
v 1.851717 -2.238341 0.701340
v 1.976709 -2.125474 0.700341
v 1.897680 -2.205658 0.707412
v 1.897029 -2.204900 0.705000
v 1.895992 -2.203696 0.702929
v 1.894641 -2.202126 0.701340
v 1.939965 -2.168560 0.707412
v 1.939299 -2.167816 0.705000
v 1.938239 -2.166631 0.702929
v 1.936858 -2.165088 0.701340
v 1.935250 -2.163290 0.700341
v 1.980844 -2.129921 0.705000
v 1.979761 -2.128757 0.702929
v 1.978351 -2.127240 0.701340
v 2.101698 -2.012208 0.707412
v 2.100976 -2.011518 0.705000
v 2.099828 -2.010419 0.702929
v 2.098332 -2.008986 0.701340
v 2.172618 -1.924772 0.700341
v 2.140204 -1.971203 0.707412
v 2.139470 -1.970526 0.705000
v 2.138301 -1.969450 0.702929
v 2.136777 -1.968047 0.701340
v 2.135003 -1.966413 0.700341
v 2.177163 -1.928798 0.705000
v 2.175974 -1.927745 0.702929
v 2.174424 -1.926371 0.701340
v 2.280537 -1.795597 0.700341
v 2.214804 -1.886998 0.707412
v 2.214043 -1.886350 0.705000
v 2.212834 -1.885319 0.702929
v 2.211257 -1.883976 0.701340
v 2.250869 -1.843829 0.707412
v 2.250096 -1.843196 0.705000
v 2.248867 -1.842189 0.702929
v 2.247264 -1.840877 0.701340
v 2.245399 -1.839348 0.700341
v 2.285308 -1.799354 0.705000
v 2.284059 -1.798370 0.702929
v 2.282432 -1.797089 0.701340
v 2.418316 -1.617981 0.707412
v 2.417486 -1.617426 0.705000
v 2.416165 -1.616542 0.702929
v 2.414444 -1.615390 0.701340
v 2.473029 -1.519587 0.700341
v 2.449143 -1.570929 0.707412
v 2.448302 -1.570390 0.705000
v 2.446964 -1.569532 0.702929
v 2.445221 -1.568413 0.701340
v 2.443191 -1.567111 0.700341
v 2.478202 -1.522766 0.705000
v 2.476848 -1.521934 0.702929
v 2.475084 -1.520850 0.701340
v 2.556955 -1.373680 0.700341
v 2.508038 -1.475080 0.707412
v 2.507177 -1.474574 0.705000
v 2.505807 -1.473768 0.702929
v 2.504022 -1.472718 0.701340
v 2.536085 -1.426320 0.707412
v 2.535214 -1.425830 0.705000
v 2.533829 -1.425051 0.702929
v 2.532024 -1.424036 0.701340
v 2.529922 -1.422854 0.700341
v 2.562304 -1.376554 0.705000
v 2.560904 -1.375802 0.702929
v 2.559080 -1.374822 0.701340
v 2.638695 -1.226134 0.707412
v 2.637789 -1.225713 0.705000
v 2.636348 -1.225043 0.702929
v 2.634470 -1.224170 0.701340
v 2.677598 -1.120486 0.700341
v 2.661905 -1.174894 0.707412
v 2.660991 -1.174491 0.705000
v 2.659538 -1.173849 0.702929
v 2.657643 -1.173013 0.701340
v 2.655436 -1.172039 0.700341
v 2.683199 -1.122830 0.705000
v 2.681733 -1.122216 0.702929
v 2.679823 -1.121417 0.701340
v 2.738046 -0.963392 0.700341
v 2.705333 -1.071117 0.707412
v 2.704404 -1.070749 0.705000
v 2.702926 -1.070164 0.702929
v 2.701001 -1.069402 0.701340
v 2.725534 -1.018618 0.707412
v 2.724598 -1.018268 0.705000
v 2.723109 -1.017712 0.702929
v 2.721169 -1.016987 0.701340
v 2.718910 -1.016143 0.700341
v 2.743774 -0.965407 0.705000
v 2.742274 -0.964880 0.702929
v 2.740321 -0.964192 0.701340
v 2.796081 -0.805014 0.707412
v 2.795121 -0.804738 0.705000
v 2.793594 -0.804298 0.702929
v 2.791604 -0.803725 0.701340
v 2.818244 -0.694635 0.700341
v 2.811121 -0.750811 0.707412
v 2.810156 -0.750553 0.705000
v 2.808620 -0.750143 0.702929
v 2.806619 -0.749609 0.701340
v 2.804289 -0.748986 0.700341
v 2.824140 -0.696088 0.705000
v 2.822597 -0.695708 0.702929
v 2.820586 -0.695212 0.701340
v 2.853771 -0.530104 0.700341
v 2.838043 -0.641583 0.707412
v 2.837069 -0.641363 0.705000
v 2.835519 -0.641012 0.702929
v 2.833498 -0.640555 0.701340
v 2.849916 -0.586599 0.707412
v 2.848937 -0.586397 0.705000
v 2.847380 -0.586077 0.702929
v 2.845352 -0.585659 0.701340
v 2.842990 -0.585173 0.700341
v 2.859741 -0.531213 0.705000
v 2.858178 -0.530923 0.702929
v 2.856142 -0.530545 0.701340
v 2.886716 -0.364677 0.707412
v 2.885725 -0.364552 0.705000
v 2.884148 -0.364353 0.702929
v 2.882093 -0.364093 0.701340
v 2.891611 -0.252201 0.700341
v 2.893226 -0.308804 0.707412
v 2.892233 -0.308698 0.705000
v 2.890652 -0.308529 0.702929
v 2.888593 -0.308309 0.701340
v 2.886195 -0.308053 0.700341
v 2.897660 -0.252728 0.705000
v 2.896077 -0.252590 0.702929
v 2.894013 -0.252410 0.701340
v 2.901368 -0.084161 0.700341
v 2.903001 -0.196732 0.707412
v 2.902004 -0.196665 0.705000
v 2.900418 -0.196557 0.702929
v 2.898352 -0.196417 0.701340
v 2.906261 -0.140575 0.707412
v 2.905264 -0.140527 0.705000
v 2.903676 -0.140450 0.702929
v 2.901608 -0.140350 0.701340
v 2.899199 -0.140234 0.700341
v 2.907437 -0.084337 0.705000
v 2.905849 -0.084291 0.702929
v 2.903779 -0.084231 0.701340
v 2.908436 0.084366 0.707412
v 2.907437 0.084337 0.705000
v 2.905849 0.084291 0.702929
v 2.903779 0.084231 0.701340
v 2.895946 0.196254 0.700341
v 2.906261 0.140575 0.707412
v 2.905264 0.140527 0.705000
v 2.903676 0.140450 0.702929
v 2.901608 0.140350 0.701340
v 2.899199 0.140234 0.700341
v 2.902004 0.196665 0.705000
v 2.900418 0.196557 0.702929
v 2.898352 0.196417 0.701340
v 2.879700 0.363791 0.700341
v 2.898655 0.252815 0.707412
v 2.897660 0.252728 0.705000
v 2.896077 0.252590 0.702929
v 2.894013 0.252410 0.701340
v 2.893226 0.308804 0.707412
v 2.892233 0.308698 0.705000
v 2.890652 0.308529 0.702929
v 2.888593 0.308309 0.701340
v 2.886195 0.308053 0.700341
v 2.885725 0.364552 0.705000
v 2.884148 0.364353 0.702929
v 2.882093 0.364093 0.701340
v 2.860723 0.531396 0.707412
v 2.859741 0.531213 0.705000
v 2.858178 0.530923 0.702929
v 2.856142 0.530545 0.701340
v 2.831146 0.640024 0.700341
v 2.849916 0.586599 0.707412
v 2.848937 0.586397 0.705000
v 2.847380 0.586077 0.702929
v 2.845352 0.585659 0.701340
v 2.842990 0.585173 0.700341
v 2.837069 0.641363 0.705000
v 2.835519 0.641012 0.702929
v 2.833498 0.640555 0.701340
v 2.789286 0.803058 0.700341
v 2.825110 0.696327 0.707412
v 2.824140 0.696088 0.705000
v 2.822597 0.695708 0.702929
v 2.820586 0.695212 0.701340
v 2.811121 0.750811 0.707412
v 2.810156 0.750553 0.705000
v 2.808620 0.750143 0.702929
v 2.806619 0.749609 0.701340
v 2.804289 0.748986 0.700341
v 2.795121 0.804738 0.705000
v 2.793594 0.804298 0.702929
v 2.791604 0.803725 0.701340
v 2.744716 0.965739 0.707412
v 2.743774 0.965407 0.705000
v 2.742274 0.964880 0.702929
v 2.740321 0.964192 0.701340
v 2.698758 1.068514 0.700341
v 2.725534 1.018618 0.707412
v 2.724598 1.018268 0.705000
v 2.723109 1.017712 0.702929
v 2.721169 1.016987 0.701340
v 2.718910 1.016143 0.700341
v 2.704404 1.070749 0.705000
v 2.702926 1.070164 0.702929
v 2.701001 1.069402 0.701340
v 2.632283 1.223154 0.700341
v 2.684121 1.123215 0.707412
v 2.683199 1.122830 0.705000
v 2.681733 1.122216 0.702929
v 2.679823 1.121417 0.701340
v 2.661905 1.174894 0.707412
v 2.660991 1.174491 0.705000
v 2.659538 1.173849 0.702929
v 2.657643 1.173013 0.701340
v 2.655436 1.172039 0.700341
v 2.637789 1.225713 0.705000
v 2.636348 1.225043 0.702929
v 2.634470 1.224170 0.701340
v 2.563184 1.377027 0.707412
v 2.562304 1.376554 0.705000
v 2.560904 1.375802 0.702929
v 2.559080 1.374822 0.701340
v 2.501943 1.471496 0.700341
v 2.536085 1.426320 0.707412
v 2.535214 1.425830 0.705000
v 2.533829 1.425051 0.702929
v 2.532024 1.424036 0.701340
v 2.529922 1.422854 0.700341
v 2.507177 1.474574 0.705000
v 2.505807 1.473768 0.702929
v 2.504022 1.472718 0.701340
v 2.412439 1.614049 0.700341
v 2.479054 1.523289 0.707412
v 2.478202 1.522766 0.705000
v 2.476848 1.521934 0.702929
v 2.475084 1.520850 0.701340
v 2.449143 1.570929 0.707412
v 2.448302 1.570390 0.705000
v 2.446964 1.569532 0.702929
v 2.445221 1.568413 0.701340
v 2.443191 1.567111 0.700341
v 2.417486 1.617426 0.705000
v 2.416165 1.616542 0.702929
v 2.414444 1.615390 0.701340
v 2.286093 1.799972 0.707412
v 2.285308 1.799354 0.705000
v 2.284059 1.798370 0.702929
v 2.282432 1.797089 0.701340
v 2.209421 1.882412 0.700341
v 2.250869 1.843829 0.707412
v 2.250096 1.843196 0.705000
v 2.248867 1.842189 0.702929
v 2.247264 1.840877 0.701340
v 2.245399 1.839348 0.700341
v 2.214043 1.886350 0.705000
v 2.212834 1.885319 0.702929
v 2.211257 1.883976 0.701340
v 2.096590 2.007318 0.700341
v 2.177911 1.929461 0.707412
v 2.177163 1.928798 0.705000
v 2.175974 1.927745 0.702929
v 2.174424 1.926371 0.701340
v 2.140204 1.971203 0.707412
v 2.139470 1.970526 0.705000
v 2.138301 1.969450 0.702929
v 2.136777 1.968047 0.701340
v 2.135003 1.966413 0.700341
v 2.100976 2.011518 0.705000
v 2.099828 2.010419 0.702929
v 2.098332 2.008986 0.701340
v 1.981524 2.130652 0.707412
v 1.980844 2.129921 0.705000
v 1.979761 2.128757 0.702929
v 1.978351 2.127240 0.701340
v 1.893069 2.200298 0.700341
v 1.939965 2.168560 0.707412
v 1.939299 2.167816 0.705000
v 1.938239 2.166631 0.702929
v 1.936858 2.165088 0.701340
v 1.935250 2.163290 0.700341
v 1.897029 2.204900 0.705000
v 1.895992 2.203696 0.702929
v 1.894641 2.202126 0.701340
v 1.762343 2.306332 0.700341
v 1.854687 2.241931 0.707412
v 1.854050 2.241161 0.705000
v 1.853037 2.239937 0.702929
v 1.851717 2.238341 0.701340
v 1.811000 2.277366 0.707412
v 1.810378 2.276584 0.705000
v 1.809389 2.275340 0.702929
v 1.808100 2.273719 0.701340
v 1.806599 2.271832 0.700341
v 1.766029 2.311156 0.705000
v 1.765065 2.309894 0.702929
v 1.763807 2.308248 0.701340
v 1.629651 2.410468 0.707412
v 1.629091 2.409640 0.705000
v 1.628201 2.408324 0.702929
v 1.627041 2.406608 0.701340
v 1.531522 2.465656 0.700341
v 1.582748 2.441521 0.707412
v 1.582204 2.440683 0.705000
v 1.581340 2.439350 0.702929
v 1.580213 2.437612 0.701340
v 1.578901 2.435588 0.700341
v 1.534726 2.470814 0.705000
v 1.533888 2.469464 0.702929
v 1.532795 2.467704 0.701340
v 1.386023 2.550286 0.700341
v 1.487185 2.500879 0.707412
v 1.486674 2.500021 0.705000
v 1.485862 2.498655 0.702929
v 1.484804 2.496875 0.701340
v 1.438561 2.529162 0.707412
v 1.438067 2.528293 0.705000
v 1.437281 2.526912 0.702929
v 1.436257 2.525112 0.701340
v 1.435065 2.523015 0.700341
v 1.388922 2.555621 0.705000
v 1.388163 2.554225 0.702929
v 1.387174 2.552405 0.701340
v 1.238873 2.632738 0.707412
v 1.238447 2.631834 0.705000
v 1.237771 2.630396 0.702929
v 1.236889 2.628523 0.701340
v 1.133414 2.672151 0.700341
v 1.187746 2.656196 0.707412
v 1.187338 2.655284 0.705000
v 1.186689 2.653833 0.702929
v 1.185844 2.651942 0.701340
v 1.184859 2.649741 0.700341
v 1.135785 2.677741 0.705000
v 1.135165 2.676278 0.702929
v 1.134356 2.674371 0.701340
v 0.976614 2.733357 0.700341
v 1.084180 2.700124 0.707412
v 1.083808 2.699197 0.705000
v 1.083215 2.697722 0.702929
v 1.082444 2.695800 0.701340
v 1.031779 2.720579 0.707412
v 1.031425 2.719645 0.705000
v 1.030862 2.718159 0.702929
v 1.030127 2.716222 0.701340
v 1.029272 2.713967 0.700341
v 0.978657 2.739075 0.705000
v 0.978122 2.737579 0.702929
v 0.977426 2.735629 0.701340
v 0.818519 2.792157 0.707412
v 0.818238 2.791199 0.705000
v 0.817791 2.789674 0.702929
v 0.817208 2.787686 0.701340
v 0.708248 2.814854 0.700341
v 0.764389 2.807459 0.707412
v 0.764126 2.806495 0.705000
v 0.763709 2.804962 0.702929
v 0.763165 2.802963 0.701340
v 0.762531 2.800636 0.700341
v 0.709729 2.820742 0.705000
v 0.709342 2.819201 0.702929
v 0.708836 2.817193 0.701340
v 0.543891 2.851175 0.700341
v 0.655292 2.834909 0.707412
v 0.655067 2.833936 0.705000
v 0.654709 2.832387 0.702929
v 0.654243 2.830369 0.701340
v 0.600366 2.847047 0.707412
v 0.600160 2.846070 0.705000
v 0.599832 2.844515 0.702929
v 0.599405 2.842488 0.701340
v 0.598907 2.840128 0.700341
v 0.545029 2.857140 0.705000
v 0.544731 2.855579 0.702929
v 0.544343 2.853544 0.701340
v 0.378625 2.884919 0.707412
v 0.378495 2.883929 0.705000
v 0.378288 2.882353 0.702929
v 0.378019 2.880300 0.701340
v 0.266174 2.890358 0.700341
v 0.322784 2.891700 0.707412
v 0.322673 2.890707 0.705000
v 0.322497 2.889128 0.702929
v 0.322267 2.887069 0.701340
v 0.321999 2.884672 0.700341
v 0.266730 2.896404 0.705000
v 0.266585 2.894822 0.702929
v 0.266395 2.892760 0.701340
v 0.098183 2.900927 0.700341
v 0.210761 2.902016 0.707412
v 0.210688 2.901020 0.705000
v 0.210573 2.899435 0.702929
v 0.210423 2.897369 0.701340
v 0.154620 2.905548 0.707412
v 0.154567 2.904550 0.705000
v 0.154483 2.902963 0.702929
v 0.154373 2.900895 0.701340
v 0.154245 2.898487 0.700341
v 0.098389 2.906996 0.705000
v 0.098335 2.905407 0.702929
v 0.098265 2.903338 0.701340
v -0.070308 2.908810 0.707412
v -0.070284 2.907811 0.705000
v -0.070246 2.906222 0.702929
v -0.070196 2.904152 0.701340
v -0.182255 2.896861 0.700341
v -0.126527 2.906907 0.707412
v -0.126484 2.905909 0.705000
v -0.126415 2.904321 0.702929
v -0.126325 2.902252 0.701340
v -0.126220 2.899842 0.700341
v -0.182636 2.902921 0.705000
v -0.182536 2.901335 0.702929
v -0.182406 2.899268 0.701340
v -0.349868 2.881425 0.700341
v -0.238802 2.899843 0.707412
v -0.238720 2.898847 0.705000
v -0.238590 2.897264 0.702929
v -0.238420 2.895200 0.701340
v -0.294817 2.894685 0.707412
v -0.294715 2.893691 0.705000
v -0.294554 2.892110 0.702929
v -0.294345 2.890049 0.701340
v -0.294100 2.887650 0.700341
v -0.350600 2.887453 0.705000
v -0.350409 2.885875 0.702929
v -0.350159 2.883819 0.701340
v -0.517563 2.863258 0.707412
v -0.517385 2.862275 0.705000
v -0.517102 2.860711 0.702929
v -0.516734 2.858673 0.701340
v -0.626333 2.834206 0.700341
v -0.572818 2.852717 0.707412
v -0.572621 2.851738 0.705000
v -0.572308 2.850180 0.702929
v -0.571900 2.848149 0.701340
v -0.571426 2.845785 0.700341
v -0.627643 2.840135 0.705000
v -0.627300 2.838584 0.702929
v -0.626853 2.836561 0.701340
v -0.789567 2.793135 0.700341
v -0.682665 2.828442 0.707412
v -0.682430 2.827471 0.705000
v -0.682057 2.825926 0.702929
v -0.681571 2.823913 0.701340
v -0.737216 2.814717 0.707412
v -0.736962 2.813750 0.705000
v -0.736560 2.812213 0.702929
v -0.736035 2.810209 0.701340
v -0.735424 2.807876 0.700341
v -0.791219 2.798978 0.705000
v -0.790787 2.797448 0.702929
v -0.790224 2.795455 0.701340
v -1.005433 2.730425 0.707412
v -1.005088 2.729488 0.705000
v -1.004539 2.727996 0.702929
v -1.003823 2.726053 0.701340
v -1.107531 2.682982 0.700341
v -1.058029 2.710478 0.707412
v -1.057666 2.709547 0.705000
v -1.057088 2.708067 0.702929
v -1.056335 2.706138 0.701340
v -1.055458 2.703891 0.700341
v -1.109848 2.688595 0.705000
v -1.109242 2.687126 0.702929
v -1.108452 2.685211 0.701340
v -1.261191 2.614271 0.700341
v -1.162015 2.667553 0.707412
v -1.161616 2.666637 0.705000
v -1.160981 2.665180 0.702929
v -1.160154 2.663281 0.701340
v -1.213366 2.644591 0.707412
v -1.212949 2.643683 0.705000
v -1.212287 2.642238 0.702929
v -1.211423 2.640356 0.701340
v -1.210417 2.638164 0.700341
v -1.263829 2.619740 0.705000
v -1.263139 2.618309 0.702929
v -1.262239 2.616444 0.701340
v -1.414046 2.542949 0.707412
v -1.413561 2.542076 0.705000
v -1.412788 2.540687 0.702929
v -1.411782 2.538877 0.701340
v -1.507617 2.480344 0.700341
v -1.462941 2.515138 0.707412
v -1.462439 2.514274 0.705000
v -1.461640 2.512901 0.702929
v -1.460599 2.511111 0.701340
v -1.459386 2.509026 0.700341
v -1.510771 2.485533 0.705000
v -1.509945 2.484175 0.702929
v -1.508870 2.482405 0.701340
v -1.648858 2.388783 0.700341
v -1.559073 2.456707 0.707412
v -1.558538 2.455863 0.705000
v -1.557687 2.454521 0.702929
v -1.556577 2.452773 0.701340
v -1.606274 2.426108 0.707412
v -1.605723 2.425275 0.705000
v -1.604845 2.423950 0.702929
v -1.603702 2.422223 0.701340
v -1.602371 2.420212 0.700341
v -1.652307 2.393780 0.705000
v -1.651405 2.392473 0.702929
v -1.650228 2.390768 0.701340
v -1.788901 2.294765 0.707412
v -1.788287 2.293978 0.705000
v -1.787310 2.292724 0.702929
v -1.786037 2.291091 0.701340
v -1.871711 2.218494 0.700341
v -1.832929 2.259754 0.707412
v -1.832299 2.258978 0.705000
v -1.831298 2.257744 0.702929
v -1.829994 2.256136 0.701340
v -1.828474 2.254262 0.700341
v -1.875627 2.223135 0.705000
v -1.874602 2.221920 0.702929
v -1.873267 2.220337 0.701340
v -1.997162 2.106268 0.700341
v -1.918912 2.187211 0.707412
v -1.918253 2.186460 0.705000
v -1.917205 2.185266 0.702929
v -1.915839 2.183709 0.701340
v -1.960836 2.149707 0.707412
v -1.960163 2.148969 0.705000
v -1.959092 2.147794 0.702929
v -1.957696 2.146264 0.701340
v -1.956071 2.144482 0.700341
v -2.001340 2.110674 0.705000
v -2.000246 2.109521 0.702929
v -1.998821 2.108018 0.701340
v -2.121050 1.991799 0.707412
v -2.120322 1.991115 0.705000
v -2.119164 1.990027 0.702929
v -2.117654 1.988609 0.701340
v -2.191122 1.903681 0.700341
v -2.159159 1.950423 0.707412
v -2.158417 1.949753 0.705000
v -2.157238 1.948688 0.702929
v -2.155701 1.947300 0.701340
v -2.153912 1.945683 0.700341
v -2.195706 1.907663 0.705000
v -2.194506 1.906621 0.702929
v -2.192943 1.905263 0.701340
v -2.297787 1.773469 0.700341
v -2.232941 1.865501 0.707412
v -2.232174 1.864860 0.705000
v -2.230954 1.863841 0.702929
v -2.229365 1.862513 0.701340
v -2.268587 1.821986 0.707412
v -2.267808 1.821360 0.705000
v -2.266569 1.820365 0.702929
v -2.264954 1.819068 0.701340
v -2.263074 1.817558 0.700341
v -2.302594 1.777179 0.705000
v -2.301336 1.776208 0.702929
v -2.299696 1.774943 0.701340
v -2.402563 1.641282 0.707412
v -2.401738 1.640718 0.705000
v -2.400426 1.639822 0.702929
v -2.398716 1.638654 0.701340
v -2.458225 1.543421 0.700341
v -2.433843 1.594530 0.707412
v -2.433007 1.593982 0.705000
v -2.431678 1.593111 0.702929
v -2.429946 1.591976 0.701340
v -2.427928 1.590655 0.700341
v -2.463367 1.546650 0.705000
v -2.462021 1.545805 0.702929
v -2.460267 1.544704 0.701340
v -2.543557 1.398332 0.700341
v -2.493662 1.499255 0.707412
v -2.492806 1.498740 0.705000
v -2.491444 1.497921 0.702929
v -2.489669 1.496854 0.701340
v -2.522179 1.450768 0.707412
v -2.521313 1.450270 0.705000
v -2.519936 1.449478 0.702929
v -2.518141 1.448445 0.701340
v -2.516050 1.447242 0.700341
v -2.548878 1.401258 0.705000
v -2.547486 1.400492 0.702929
v -2.545671 1.399494 0.701340
v -2.626720 1.251583 0.707412
v -2.625818 1.251153 0.705000
v -2.624383 1.250469 0.702929
v -2.622514 1.249579 0.701340
v -2.666642 1.146316 0.700341
v -2.650424 1.200570 0.707412
v -2.649514 1.200158 0.705000
v -2.648067 1.199502 0.702929
v -2.646180 1.198647 0.701340
v -2.643983 1.197652 0.700341
v -2.672220 1.148714 0.705000
v -2.670760 1.148086 0.702929
v -2.668857 1.147268 0.701340
v -2.728605 0.989814 0.700341
v -2.694853 1.097217 0.707412
v -2.693927 1.096841 0.705000
v -2.692455 1.096241 0.702929
v -2.690537 1.095460 0.701340
v -2.715560 1.044916 0.707412
v -2.714628 1.044558 0.705000
v -2.713144 1.043987 0.702929
v -2.711212 1.043243 0.701340
v -2.708961 1.042377 0.700341
v -2.734313 0.991884 0.705000
v -2.732819 0.991342 0.702929
v -2.730873 0.990636 0.701340
v -2.788169 0.832004 0.707412
v -2.787211 0.831719 0.705000
v -2.785689 0.831264 0.702929
v -2.783704 0.830672 0.701340
v -2.811398 0.721844 0.700341
v -2.803732 0.777949 0.707412
v -2.802769 0.777682 0.705000
v -2.801238 0.777257 0.702929
v -2.799242 0.776703 0.701340
v -2.796918 0.776058 0.700341
v -2.817279 0.723354 0.705000
v -2.815740 0.722959 0.702929
v -2.813734 0.722444 0.701340
v -2.848513 0.557665 0.700341
v -2.831709 0.668986 0.707412
v -2.830736 0.668756 0.705000
v -2.829190 0.668391 0.702929
v -2.827174 0.667915 0.701340
v -2.844112 0.614119 0.707412
v -2.843136 0.613909 0.705000
v -2.841582 0.613573 0.702929
v -2.839558 0.613136 0.701340
v -2.837200 0.612627 0.700341
v -2.854472 0.558831 0.705000
v -2.852913 0.558526 0.702929
v -2.850880 0.558128 0.701340
v -2.883056 0.392564 0.707412
v -2.882066 0.392429 0.705000
v -2.880491 0.392215 0.702929
v -2.878439 0.391935 0.701340
v -2.889038 0.280140 0.700341
v -2.890106 0.336756 0.707412
v -2.889114 0.336641 0.705000
v -2.887535 0.336457 0.702929
v -2.885478 0.336217 0.701340
v -2.883082 0.335938 0.700341
v -2.895082 0.280726 0.705000
v -2.893500 0.280573 0.702929
v -2.891438 0.280373 0.701340
v -2.900419 0.112203 0.700341
v -2.900963 0.224784 0.707412
v -2.899967 0.224707 0.705000
v -2.898383 0.224584 0.702929
v -2.896318 0.224424 0.701340
v -2.904767 0.168662 0.707412
v -2.903769 0.168604 0.705000
v -2.902183 0.168512 0.702929
v -2.900115 0.168392 0.701340
v -2.897708 0.168252 0.700341
v -2.906486 0.112438 0.705000
v -2.904898 0.112376 0.702929
v -2.902829 0.112296 0.701340
v 2.910000 0.000000 0.750000
v 2.874173 0.455224 0.750000
v 2.767574 0.899239 0.750000
v 2.592829 1.321112 0.750000
v 2.354239 1.710455 0.750000
v 2.057681 2.057681 0.750000
v 1.710455 2.354239 0.750000
v 1.321112 2.592829 0.750000
v 0.899239 2.767574 0.750000
v 0.455224 2.874173 0.750000
v 0.000000 2.910000 0.750000
v -0.455224 2.874173 0.750000
v -0.899239 2.767574 0.750000
v -1.321112 2.592829 0.750000
v -1.710455 2.354239 0.750000
v -2.057681 2.057681 0.750000
v -2.354239 1.710455 0.750000
v -2.592829 1.321112 0.750000
v -2.767574 0.899239 0.750000
v -2.874173 0.455224 0.750000
v -2.910000 0.000000 0.750000
v -2.874173 -0.455224 0.750000
v -2.767574 -0.899239 0.750000
v -2.592829 -1.321112 0.750000
v -2.354239 -1.710455 0.750000
v -2.057681 -2.057681 0.750000
v -1.710455 -2.354239 0.750000
v -1.321112 -2.592829 0.750000
v -0.899239 -2.767574 0.750000
v -0.455224 -2.874173 0.750000
v 0.000000 -2.910000 0.750000
v 0.455224 -2.874173 0.750000
v 0.899239 -2.767574 0.750000
v 1.321112 -2.592829 0.750000
v 1.710455 -2.354239 0.750000
v 2.057681 -2.057681 0.750000
v 2.354239 -1.710455 0.750000
v 2.592829 -1.321112 0.750000
v 2.767574 -0.899239 0.750000
v 2.874173 -0.455224 0.750000
v 2.900000 0.000000 0.760000
v 2.864296 0.453660 0.760000
v 2.758064 0.896149 0.760000
v 2.583919 1.316572 0.760000
v 2.346149 1.704577 0.760000
v 2.050610 2.050610 0.760000
v 1.704577 2.346149 0.760000
v 1.316572 2.583919 0.760000
v 0.896149 2.758064 0.760000
v 0.453660 2.864296 0.760000
v 0.000000 2.900000 0.760000
v -0.453660 2.864296 0.760000
v -0.896149 2.758064 0.760000
v -1.316572 2.583919 0.760000
v -1.704577 2.346149 0.760000
v -2.050610 2.050610 0.760000
v -2.346149 1.704577 0.760000
v -2.583919 1.316572 0.760000
v -2.758064 0.896149 0.760000
v -2.864296 0.453660 0.760000
v -2.900000 0.000000 0.760000
v -2.864296 -0.453660 0.760000
v -2.758064 -0.896149 0.760000
v -2.583919 -1.316572 0.760000
v -2.346149 -1.704577 0.760000
v -2.050610 -2.050610 0.760000
v -1.704577 -2.346149 0.760000
v -1.316572 -2.583919 0.760000
v -0.896149 -2.758064 0.760000
v -0.453660 -2.864296 0.760000
v 0.000000 -2.900000 0.760000
v 0.453660 -2.864296 0.760000
v 0.896149 -2.758064 0.760000
v 1.316572 -2.583919 0.760000
v 1.704577 -2.346149 0.760000
v 2.050610 -2.050610 0.760000
v 2.346149 -1.704577 0.760000
v 2.583919 -1.316572 0.760000
v 2.758064 -0.896149 0.760000
v 2.864296 -0.453660 0.760000
v -2.909659 0.000000 0.752588
v -2.908660 0.000000 0.755000
v -2.907071 0.000000 0.757071
v -2.905000 0.000000 0.758660
v -2.902588 0.000000 0.759659
v -2.907484 -0.112476 0.752588
v -2.896076 -0.280823 0.752588
v -2.893913 -0.224238 0.759659
v -2.876049 -0.391610 0.759659
v -2.855453 -0.559023 0.752588
v -2.818247 -0.723603 0.752588
v -2.824827 -0.667360 0.759659
v -2.781393 -0.829983 0.759659
v -2.735253 -0.992225 0.752588
v -2.673138 -1.149108 0.752588
v -2.688304 -1.094551 0.759659
v -2.620336 -1.248541 0.759659
v -2.549754 -1.401739 0.752588
v -2.464213 -1.547181 0.752588
v -2.487602 -1.495611 0.759659
v -2.396725 -1.637293 0.759659
v -2.303385 -1.777789 0.752588
v -2.196460 -1.908318 0.752588
v -2.227514 -1.860967 0.759659
v -2.115896 -1.986958 0.759659
v -2.002027 -2.111399 0.752588
v -1.876271 -2.223898 0.752588
v -1.914249 -2.181896 0.759659
v -1.784554 -2.289189 0.759659
v -1.652875 -2.394603 0.752588
v -1.511290 -2.486387 0.752588
v -1.555284 -2.450736 0.759659
v -1.410610 -2.536769 0.759659
v -1.264264 -2.620640 0.752588
v -1.110229 -2.689518 0.752588
v -1.159191 -2.661070 0.759659
v -1.002990 -2.723789 0.759659
v -0.791491 -2.799939 0.752588
v -0.627858 -2.841111 0.752588
v -0.681006 -2.821569 0.759659
v -0.516305 -2.856300 0.759659
v -0.350721 -2.888445 0.752588
v -0.182699 -2.903918 0.752588
v -0.238222 -2.892796 0.759659
v -0.070137 -2.901741 0.759659
v 0.098422 -2.907994 0.752588
v 0.266822 -2.897399 0.752588
v 0.210248 -2.894963 0.759659
v 0.377705 -2.877908 0.759659
v 0.545216 -2.858121 0.752588
v 0.709973 -2.821711 0.752588
v 0.653700 -2.828020 0.759659
v 0.816530 -2.785372 0.759659
v 0.978993 -2.740016 0.752588
v 1.136175 -2.678661 0.752588
v 1.081545 -2.693562 0.759659
v 1.235862 -2.626340 0.759659
v 1.389399 -2.556499 0.752588
v 1.535253 -2.471662 0.752588
v 1.483571 -2.494802 0.759659
v 1.625690 -2.404610 0.759659
v 1.766636 -2.311950 0.752588
v 1.897680 -2.205658 0.752588
v 1.850179 -2.236483 0.759659
v 1.976709 -2.125474 0.759659
v 2.101698 -2.012208 0.752588
v 2.214804 -1.886998 0.752588
v 2.172618 -1.924772 0.759659
v 2.280537 -1.795597 0.759659
v 2.418316 -1.617981 0.752588
v 2.508038 -1.475080 0.752588
v 2.473029 -1.519587 0.759659
v 2.556955 -1.373680 0.759659
v 2.638695 -1.226134 0.752588
v 2.705333 -1.071117 0.752588
v 2.677598 -1.120486 0.759659
v 2.738046 -0.963392 0.759659
v 2.796081 -0.805014 0.752588
v 2.838043 -0.641583 0.752588
v 2.818244 -0.694635 0.759659
v 2.853771 -0.530104 0.759659
v 2.886716 -0.364677 0.752588
v 2.903001 -0.196732 0.752588
v 2.891611 -0.252201 0.759659
v 2.901368 -0.084161 0.759659
v 2.908436 0.084366 0.752588
v 2.898655 0.252815 0.752588
v 2.895946 0.196254 0.759659
v 2.879700 0.363791 0.759659
v 2.860723 0.531396 0.752588
v 2.825110 0.696327 0.752588
v 2.831146 0.640024 0.759659
v 2.789286 0.803058 0.759659
v 2.744716 0.965739 0.752588
v 2.684121 1.123215 0.752588
v 2.698758 1.068514 0.759659
v 2.632283 1.223154 0.759659
v 2.563184 1.377027 0.752588
v 2.479054 1.523289 0.752588
v 2.501943 1.471496 0.759659
v 2.412439 1.614049 0.759659
v 2.286093 1.799972 0.752588
v 2.177911 1.929461 0.752588
v 2.209421 1.882412 0.759659
v 2.096590 2.007318 0.759659
v 1.981524 2.130652 0.752588
v 1.854687 2.241931 0.752588
v 1.893069 2.200298 0.759659
v 1.762343 2.306332 0.759659
v 1.629651 2.410468 0.752588
v 1.487185 2.500879 0.752588
v 1.531522 2.465656 0.759659
v 1.386023 2.550286 0.759659
v 1.238873 2.632738 0.752588
v 1.084180 2.700124 0.752588
v 1.133414 2.672151 0.759659
v 0.976614 2.733357 0.759659
v 0.818519 2.792157 0.752588
v 0.655292 2.834909 0.752588
v 0.708248 2.814854 0.759659
v 0.543891 2.851175 0.759659
v 0.378625 2.884919 0.752588
v 0.210761 2.902016 0.752588
v 0.266174 2.890358 0.759659
v 0.098183 2.900927 0.759659
v -0.070308 2.908810 0.752588
v -0.238802 2.899843 0.752588
v -0.182255 2.896861 0.759659
v -0.349868 2.881425 0.759659
v -0.517563 2.863258 0.752588
v -0.682665 2.828442 0.752588
v -0.626333 2.834206 0.759659
v -0.789567 2.793135 0.759659
v -1.005433 2.730425 0.752588
v -1.162015 2.667553 0.752588
v -1.107531 2.682982 0.759659
v -1.261191 2.614271 0.759659
v -1.414046 2.542949 0.752588
v -1.559073 2.456707 0.752588
v -1.507617 2.480344 0.759659
v -1.648858 2.388783 0.759659
v -1.788901 2.294765 0.752588
v -1.918912 2.187211 0.752588
v -1.871711 2.218494 0.759659
v -1.997162 2.106268 0.759659
v -2.121050 1.991799 0.752588
v -2.232941 1.865501 0.752588
v -2.191122 1.903681 0.759659
v -2.297787 1.773469 0.759659
v -2.402563 1.641282 0.752588
v -2.493662 1.499255 0.752588
v -2.458225 1.543421 0.759659
v -2.543557 1.398332 0.759659
v -2.626720 1.251583 0.752588
v -2.694853 1.097217 0.752588
v -2.666642 1.146316 0.759659
v -2.728605 0.989814 0.759659
v -2.788169 0.832004 0.752588
v -2.831709 0.668986 0.752588
v -2.811398 0.721844 0.759659
v -2.848513 0.557665 0.759659
v -2.883056 0.392564 0.752588
v -2.900963 0.224784 0.752588
v -2.889038 0.280140 0.759659
v -2.900419 0.112203 0.759659
v 2.909523 -0.028126 0.752588
v 2.908524 -0.028116 0.755000
v 2.906935 -0.028101 0.757071
v 2.904864 -0.028081 0.758660
v 2.902453 -0.028057 0.759659
v 2.902453 0.028057 0.759659
v 2.904864 0.028081 0.758660
v 2.906935 0.028101 0.757071
v 2.908524 0.028116 0.755000
v 2.909523 0.028126 0.752588
v 2.870461 -0.475994 0.752588
v 2.869476 -0.475830 0.755000
v 2.867908 -0.475570 0.757071
v 2.865865 -0.475231 0.758660
v 2.863485 -0.474837 0.759659
v 2.872130 -0.419392 0.759659
v 2.874516 -0.419741 0.758660
v 2.876565 -0.420040 0.757071
v 2.878138 -0.420270 0.755000
v 2.879126 -0.420414 0.752588
v 2.762872 -0.912498 0.752588
v 2.761924 -0.912185 0.755000
v 2.760415 -0.911687 0.757071
v 2.758448 -0.911037 0.758660
v 2.756158 -0.910281 0.759659
v 2.773240 -0.856830 0.759659
v 2.775545 -0.857541 0.758660
v 2.777523 -0.858153 0.757071
v 2.779042 -0.858622 0.755000
v 2.779996 -0.858917 0.752588
v 2.589326 -1.327219 0.752588
v 2.588436 -1.326763 0.755000
v 2.587022 -1.326038 0.757071
v 2.585179 -1.325094 0.758660
v 2.583033 -1.323993 0.759659
v 2.608145 -1.273812 0.759659
v 2.610312 -1.274870 0.758660
v 2.612173 -1.275779 0.757071
v 2.613601 -1.276476 0.755000
v 2.614499 -1.276915 0.752588
v 2.320462 -1.755441 0.752588
v 2.319665 -1.754839 0.755000
v 2.318398 -1.753880 0.757071
v 2.316746 -1.752630 0.758660
v 2.314823 -1.751175 0.759659
v 2.348243 -1.706098 0.759659
v 2.350194 -1.707516 0.758660
v 2.351870 -1.708733 0.757071
v 2.353156 -1.709668 0.755000
v 2.353964 -1.710255 0.752588
v 2.022343 -2.091948 0.752588
v 2.021648 -2.091230 0.755000
v 2.020544 -2.090087 0.757071
v 2.019104 -2.088598 0.758660
v 2.017428 -2.086864 0.759659
v 2.057394 -2.047474 0.759659
v 2.059103 -2.049175 0.758660
v 2.060571 -2.050636 0.757071
v 2.061698 -2.051757 0.755000
v 2.062406 -2.052462 0.752588
v 1.675945 -2.378514 0.752588
v 1.675369 -2.377697 0.755000
v 1.674454 -2.376398 0.757071
v 1.673261 -2.374705 0.758660
v 1.671872 -2.372733 0.759659
v 1.717428 -2.339970 0.759659
v 1.718855 -2.341914 0.758660
v 1.720081 -2.343584 0.757071
v 1.721021 -2.344865 0.755000
v 1.721612 -2.345670 0.752588
v 1.289536 -2.608297 0.752588
v 1.289094 -2.607401 0.755000
v 1.288389 -2.605977 0.757071
v 1.287471 -2.604120 0.758660
v 1.286403 -2.601958 0.759659
v 1.336462 -2.576604 0.759659
v 1.337573 -2.578745 0.758660
v 1.338526 -2.580583 0.757071
v 1.339258 -2.581994 0.755000
v 1.339718 -2.582881 0.752588
v 0.872343 -2.775812 0.752588
v 0.872044 -2.774859 0.755000
v 0.871567 -2.773343 0.757071
v 0.870946 -2.771367 0.758660
v 0.870223 -2.769067 0.759659
v 0.923591 -2.751726 0.759659
v 0.924359 -2.754013 0.758660
v 0.925018 -2.755976 0.757071
v 0.925523 -2.757483 0.755000
v 0.925841 -2.758430 0.752588
v 0.434324 -2.877061 0.752588
v 0.434175 -2.876073 0.755000
v 0.433938 -2.874502 0.757071
v 0.433629 -2.872454 0.758660
v 0.433269 -2.870069 0.759659
v 0.488671 -2.861157 0.759659
v 0.489077 -2.863534 0.758660
v 0.489426 -2.865576 0.757071
v 0.489693 -2.867142 0.755000
v 0.489862 -2.868127 0.752588
v -0.014063 -2.909625 0.752588
v -0.014058 -2.908626 0.755000
v -0.014050 -2.907037 0.757071
v -0.014040 -2.904966 0.758660
v -0.014029 -2.902554 0.759659
v 0.042085 -2.902283 0.759659
v 0.042120 -2.904695 0.758660
v 0.042150 -2.906765 0.757071
v 0.042173 -2.908354 0.755000
v 0.042188 -2.909353 0.752588
v -0.462115 -2.872728 0.752588
v -0.461956 -2.871742 0.755000
v -0.461704 -2.870173 0.757071
v -0.461375 -2.868128 0.758660
v -0.460992 -2.865747 0.759659
v -0.405506 -2.874123 0.759659
v -0.405843 -2.876511 0.758660
v -0.406132 -2.878562 0.757071
v -0.406354 -2.880136 0.755000
v -0.406494 -2.881125 0.752588
v -0.952462 -2.749351 0.752588
v -0.952135 -2.748407 0.755000
v -0.951614 -2.746906 0.757071
v -0.950937 -2.744949 0.758660
v -0.950147 -2.742670 0.759659
v -0.896949 -2.760525 0.759659
v -0.897694 -2.762819 0.758660
v -0.898334 -2.764789 0.757071
v -0.898825 -2.766300 0.755000
v -0.899134 -2.767250 0.752588
v -1.364622 -2.569810 0.752588
v -1.364154 -2.568927 0.755000
v -1.363409 -2.567524 0.757071
v -1.362437 -2.565695 0.758660
v -1.361306 -2.563565 0.759659
v -1.311494 -2.589402 0.759659
v -1.312583 -2.591553 0.758660
v -1.313519 -2.593401 0.757071
v -1.314237 -2.594819 0.755000
v -1.314689 -2.595710 0.752588
v -1.744205 -2.328919 0.752588
v -1.743607 -2.328119 0.755000
v -1.742654 -2.326847 0.757071
v -1.741412 -2.325190 0.758660
v -1.739967 -2.323259 0.759659
v -1.694729 -2.356462 0.759659
v -1.696137 -2.358420 0.758660
v -1.697346 -2.360101 0.757071
v -1.698274 -2.361391 0.755000
v -1.698858 -2.362202 0.752588
v -2.082149 -2.032430 0.752588
v -2.081434 -2.031732 0.755000
v -2.080297 -2.030622 0.757071
v -2.078815 -2.029175 0.758660
v -2.077089 -2.027491 0.759659
v -2.037506 -2.067266 0.759659
v -2.039199 -2.068983 0.758660
v -2.040653 -2.070458 0.757071
v -2.041768 -2.071590 0.755000
v -2.042470 -2.072302 0.752588
v -2.370386 -1.687421 0.752588
v -2.369572 -1.686841 0.755000
v -2.368277 -1.685920 0.757071
v -2.366590 -1.684719 0.758660
v -2.364625 -1.683320 0.759659
v -2.331642 -1.728718 0.759659
v -2.333579 -1.730154 0.758660
v -2.335243 -1.731387 0.757071
v -2.336519 -1.732334 0.755000
v -2.337322 -1.732929 0.752588
v -2.602034 -1.302128 0.752588
v -2.601140 -1.301681 0.755000
v -2.599719 -1.300969 0.757071
v -2.597867 -1.300043 0.758660
v -2.595710 -1.298963 0.759659
v -2.570114 -1.348900 0.759659
v -2.572250 -1.350021 0.758660
v -2.574084 -1.350983 0.757071
v -2.575491 -1.351722 0.755000
v -2.576375 -1.352186 0.752588
v -2.771564 -0.885749 0.752588
v -2.770612 -0.885445 0.755000
v -2.769098 -0.884961 0.757071
v -2.767126 -0.884331 0.758660
v -2.764828 -0.883596 0.759659
v -2.747230 -0.936880 0.759659
v -2.749513 -0.937659 0.758660
v -2.751473 -0.938327 0.757071
v -2.752977 -0.938840 0.755000
v -2.753923 -0.939162 0.752588
v -2.874928 -0.448225 0.752588
v -2.873941 -0.448071 0.755000
v -2.872371 -0.447826 0.757071
v -2.870324 -0.447507 0.758660
v -2.867941 -0.447135 0.759659
v -2.858762 -0.502494 0.759659
v -2.861137 -0.502912 0.758660
v -2.863177 -0.503270 0.757071
v -2.864742 -0.503545 0.755000
v -2.865726 -0.503718 0.752588
v -2.909115 0.056249 0.752588
v -2.908117 0.056229 0.755000
v -2.906528 0.056199 0.757071
v -2.904457 0.056159 0.758660
v -2.902046 0.056112 0.759659
v -2.865726 0.503718 0.752588
v -2.864742 0.503545 0.755000
v -2.863177 0.503270 0.757071
v -2.861137 0.502912 0.758660
v -2.858762 0.502494 0.759659
v -2.867941 0.447135 0.759659
v -2.870324 0.447507 0.758660
v -2.872371 0.447826 0.757071
v -2.873941 0.448071 0.755000
v -2.874928 0.448225 0.752588
v -2.753923 0.939162 0.752588
v -2.752977 0.938840 0.755000
v -2.751473 0.938327 0.757071
v -2.749513 0.937659 0.758660
v -2.747230 0.936880 0.759659
v -2.764828 0.883596 0.759659
v -2.767126 0.884331 0.758660
v -2.769098 0.884961 0.757071
v -2.770612 0.885445 0.755000
v -2.771564 0.885749 0.752588
v -2.576375 1.352186 0.752588
v -2.575491 1.351722 0.755000
v -2.574084 1.350983 0.757071
v -2.572250 1.350021 0.758660
v -2.570114 1.348900 0.759659
v -2.595710 1.298963 0.759659
v -2.597867 1.300043 0.758660
v -2.599719 1.300969 0.757071
v -2.601140 1.301681 0.755000
v -2.602034 1.302128 0.752588
v -2.337322 1.732929 0.752588
v -2.336519 1.732334 0.755000
v -2.335243 1.731387 0.757071
v -2.333579 1.730154 0.758660
v -2.331642 1.728718 0.759659
v -2.364625 1.683320 0.759659
v -2.366590 1.684719 0.758660
v -2.368277 1.685920 0.757071
v -2.369572 1.686841 0.755000
v -2.370386 1.687421 0.752588
v -2.042470 2.072302 0.752588
v -2.041768 2.071590 0.755000
v -2.040653 2.070458 0.757071
v -2.039199 2.068983 0.758660
v -2.037506 2.067266 0.759659
v -2.077089 2.027491 0.759659
v -2.078815 2.029175 0.758660
v -2.080297 2.030622 0.757071
v -2.081434 2.031732 0.755000
v -2.082149 2.032430 0.752588
v -1.698858 2.362202 0.752588
v -1.698274 2.361391 0.755000
v -1.697346 2.360101 0.757071
v -1.696137 2.358420 0.758660
v -1.694729 2.356462 0.759659
v -1.739967 2.323259 0.759659
v -1.741412 2.325190 0.758660
v -1.742654 2.326847 0.757071
v -1.743607 2.328119 0.755000
v -1.744205 2.328919 0.752588
v -1.314689 2.595710 0.752588
v -1.314237 2.594819 0.755000
v -1.313519 2.593401 0.757071
v -1.312583 2.591553 0.758660
v -1.311494 2.589402 0.759659
v -1.361306 2.563565 0.759659
v -1.362437 2.565695 0.758660
v -1.363409 2.567524 0.757071
v -1.364154 2.568927 0.755000
v -1.364622 2.569810 0.752588
v -0.845471 2.784115 0.752588
v -0.845180 2.783159 0.755000
v -0.844718 2.781638 0.757071
v -0.844117 2.779657 0.758660
v -0.843416 2.777349 0.759659
v -0.896949 2.760525 0.759659
v -0.897694 2.762819 0.758660
v -0.898334 2.764789 0.757071
v -0.898825 2.766300 0.755000
v -0.899134 2.767250 0.752588
v -0.406494 2.881125 0.752588
v -0.406354 2.880136 0.755000
v -0.406132 2.878562 0.757071
v -0.405843 2.876511 0.758660
v -0.405506 2.874123 0.759659
v -0.460992 2.865747 0.759659
v -0.461375 2.868128 0.758660
v -0.461704 2.870173 0.757071
v -0.461956 2.871742 0.755000
v -0.462115 2.872728 0.752588
v 0.042188 2.909353 0.752588
v 0.042173 2.908354 0.755000
v 0.042150 2.906765 0.757071
v 0.042120 2.904695 0.758660
v 0.042085 2.902283 0.759659
v -0.014029 2.902554 0.759659
v -0.014040 2.904966 0.758660
v -0.014050 2.907037 0.757071
v -0.014058 2.908626 0.755000
v -0.014063 2.909625 0.752588
v 0.489862 2.868127 0.752588
v 0.489693 2.867142 0.755000
v 0.489426 2.865576 0.757071
v 0.489077 2.863534 0.758660
v 0.488671 2.861157 0.759659
v 0.433269 2.870069 0.759659
v 0.433629 2.872454 0.758660
v 0.433938 2.874502 0.757071
v 0.434175 2.876073 0.755000
v 0.434324 2.877061 0.752588
v 0.925841 2.758430 0.752588
v 0.925523 2.757483 0.755000
v 0.925018 2.755976 0.757071
v 0.924359 2.754013 0.758660
v 0.923591 2.751726 0.759659
v 0.870223 2.769067 0.759659
v 0.870946 2.771367 0.758660
v 0.871567 2.773343 0.757071
v 0.872044 2.774859 0.755000
v 0.872343 2.775812 0.752588
v 1.339718 2.582881 0.752588
v 1.339258 2.581994 0.755000
v 1.338526 2.580583 0.757071
v 1.337573 2.578745 0.758660
v 1.336462 2.576604 0.759659
v 1.286403 2.601958 0.759659
v 1.287471 2.604120 0.758660
v 1.288389 2.605977 0.757071
v 1.289094 2.607401 0.755000
v 1.289536 2.608297 0.752588
v 1.721612 2.345670 0.752588
v 1.721021 2.344865 0.755000
v 1.720081 2.343584 0.757071
v 1.718855 2.341914 0.758660
v 1.717428 2.339970 0.759659
v 1.671872 2.372733 0.759659
v 1.673261 2.374705 0.758660
v 1.674454 2.376398 0.757071
v 1.675369 2.377697 0.755000
v 1.675945 2.378514 0.752588
v 2.062406 2.052462 0.752588
v 2.061698 2.051757 0.755000
v 2.060571 2.050636 0.757071
v 2.059103 2.049175 0.758660
v 2.057394 2.047474 0.759659
v 2.017428 2.086864 0.759659
v 2.019104 2.088598 0.758660
v 2.020544 2.090087 0.757071
v 2.021648 2.091230 0.755000
v 2.022343 2.091948 0.752588
v 2.386586 1.664429 0.752588
v 2.385767 1.663858 0.755000
v 2.384463 1.662949 0.757071
v 2.382764 1.661764 0.758660
v 2.380786 1.660384 0.759659
v 2.348243 1.706098 0.759659
v 2.350194 1.707516 0.758660
v 2.351870 1.708733 0.757071
v 2.353156 1.709668 0.755000
v 2.353964 1.710255 0.752588
v 2.614499 1.276915 0.752588
v 2.613601 1.276476 0.755000
v 2.612173 1.275779 0.757071
v 2.610312 1.274870 0.758660
v 2.608145 1.273812 0.759659
v 2.583033 1.323993 0.759659
v 2.585179 1.325094 0.758660
v 2.587022 1.326038 0.757071
v 2.588436 1.326763 0.755000
v 2.589326 1.327219 0.752588
v 2.779996 0.858917 0.752588
v 2.779042 0.858622 0.755000
v 2.777523 0.858153 0.757071
v 2.775545 0.857541 0.758660
v 2.773240 0.856830 0.759659
v 2.756158 0.910281 0.759659
v 2.758448 0.911037 0.758660
v 2.760415 0.911687 0.757071
v 2.761924 0.912185 0.755000
v 2.762872 0.912498 0.752588
v 2.879126 0.420414 0.752588
v 2.878138 0.420270 0.755000
v 2.876565 0.420040 0.757071
v 2.874516 0.419741 0.758660
v 2.872130 0.419392 0.759659
v 2.863485 0.474837 0.759659
v 2.865865 0.475231 0.758660
v 2.867908 0.475570 0.757071
v 2.869476 0.475830 0.755000
v 2.870461 0.475994 0.752588
v 2.314823 1.751175 0.759659
v 2.316746 1.752630 0.758660
v 2.318398 1.753880 0.757071
v 2.319665 1.754839 0.755000
v 2.320462 1.755441 0.752588
v -0.950147 2.742670 0.759659
v -0.950937 2.744949 0.758660
v -0.951614 2.746906 0.757071
v -0.952135 2.748407 0.755000
v -0.952462 2.749351 0.752588
v -2.902046 -0.056112 0.759659
v -2.904457 -0.056159 0.758660
v -2.906528 -0.056199 0.757071
v -2.908117 -0.056229 0.755000
v -2.909115 -0.056249 0.752588
v -0.843416 -2.777349 0.759659
v -0.844117 -2.779657 0.758660
v -0.844718 -2.781638 0.757071
v -0.845180 -2.783159 0.755000
v -0.845471 -2.784115 0.752588
v 2.380786 -1.660384 0.759659
v 2.382764 -1.661764 0.758660
v 2.384463 -1.662949 0.757071
v 2.385767 -1.663858 0.755000
v 2.386586 -1.664429 0.752588
v -2.900419 -0.112203 0.759659
v -2.902829 -0.112296 0.758660
v -2.904898 -0.112376 0.757071
v -2.906486 -0.112438 0.755000
v -2.900963 -0.224784 0.752588
v -2.897708 -0.168252 0.759659
v -2.900115 -0.168392 0.758660
v -2.902183 -0.168512 0.757071
v -2.903769 -0.168604 0.755000
v -2.904767 -0.168662 0.752588
v -2.896318 -0.224424 0.758660
v -2.898383 -0.224584 0.757071
v -2.899967 -0.224707 0.755000
v -2.883056 -0.392564 0.752588
v -2.889038 -0.280140 0.759659
v -2.891438 -0.280373 0.758660
v -2.893500 -0.280573 0.757071
v -2.895082 -0.280726 0.755000
v -2.883082 -0.335938 0.759659
v -2.885478 -0.336217 0.758660
v -2.887535 -0.336457 0.757071
v -2.889114 -0.336641 0.755000
v -2.890106 -0.336756 0.752588
v -2.878439 -0.391935 0.758660
v -2.880491 -0.392215 0.757071
v -2.882066 -0.392429 0.755000
v -2.848513 -0.557665 0.759659
v -2.850880 -0.558128 0.758660
v -2.852913 -0.558526 0.757071
v -2.854472 -0.558831 0.755000
v -2.831709 -0.668986 0.752588
v -2.837200 -0.612627 0.759659
v -2.839558 -0.613136 0.758660
v -2.841582 -0.613573 0.757071
v -2.843136 -0.613909 0.755000
v -2.844112 -0.614119 0.752588
v -2.827174 -0.667915 0.758660
v -2.829190 -0.668391 0.757071
v -2.830736 -0.668756 0.755000
v -2.788169 -0.832004 0.752588
v -2.811398 -0.721844 0.759659
v -2.813734 -0.722444 0.758660
v -2.815740 -0.722959 0.757071
v -2.817279 -0.723354 0.755000
v -2.796918 -0.776058 0.759659
v -2.799242 -0.776703 0.758660
v -2.801238 -0.777257 0.757071
v -2.802769 -0.777682 0.755000
v -2.803732 -0.777949 0.752588
v -2.783704 -0.830672 0.758660
v -2.785689 -0.831264 0.757071
v -2.787211 -0.831719 0.755000
v -2.728605 -0.989814 0.759659
v -2.730873 -0.990636 0.758660
v -2.732819 -0.991342 0.757071
v -2.734313 -0.991884 0.755000
v -2.694853 -1.097217 0.752588
v -2.708961 -1.042377 0.759659
v -2.711212 -1.043243 0.758660
v -2.713144 -1.043987 0.757071
v -2.714628 -1.044558 0.755000
v -2.715560 -1.044916 0.752588
v -2.690537 -1.095460 0.758660
v -2.692455 -1.096241 0.757071
v -2.693927 -1.096841 0.755000
v -2.626720 -1.251583 0.752588
v -2.666642 -1.146316 0.759659
v -2.668857 -1.147268 0.758660
v -2.670760 -1.148086 0.757071
v -2.672220 -1.148714 0.755000
v -2.643983 -1.197652 0.759659
v -2.646180 -1.198647 0.758660
v -2.648067 -1.199502 0.757071
v -2.649514 -1.200158 0.755000
v -2.650424 -1.200570 0.752588
v -2.622514 -1.249579 0.758660
v -2.624383 -1.250469 0.757071
v -2.625818 -1.251153 0.755000
v -2.543557 -1.398332 0.759659
v -2.545671 -1.399494 0.758660
v -2.547486 -1.400492 0.757071
v -2.548878 -1.401258 0.755000
v -2.493662 -1.499255 0.752588
v -2.516050 -1.447242 0.759659
v -2.518141 -1.448445 0.758660
v -2.519936 -1.449478 0.757071
v -2.521313 -1.450270 0.755000
v -2.522179 -1.450768 0.752588
v -2.489669 -1.496854 0.758660
v -2.491444 -1.497921 0.757071
v -2.492806 -1.498740 0.755000
v -2.402563 -1.641282 0.752588
v -2.458225 -1.543421 0.759659
v -2.460267 -1.544704 0.758660
v -2.462021 -1.545805 0.757071
v -2.463367 -1.546650 0.755000
v -2.427928 -1.590655 0.759659
v -2.429946 -1.591976 0.758660
v -2.431678 -1.593111 0.757071
v -2.433007 -1.593982 0.755000
v -2.433843 -1.594530 0.752588
v -2.398716 -1.638654 0.758660
v -2.400426 -1.639822 0.757071
v -2.401738 -1.640718 0.755000
v -2.297787 -1.773469 0.759659
v -2.299696 -1.774943 0.758660
v -2.301336 -1.776208 0.757071
v -2.302594 -1.777179 0.755000
v -2.232941 -1.865501 0.752588
v -2.263074 -1.817558 0.759659
v -2.264954 -1.819068 0.758660
v -2.266569 -1.820365 0.757071
v -2.267808 -1.821360 0.755000
v -2.268587 -1.821986 0.752588
v -2.229365 -1.862513 0.758660
v -2.230954 -1.863841 0.757071
v -2.232174 -1.864860 0.755000
v -2.121050 -1.991799 0.752588
v -2.191122 -1.903681 0.759659
v -2.192943 -1.905263 0.758660
v -2.194506 -1.906621 0.757071
v -2.195706 -1.907663 0.755000
v -2.153912 -1.945683 0.759659
v -2.155701 -1.947300 0.758660
v -2.157238 -1.948688 0.757071
v -2.158417 -1.949753 0.755000
v -2.159159 -1.950423 0.752588
v -2.117654 -1.988609 0.758660
v -2.119164 -1.990027 0.757071
v -2.120322 -1.991115 0.755000
v -1.997162 -2.106268 0.759659
v -1.998821 -2.108018 0.758660
v -2.000246 -2.109521 0.757071
v -2.001340 -2.110674 0.755000
v -1.918912 -2.187211 0.752588
v -1.956071 -2.144482 0.759659
v -1.957696 -2.146264 0.758660
v -1.959092 -2.147794 0.757071
v -1.960163 -2.148969 0.755000
v -1.960836 -2.149707 0.752588
v -1.915839 -2.183709 0.758660
v -1.917205 -2.185266 0.757071
v -1.918253 -2.186460 0.755000
v -1.788901 -2.294765 0.752588
v -1.871711 -2.218494 0.759659
v -1.873267 -2.220337 0.758660
v -1.874602 -2.221920 0.757071
v -1.875627 -2.223135 0.755000
v -1.828474 -2.254262 0.759659
v -1.829994 -2.256136 0.758660
v -1.831298 -2.257744 0.757071
v -1.832299 -2.258978 0.755000
v -1.832929 -2.259754 0.752588
v -1.786037 -2.291091 0.758660
v -1.787310 -2.292724 0.757071
v -1.788287 -2.293978 0.755000
v -1.648858 -2.388783 0.759659
v -1.650228 -2.390768 0.758660
v -1.651405 -2.392473 0.757071
v -1.652307 -2.393780 0.755000
v -1.559073 -2.456707 0.752588
v -1.602371 -2.420212 0.759659
v -1.603702 -2.422223 0.758660
v -1.604845 -2.423950 0.757071
v -1.605723 -2.425275 0.755000
v -1.606274 -2.426108 0.752588
v -1.556577 -2.452773 0.758660
v -1.557687 -2.454521 0.757071
v -1.558538 -2.455863 0.755000
v -1.414046 -2.542949 0.752588
v -1.507617 -2.480344 0.759659
v -1.508870 -2.482405 0.758660
v -1.509945 -2.484175 0.757071
v -1.510771 -2.485533 0.755000
v -1.459386 -2.509026 0.759659
v -1.460599 -2.511111 0.758660
v -1.461640 -2.512901 0.757071
v -1.462439 -2.514274 0.755000
v -1.462941 -2.515138 0.752588
v -1.411782 -2.538877 0.758660
v -1.412788 -2.540687 0.757071
v -1.413561 -2.542076 0.755000
v -1.261191 -2.614271 0.759659
v -1.262239 -2.616444 0.758660
v -1.263139 -2.618309 0.757071
v -1.263829 -2.619740 0.755000
v -1.162015 -2.667553 0.752588
v -1.210417 -2.638164 0.759659
v -1.211423 -2.640356 0.758660
v -1.212287 -2.642238 0.757071
v -1.212949 -2.643683 0.755000
v -1.213366 -2.644591 0.752588
v -1.160154 -2.663281 0.758660
v -1.160981 -2.665180 0.757071
v -1.161616 -2.666637 0.755000
v -1.005433 -2.730425 0.752588
v -1.107531 -2.682982 0.759659
v -1.108452 -2.685211 0.758660
v -1.109242 -2.687126 0.757071
v -1.109848 -2.688595 0.755000
v -1.055458 -2.703891 0.759659
v -1.056335 -2.706138 0.758660
v -1.057088 -2.708067 0.757071
v -1.057666 -2.709547 0.755000
v -1.058029 -2.710478 0.752588
v -1.003823 -2.726053 0.758660
v -1.004539 -2.727996 0.757071
v -1.005088 -2.729488 0.755000
v -0.789567 -2.793135 0.759659
v -0.790224 -2.795455 0.758660
v -0.790787 -2.797448 0.757071
v -0.791219 -2.798978 0.755000
v -0.682665 -2.828442 0.752588
v -0.735424 -2.807876 0.759659
v -0.736035 -2.810209 0.758660
v -0.736560 -2.812213 0.757071
v -0.736962 -2.813750 0.755000
v -0.737216 -2.814717 0.752588
v -0.681571 -2.823913 0.758660
v -0.682057 -2.825926 0.757071
v -0.682430 -2.827471 0.755000
v -0.517563 -2.863258 0.752588
v -0.626333 -2.834206 0.759659
v -0.626853 -2.836561 0.758660
v -0.627300 -2.838584 0.757071
v -0.627643 -2.840135 0.755000
v -0.571426 -2.845785 0.759659
v -0.571900 -2.848149 0.758660
v -0.572308 -2.850180 0.757071
v -0.572621 -2.851738 0.755000
v -0.572818 -2.852717 0.752588
v -0.516734 -2.858673 0.758660
v -0.517102 -2.860711 0.757071
v -0.517385 -2.862275 0.755000
v -0.349868 -2.881425 0.759659
v -0.350159 -2.883819 0.758660
v -0.350409 -2.885875 0.757071
v -0.350600 -2.887453 0.755000
v -0.238802 -2.899843 0.752588
v -0.294100 -2.887650 0.759659
v -0.294345 -2.890049 0.758660
v -0.294554 -2.892110 0.757071
v -0.294715 -2.893691 0.755000
v -0.294817 -2.894685 0.752588
v -0.238420 -2.895200 0.758660
v -0.238590 -2.897264 0.757071
v -0.238720 -2.898847 0.755000
v -0.070308 -2.908810 0.752588
v -0.182255 -2.896861 0.759659
v -0.182406 -2.899268 0.758660
v -0.182536 -2.901335 0.757071
v -0.182636 -2.902921 0.755000
v -0.126220 -2.899842 0.759659
v -0.126325 -2.902252 0.758660
v -0.126415 -2.904321 0.757071
v -0.126484 -2.905909 0.755000
v -0.126527 -2.906907 0.752588
v -0.070196 -2.904152 0.758660
v -0.070246 -2.906222 0.757071
v -0.070284 -2.907811 0.755000
v 0.098183 -2.900927 0.759659
v 0.098265 -2.903338 0.758660
v 0.098335 -2.905407 0.757071
v 0.098389 -2.906996 0.755000
v 0.210761 -2.902016 0.752588
v 0.154245 -2.898487 0.759659
v 0.154373 -2.900895 0.758660
v 0.154483 -2.902963 0.757071
v 0.154567 -2.904550 0.755000
v 0.154620 -2.905548 0.752588
v 0.210423 -2.897369 0.758660
v 0.210573 -2.899435 0.757071
v 0.210688 -2.901020 0.755000
v 0.378625 -2.884919 0.752588
v 0.266174 -2.890358 0.759659
v 0.266395 -2.892760 0.758660
v 0.266585 -2.894822 0.757071
v 0.266730 -2.896404 0.755000
v 0.321999 -2.884672 0.759659
v 0.322267 -2.887069 0.758660
v 0.322497 -2.889128 0.757071
v 0.322673 -2.890707 0.755000
v 0.322784 -2.891700 0.752588
v 0.378019 -2.880300 0.758660
v 0.378288 -2.882353 0.757071
v 0.378495 -2.883929 0.755000
v 0.543891 -2.851175 0.759659
v 0.544343 -2.853544 0.758660
v 0.544731 -2.855579 0.757071
v 0.545029 -2.857140 0.755000
v 0.655292 -2.834909 0.752588
v 0.598907 -2.840128 0.759659
v 0.599405 -2.842488 0.758660
v 0.599832 -2.844515 0.757071
v 0.600160 -2.846070 0.755000
v 0.600366 -2.847047 0.752588
v 0.654243 -2.830369 0.758660
v 0.654709 -2.832387 0.757071
v 0.655067 -2.833936 0.755000
v 0.818519 -2.792157 0.752588
v 0.708248 -2.814854 0.759659
v 0.708836 -2.817193 0.758660
v 0.709342 -2.819201 0.757071
v 0.709729 -2.820742 0.755000
v 0.762531 -2.800636 0.759659
v 0.763165 -2.802963 0.758660
v 0.763709 -2.804962 0.757071
v 0.764126 -2.806495 0.755000
v 0.764389 -2.807459 0.752588
v 0.817208 -2.787686 0.758660
v 0.817791 -2.789674 0.757071
v 0.818238 -2.791199 0.755000
v 0.976614 -2.733357 0.759659
v 0.977426 -2.735629 0.758660
v 0.978122 -2.737579 0.757071
v 0.978657 -2.739075 0.755000
v 1.084180 -2.700124 0.752588
v 1.029272 -2.713967 0.759659
v 1.030127 -2.716222 0.758660
v 1.030862 -2.718159 0.757071
v 1.031425 -2.719645 0.755000
v 1.031779 -2.720579 0.752588
v 1.082444 -2.695800 0.758660
v 1.083215 -2.697722 0.757071
v 1.083808 -2.699197 0.755000
v 1.238873 -2.632738 0.752588
v 1.133414 -2.672151 0.759659
v 1.134356 -2.674371 0.758660
v 1.135165 -2.676278 0.757071
v 1.135785 -2.677741 0.755000
v 1.184859 -2.649741 0.759659
v 1.185844 -2.651942 0.758660
v 1.186689 -2.653833 0.757071
v 1.187338 -2.655284 0.755000
v 1.187746 -2.656196 0.752588
v 1.236889 -2.628523 0.758660
v 1.237771 -2.630396 0.757071
v 1.238447 -2.631834 0.755000
v 1.386023 -2.550286 0.759659
v 1.387174 -2.552405 0.758660
v 1.388163 -2.554225 0.757071
v 1.388922 -2.555621 0.755000
v 1.487185 -2.500879 0.752588
v 1.435065 -2.523015 0.759659
v 1.436257 -2.525112 0.758660
v 1.437281 -2.526912 0.757071
v 1.438067 -2.528293 0.755000
v 1.438561 -2.529162 0.752588
v 1.484804 -2.496875 0.758660
v 1.485862 -2.498655 0.757071
v 1.486674 -2.500021 0.755000
v 1.629651 -2.410468 0.752588
v 1.531522 -2.465656 0.759659
v 1.532795 -2.467704 0.758660
v 1.533888 -2.469464 0.757071
v 1.534726 -2.470814 0.755000
v 1.578901 -2.435588 0.759659
v 1.580213 -2.437612 0.758660
v 1.581340 -2.439350 0.757071
v 1.582204 -2.440683 0.755000
v 1.582748 -2.441521 0.752588
v 1.627041 -2.406608 0.758660
v 1.628201 -2.408324 0.757071
v 1.629091 -2.409640 0.755000
v 1.762343 -2.306332 0.759659
v 1.763807 -2.308248 0.758660
v 1.765065 -2.309894 0.757071
v 1.766029 -2.311156 0.755000
v 1.854687 -2.241931 0.752588
v 1.806599 -2.271832 0.759659
v 1.808100 -2.273719 0.758660
v 1.809389 -2.275340 0.757071
v 1.810378 -2.276584 0.755000
v 1.811000 -2.277366 0.752588
v 1.851717 -2.238341 0.758660
v 1.853037 -2.239937 0.757071
v 1.854050 -2.241161 0.755000
v 1.981524 -2.130652 0.752588
v 1.893069 -2.200298 0.759659
v 1.894641 -2.202126 0.758660
v 1.895992 -2.203696 0.757071
v 1.897029 -2.204900 0.755000
v 1.935250 -2.163290 0.759659
v 1.936858 -2.165088 0.758660
v 1.938239 -2.166631 0.757071
v 1.939299 -2.167816 0.755000
v 1.939965 -2.168560 0.752588
v 1.978351 -2.127240 0.758660
v 1.979761 -2.128757 0.757071
v 1.980844 -2.129921 0.755000
v 2.096590 -2.007318 0.759659
v 2.098332 -2.008986 0.758660
v 2.099828 -2.010419 0.757071
v 2.100976 -2.011518 0.755000
v 2.177911 -1.929461 0.752588
v 2.135003 -1.966413 0.759659
v 2.136777 -1.968047 0.758660
v 2.138301 -1.969450 0.757071
v 2.139470 -1.970526 0.755000
v 2.140204 -1.971203 0.752588
v 2.174424 -1.926371 0.758660
v 2.175974 -1.927745 0.757071
v 2.177163 -1.928798 0.755000
v 2.286093 -1.799972 0.752588
v 2.209421 -1.882412 0.759659
v 2.211257 -1.883976 0.758660
v 2.212834 -1.885319 0.757071
v 2.214043 -1.886350 0.755000
v 2.245399 -1.839348 0.759659
v 2.247264 -1.840877 0.758660
v 2.248867 -1.842189 0.757071
v 2.250096 -1.843196 0.755000
v 2.250869 -1.843829 0.752588
v 2.282432 -1.797089 0.758660
v 2.284059 -1.798370 0.757071
v 2.285308 -1.799354 0.755000
v 2.412439 -1.614049 0.759659
v 2.414444 -1.615390 0.758660
v 2.416165 -1.616542 0.757071
v 2.417486 -1.617426 0.755000
v 2.479054 -1.523289 0.752588
v 2.443191 -1.567111 0.759659
v 2.445221 -1.568413 0.758660
v 2.446964 -1.569532 0.757071
v 2.448302 -1.570390 0.755000
v 2.449143 -1.570929 0.752588
v 2.475084 -1.520850 0.758660
v 2.476848 -1.521934 0.757071
v 2.478202 -1.522766 0.755000
v 2.563184 -1.377027 0.752588
v 2.501943 -1.471496 0.759659
v 2.504022 -1.472718 0.758660
v 2.505807 -1.473768 0.757071
v 2.507177 -1.474574 0.755000
v 2.529922 -1.422854 0.759659
v 2.532024 -1.424036 0.758660
v 2.533829 -1.425051 0.757071
v 2.535214 -1.425830 0.755000
v 2.536085 -1.426320 0.752588
v 2.559080 -1.374822 0.758660
v 2.560904 -1.375802 0.757071
v 2.562304 -1.376554 0.755000
v 2.632283 -1.223154 0.759659
v 2.634470 -1.224170 0.758660
v 2.636348 -1.225043 0.757071
v 2.637789 -1.225713 0.755000
v 2.684121 -1.123215 0.752588
v 2.655436 -1.172039 0.759659
v 2.657643 -1.173013 0.758660
v 2.659538 -1.173849 0.757071
v 2.660991 -1.174491 0.755000
v 2.661905 -1.174894 0.752588
v 2.679823 -1.121417 0.758660
v 2.681733 -1.122216 0.757071
v 2.683199 -1.122830 0.755000
v 2.744716 -0.965739 0.752588
v 2.698758 -1.068514 0.759659
v 2.701001 -1.069402 0.758660
v 2.702926 -1.070164 0.757071
v 2.704404 -1.070749 0.755000
v 2.718910 -1.016143 0.759659
v 2.721169 -1.016987 0.758660
v 2.723109 -1.017712 0.757071
v 2.724598 -1.018268 0.755000
v 2.725534 -1.018618 0.752588
v 2.740321 -0.964192 0.758660
v 2.742274 -0.964880 0.757071
v 2.743774 -0.965407 0.755000
v 2.789286 -0.803058 0.759659
v 2.791604 -0.803725 0.758660
v 2.793594 -0.804298 0.757071
v 2.795121 -0.804738 0.755000
v 2.825110 -0.696327 0.752588
v 2.804289 -0.748986 0.759659
v 2.806619 -0.749609 0.758660
v 2.808620 -0.750143 0.757071
v 2.810156 -0.750553 0.755000
v 2.811121 -0.750811 0.752588
v 2.820586 -0.695212 0.758660
v 2.822597 -0.695708 0.757071
v 2.824140 -0.696088 0.755000
v 2.860723 -0.531396 0.752588
v 2.831146 -0.640024 0.759659
v 2.833498 -0.640555 0.758660
v 2.835519 -0.641012 0.757071
v 2.837069 -0.641363 0.755000
v 2.842990 -0.585173 0.759659
v 2.845352 -0.585659 0.758660
v 2.847380 -0.586077 0.757071
v 2.848937 -0.586397 0.755000
v 2.849916 -0.586599 0.752588
v 2.856142 -0.530545 0.758660
v 2.858178 -0.530923 0.757071
v 2.859741 -0.531213 0.755000
v 2.879700 -0.363791 0.759659
v 2.882093 -0.364093 0.758660
v 2.884148 -0.364353 0.757071
v 2.885725 -0.364552 0.755000
v 2.898655 -0.252815 0.752588
v 2.886195 -0.308053 0.759659
v 2.888593 -0.308309 0.758660
v 2.890652 -0.308529 0.757071
v 2.892233 -0.308698 0.755000
v 2.893226 -0.308804 0.752588
v 2.894013 -0.252410 0.758660
v 2.896077 -0.252590 0.757071
v 2.897660 -0.252728 0.755000
v 2.908436 -0.084366 0.752588
v 2.895946 -0.196254 0.759659
v 2.898352 -0.196417 0.758660
v 2.900418 -0.196557 0.757071
v 2.902004 -0.196665 0.755000
v 2.899199 -0.140234 0.759659
v 2.901608 -0.140350 0.758660
v 2.903676 -0.140450 0.757071
v 2.905264 -0.140527 0.755000
v 2.906261 -0.140575 0.752588
v 2.903779 -0.084231 0.758660
v 2.905849 -0.084291 0.757071
v 2.907437 -0.084337 0.755000
v 2.901368 0.084161 0.759659
v 2.903779 0.084231 0.758660
v 2.905849 0.084291 0.757071
v 2.907437 0.084337 0.755000
v 2.903001 0.196732 0.752588
v 2.899199 0.140234 0.759659
v 2.901608 0.140350 0.758660
v 2.903676 0.140450 0.757071
v 2.905264 0.140527 0.755000
v 2.906261 0.140575 0.752588
v 2.898352 0.196417 0.758660
v 2.900418 0.196557 0.757071
v 2.902004 0.196665 0.755000
v 2.886716 0.364677 0.752588
v 2.891611 0.252201 0.759659
v 2.894013 0.252410 0.758660
v 2.896077 0.252590 0.757071
v 2.897660 0.252728 0.755000
v 2.886195 0.308053 0.759659
v 2.888593 0.308309 0.758660
v 2.890652 0.308529 0.757071
v 2.892233 0.308698 0.755000
v 2.893226 0.308804 0.752588
v 2.882093 0.364093 0.758660
v 2.884148 0.364353 0.757071
v 2.885725 0.364552 0.755000
v 2.853771 0.530104 0.759659
v 2.856142 0.530545 0.758660
v 2.858178 0.530923 0.757071
v 2.859741 0.531213 0.755000
v 2.838043 0.641583 0.752588
v 2.842990 0.585173 0.759659
v 2.845352 0.585659 0.758660
v 2.847380 0.586077 0.757071
v 2.848937 0.586397 0.755000
v 2.849916 0.586599 0.752588
v 2.833498 0.640555 0.758660
v 2.835519 0.641012 0.757071
v 2.837069 0.641363 0.755000
v 2.796081 0.805014 0.752588
v 2.818244 0.694635 0.759659
v 2.820586 0.695212 0.758660
v 2.822597 0.695708 0.757071
v 2.824140 0.696088 0.755000
v 2.804289 0.748986 0.759659
v 2.806619 0.749609 0.758660
v 2.808620 0.750143 0.757071
v 2.810156 0.750553 0.755000
v 2.811121 0.750811 0.752588
v 2.791604 0.803725 0.758660
v 2.793594 0.804298 0.757071
v 2.795121 0.804738 0.755000
v 2.738046 0.963392 0.759659
v 2.740321 0.964192 0.758660
v 2.742274 0.964880 0.757071
v 2.743774 0.965407 0.755000
v 2.705333 1.071117 0.752588
v 2.718910 1.016143 0.759659
v 2.721169 1.016987 0.758660
v 2.723109 1.017712 0.757071
v 2.724598 1.018268 0.755000
v 2.725534 1.018618 0.752588
v 2.701001 1.069402 0.758660
v 2.702926 1.070164 0.757071
v 2.704404 1.070749 0.755000
v 2.638695 1.226134 0.752588
v 2.677598 1.120486 0.759659
v 2.679823 1.121417 0.758660
v 2.681733 1.122216 0.757071
v 2.683199 1.122830 0.755000
v 2.655436 1.172039 0.759659
v 2.657643 1.173013 0.758660
v 2.659538 1.173849 0.757071
v 2.660991 1.174491 0.755000
v 2.661905 1.174894 0.752588
v 2.634470 1.224170 0.758660
v 2.636348 1.225043 0.757071
v 2.637789 1.225713 0.755000
v 2.556955 1.373680 0.759659
v 2.559080 1.374822 0.758660
v 2.560904 1.375802 0.757071
v 2.562304 1.376554 0.755000
v 2.508038 1.475080 0.752588
v 2.529922 1.422854 0.759659
v 2.532024 1.424036 0.758660
v 2.533829 1.425051 0.757071
v 2.535214 1.425830 0.755000
v 2.536085 1.426320 0.752588
v 2.504022 1.472718 0.758660
v 2.505807 1.473768 0.757071
v 2.507177 1.474574 0.755000
v 2.418316 1.617981 0.752588
v 2.473029 1.519587 0.759659
v 2.475084 1.520850 0.758660
v 2.476848 1.521934 0.757071
v 2.478202 1.522766 0.755000
v 2.443191 1.567111 0.759659
v 2.445221 1.568413 0.758660
v 2.446964 1.569532 0.757071
v 2.448302 1.570390 0.755000
v 2.449143 1.570929 0.752588
v 2.414444 1.615390 0.758660
v 2.416165 1.616542 0.757071
v 2.417486 1.617426 0.755000
v 2.280537 1.795597 0.759659
v 2.282432 1.797089 0.758660
v 2.284059 1.798370 0.757071
v 2.285308 1.799354 0.755000
v 2.214804 1.886998 0.752588
v 2.245399 1.839348 0.759659
v 2.247264 1.840877 0.758660
v 2.248867 1.842189 0.757071
v 2.250096 1.843196 0.755000
v 2.250869 1.843829 0.752588
v 2.211257 1.883976 0.758660
v 2.212834 1.885319 0.757071
v 2.214043 1.886350 0.755000
v 2.101698 2.012208 0.752588
v 2.172618 1.924772 0.759659
v 2.174424 1.926371 0.758660
v 2.175974 1.927745 0.757071
v 2.177163 1.928798 0.755000
v 2.135003 1.966413 0.759659
v 2.136777 1.968047 0.758660
v 2.138301 1.969450 0.757071
v 2.139470 1.970526 0.755000
v 2.140204 1.971203 0.752588
v 2.098332 2.008986 0.758660
v 2.099828 2.010419 0.757071
v 2.100976 2.011518 0.755000
v 1.976709 2.125474 0.759659
v 1.978351 2.127240 0.758660
v 1.979761 2.128757 0.757071
v 1.980844 2.129921 0.755000
v 1.897680 2.205658 0.752588
v 1.935250 2.163290 0.759659
v 1.936858 2.165088 0.758660
v 1.938239 2.166631 0.757071
v 1.939299 2.167816 0.755000
v 1.939965 2.168560 0.752588
v 1.894641 2.202126 0.758660
v 1.895992 2.203696 0.757071
v 1.897029 2.204900 0.755000
v 1.766636 2.311950 0.752588
v 1.850179 2.236483 0.759659
v 1.851717 2.238341 0.758660
v 1.853037 2.239937 0.757071
v 1.854050 2.241161 0.755000
v 1.806599 2.271832 0.759659
v 1.808100 2.273719 0.758660
v 1.809389 2.275340 0.757071
v 1.810378 2.276584 0.755000
v 1.811000 2.277366 0.752588
v 1.763807 2.308248 0.758660
v 1.765065 2.309894 0.757071
v 1.766029 2.311156 0.755000
v 1.625690 2.404610 0.759659
v 1.627041 2.406608 0.758660
v 1.628201 2.408324 0.757071
v 1.629091 2.409640 0.755000
v 1.535253 2.471662 0.752588
v 1.578901 2.435588 0.759659
v 1.580213 2.437612 0.758660
v 1.581340 2.439350 0.757071
v 1.582204 2.440683 0.755000
v 1.582748 2.441521 0.752588
v 1.532795 2.467704 0.758660
v 1.533888 2.469464 0.757071
v 1.534726 2.470814 0.755000
v 1.389399 2.556499 0.752588
v 1.483571 2.494802 0.759659
v 1.484804 2.496875 0.758660
v 1.485862 2.498655 0.757071
v 1.486674 2.500021 0.755000
v 1.435065 2.523015 0.759659
v 1.436257 2.525112 0.758660
v 1.437281 2.526912 0.757071
v 1.438067 2.528293 0.755000
v 1.438561 2.529162 0.752588
v 1.387174 2.552405 0.758660
v 1.388163 2.554225 0.757071
v 1.388922 2.555621 0.755000
v 1.235862 2.626340 0.759659
v 1.236889 2.628523 0.758660
v 1.237771 2.630396 0.757071
v 1.238447 2.631834 0.755000
v 1.136175 2.678661 0.752588
v 1.184859 2.649741 0.759659
v 1.185844 2.651942 0.758660
v 1.186689 2.653833 0.757071
v 1.187338 2.655284 0.755000
v 1.187746 2.656196 0.752588
v 1.134356 2.674371 0.758660
v 1.135165 2.676278 0.757071
v 1.135785 2.677741 0.755000
v 0.978993 2.740016 0.752588
v 1.081545 2.693562 0.759659
v 1.082444 2.695800 0.758660
v 1.083215 2.697722 0.757071
v 1.083808 2.699197 0.755000
v 1.029272 2.713967 0.759659
v 1.030127 2.716222 0.758660
v 1.030862 2.718159 0.757071
v 1.031425 2.719645 0.755000
v 1.031779 2.720579 0.752588
v 0.977426 2.735629 0.758660
v 0.978122 2.737579 0.757071
v 0.978657 2.739075 0.755000
v 0.816530 2.785372 0.759659
v 0.817208 2.787686 0.758660
v 0.817791 2.789674 0.757071
v 0.818238 2.791199 0.755000
v 0.709973 2.821711 0.752588
v 0.762531 2.800636 0.759659
v 0.763165 2.802963 0.758660
v 0.763709 2.804962 0.757071
v 0.764126 2.806495 0.755000
v 0.764389 2.807459 0.752588
v 0.708836 2.817193 0.758660
v 0.709342 2.819201 0.757071
v 0.709729 2.820742 0.755000
v 0.545216 2.858121 0.752588
v 0.653700 2.828020 0.759659
v 0.654243 2.830369 0.758660
v 0.654709 2.832387 0.757071
v 0.655067 2.833936 0.755000
v 0.598907 2.840128 0.759659
v 0.599405 2.842488 0.758660
v 0.599832 2.844515 0.757071
v 0.600160 2.846070 0.755000
v 0.600366 2.847047 0.752588
v 0.544343 2.853544 0.758660
v 0.544731 2.855579 0.757071
v 0.545029 2.857140 0.755000
v 0.377705 2.877908 0.759659
v 0.378019 2.880300 0.758660
v 0.378288 2.882353 0.757071
v 0.378495 2.883929 0.755000
v 0.266822 2.897399 0.752588
v 0.321999 2.884672 0.759659
v 0.322267 2.887069 0.758660
v 0.322497 2.889128 0.757071
v 0.322673 2.890707 0.755000
v 0.322784 2.891700 0.752588
v 0.266395 2.892760 0.758660
v 0.266585 2.894822 0.757071
v 0.266730 2.896404 0.755000
v 0.098422 2.907994 0.752588
v 0.210248 2.894963 0.759659
v 0.210423 2.897369 0.758660
v 0.210573 2.899435 0.757071
v 0.210688 2.901020 0.755000
v 0.154245 2.898487 0.759659
v 0.154373 2.900895 0.758660
v 0.154483 2.902963 0.757071
v 0.154567 2.904550 0.755000
v 0.154620 2.905548 0.752588
v 0.098265 2.903338 0.758660
v 0.098335 2.905407 0.757071
v 0.098389 2.906996 0.755000
v -0.070137 2.901741 0.759659
v -0.070196 2.904152 0.758660
v -0.070246 2.906222 0.757071
v -0.070284 2.907811 0.755000
v -0.182699 2.903918 0.752588
v -0.126220 2.899842 0.759659
v -0.126325 2.902252 0.758660
v -0.126415 2.904321 0.757071
v -0.126484 2.905909 0.755000
v -0.126527 2.906907 0.752588
v -0.182406 2.899268 0.758660
v -0.182536 2.901335 0.757071
v -0.182636 2.902921 0.755000
v -0.350721 2.888445 0.752588
v -0.238222 2.892796 0.759659
v -0.238420 2.895200 0.758660
v -0.238590 2.897264 0.757071
v -0.238720 2.898847 0.755000
v -0.294100 2.887650 0.759659
v -0.294345 2.890049 0.758660
v -0.294554 2.892110 0.757071
v -0.294715 2.893691 0.755000
v -0.294817 2.894685 0.752588
v -0.350159 2.883819 0.758660
v -0.350409 2.885875 0.757071
v -0.350600 2.887453 0.755000
v -0.516305 2.856300 0.759659
v -0.516734 2.858673 0.758660
v -0.517102 2.860711 0.757071
v -0.517385 2.862275 0.755000
v -0.627858 2.841111 0.752588
v -0.571426 2.845785 0.759659
v -0.571900 2.848149 0.758660
v -0.572308 2.850180 0.757071
v -0.572621 2.851738 0.755000
v -0.572818 2.852717 0.752588
v -0.626853 2.836561 0.758660
v -0.627300 2.838584 0.757071
v -0.627643 2.840135 0.755000
v -0.791491 2.799939 0.752588
v -0.681006 2.821569 0.759659
v -0.681571 2.823913 0.758660
v -0.682057 2.825926 0.757071
v -0.682430 2.827471 0.755000
v -0.735424 2.807876 0.759659
v -0.736035 2.810209 0.758660
v -0.736560 2.812213 0.757071
v -0.736962 2.813750 0.755000
v -0.737216 2.814717 0.752588
v -0.790224 2.795455 0.758660
v -0.790787 2.797448 0.757071
v -0.791219 2.798978 0.755000
v -1.002990 2.723789 0.759659
v -1.003823 2.726053 0.758660
v -1.004539 2.727996 0.757071
v -1.005088 2.729488 0.755000
v -1.110229 2.689518 0.752588
v -1.055458 2.703891 0.759659
v -1.056335 2.706138 0.758660
v -1.057088 2.708067 0.757071
v -1.057666 2.709547 0.755000
v -1.058029 2.710478 0.752588
v -1.108452 2.685211 0.758660
v -1.109242 2.687126 0.757071
v -1.109848 2.688595 0.755000
v -1.264264 2.620640 0.752588
v -1.159191 2.661070 0.759659
v -1.160154 2.663281 0.758660
v -1.160981 2.665180 0.757071
v -1.161616 2.666637 0.755000
v -1.210417 2.638164 0.759659
v -1.211423 2.640356 0.758660
v -1.212287 2.642238 0.757071
v -1.212949 2.643683 0.755000
v -1.213366 2.644591 0.752588
v -1.262239 2.616444 0.758660
v -1.263139 2.618309 0.757071
v -1.263829 2.619740 0.755000
v -1.410610 2.536769 0.759659
v -1.411782 2.538877 0.758660
v -1.412788 2.540687 0.757071
v -1.413561 2.542076 0.755000
v -1.511290 2.486387 0.752588
v -1.459386 2.509026 0.759659
v -1.460599 2.511111 0.758660
v -1.461640 2.512901 0.757071
v -1.462439 2.514274 0.755000
v -1.462941 2.515138 0.752588
v -1.508870 2.482405 0.758660
v -1.509945 2.484175 0.757071
v -1.510771 2.485533 0.755000
v -1.652875 2.394603 0.752588
v -1.555284 2.450736 0.759659
v -1.556577 2.452773 0.758660
v -1.557687 2.454521 0.757071
v -1.558538 2.455863 0.755000
v -1.602371 2.420212 0.759659
v -1.603702 2.422223 0.758660
v -1.604845 2.423950 0.757071
v -1.605723 2.425275 0.755000
v -1.606274 2.426108 0.752588
v -1.650228 2.390768 0.758660
v -1.651405 2.392473 0.757071
v -1.652307 2.393780 0.755000
v -1.784554 2.289189 0.759659
v -1.786037 2.291091 0.758660
v -1.787310 2.292724 0.757071
v -1.788287 2.293978 0.755000
v -1.876271 2.223898 0.752588
v -1.828474 2.254262 0.759659
v -1.829994 2.256136 0.758660
v -1.831298 2.257744 0.757071
v -1.832299 2.258978 0.755000
v -1.832929 2.259754 0.752588
v -1.873267 2.220337 0.758660
v -1.874602 2.221920 0.757071
v -1.875627 2.223135 0.755000
v -2.002027 2.111399 0.752588
v -1.914249 2.181896 0.759659
v -1.915839 2.183709 0.758660
v -1.917205 2.185266 0.757071
v -1.918253 2.186460 0.755000
v -1.956071 2.144482 0.759659
v -1.957696 2.146264 0.758660
v -1.959092 2.147794 0.757071
v -1.960163 2.148969 0.755000
v -1.960836 2.149707 0.752588
v -1.998821 2.108018 0.758660
v -2.000246 2.109521 0.757071
v -2.001340 2.110674 0.755000
v -2.115896 1.986958 0.759659
v -2.117654 1.988609 0.758660
v -2.119164 1.990027 0.757071
v -2.120322 1.991115 0.755000
v -2.196460 1.908318 0.752588
v -2.153912 1.945683 0.759659
v -2.155701 1.947300 0.758660
v -2.157238 1.948688 0.757071
v -2.158417 1.949753 0.755000
v -2.159159 1.950423 0.752588
v -2.192943 1.905263 0.758660
v -2.194506 1.906621 0.757071
v -2.195706 1.907663 0.755000
v -2.303385 1.777789 0.752588
v -2.227514 1.860967 0.759659
v -2.229365 1.862513 0.758660
v -2.230954 1.863841 0.757071
v -2.232174 1.864860 0.755000
v -2.263074 1.817558 0.759659
v -2.264954 1.819068 0.758660
v -2.266569 1.820365 0.757071
v -2.267808 1.821360 0.755000
v -2.268587 1.821986 0.752588
v -2.299696 1.774943 0.758660
v -2.301336 1.776208 0.757071
v -2.302594 1.777179 0.755000
v -2.396725 1.637293 0.759659
v -2.398716 1.638654 0.758660
v -2.400426 1.639822 0.757071
v -2.401738 1.640718 0.755000
v -2.464213 1.547181 0.752588
v -2.427928 1.590655 0.759659
v -2.429946 1.591976 0.758660
v -2.431678 1.593111 0.757071
v -2.433007 1.593982 0.755000
v -2.433843 1.594530 0.752588
v -2.460267 1.544704 0.758660
v -2.462021 1.545805 0.757071
v -2.463367 1.546650 0.755000
v -2.549754 1.401739 0.752588
v -2.487602 1.495611 0.759659
v -2.489669 1.496854 0.758660
v -2.491444 1.497921 0.757071
v -2.492806 1.498740 0.755000
v -2.516050 1.447242 0.759659
v -2.518141 1.448445 0.758660
v -2.519936 1.449478 0.757071
v -2.521313 1.450270 0.755000
v -2.522179 1.450768 0.752588
v -2.545671 1.399494 0.758660
v -2.547486 1.400492 0.757071
v -2.548878 1.401258 0.755000
v -2.620336 1.248541 0.759659
v -2.622514 1.249579 0.758660
v -2.624383 1.250469 0.757071
v -2.625818 1.251153 0.755000
v -2.673138 1.149108 0.752588
v -2.643983 1.197652 0.759659
v -2.646180 1.198647 0.758660
v -2.648067 1.199502 0.757071
v -2.649514 1.200158 0.755000
v -2.650424 1.200570 0.752588
v -2.668857 1.147268 0.758660
v -2.670760 1.148086 0.757071
v -2.672220 1.148714 0.755000
v -2.735253 0.992225 0.752588
v -2.688304 1.094551 0.759659
v -2.690537 1.095460 0.758660
v -2.692455 1.096241 0.757071
v -2.693927 1.096841 0.755000
v -2.708961 1.042377 0.759659
v -2.711212 1.043243 0.758660
v -2.713144 1.043987 0.757071
v -2.714628 1.044558 0.755000
v -2.715560 1.044916 0.752588
v -2.730873 0.990636 0.758660
v -2.732819 0.991342 0.757071
v -2.734313 0.991884 0.755000
v -2.781393 0.829983 0.759659
v -2.783704 0.830672 0.758660
v -2.785689 0.831264 0.757071
v -2.787211 0.831719 0.755000
v -2.818247 0.723603 0.752588
v -2.796918 0.776058 0.759659
v -2.799242 0.776703 0.758660
v -2.801238 0.777257 0.757071
v -2.802769 0.777682 0.755000
v -2.803732 0.777949 0.752588
v -2.813734 0.722444 0.758660
v -2.815740 0.722959 0.757071
v -2.817279 0.723354 0.755000
v -2.855453 0.559023 0.752588
v -2.824827 0.667360 0.759659
v -2.827174 0.667915 0.758660
v -2.829190 0.668391 0.757071
v -2.830736 0.668756 0.755000
v -2.837200 0.612627 0.759659
v -2.839558 0.613136 0.758660
v -2.841582 0.613573 0.757071
v -2.843136 0.613909 0.755000
v -2.844112 0.614119 0.752588
v -2.850880 0.558128 0.758660
v -2.852913 0.558526 0.757071
v -2.854472 0.558831 0.755000
v -2.876049 0.391610 0.759659
v -2.878439 0.391935 0.758660
v -2.880491 0.392215 0.757071
v -2.882066 0.392429 0.755000
v -2.896076 0.280823 0.752588
v -2.883082 0.335938 0.759659
v -2.885478 0.336217 0.758660
v -2.887535 0.336457 0.757071
v -2.889114 0.336641 0.755000
v -2.890106 0.336756 0.752588
v -2.891438 0.280373 0.758660
v -2.893500 0.280573 0.757071
v -2.895082 0.280726 0.755000
v -2.907484 0.112476 0.752588
v -2.893913 0.224238 0.759659
v -2.896318 0.224424 0.758660
v -2.898383 0.224584 0.757071
v -2.899967 0.224707 0.755000
v -2.897708 0.168252 0.759659
v -2.900115 0.168392 0.758660
v -2.902183 0.168512 0.757071
v -2.903769 0.168604 0.755000
v -2.904767 0.168662 0.752588
v -2.902829 0.112296 0.758660
v -2.904898 0.112376 0.757071
v -2.906486 0.112438 0.755000
v 2.884819 0.000000 0.760000
v 2.849302 0.451285 0.760000
v 2.743626 0.891458 0.760000
v 2.570393 1.309681 0.760000
v 2.333868 1.695654 0.760000
v 2.039875 2.039875 0.760000
v 1.695654 2.333868 0.760000
v 1.309681 2.570393 0.760000
v 0.891458 2.743626 0.760000
v 0.451285 2.849302 0.760000
v 0.000000 2.884819 0.760000
v -0.451285 2.849302 0.760000
v -0.891458 2.743626 0.760000
v -1.309681 2.570393 0.760000
v -1.695654 2.333868 0.760000
v -2.039875 2.039875 0.760000
v -2.333868 1.695654 0.760000
v -2.570393 1.309681 0.760000
v -2.743626 0.891458 0.760000
v -2.849302 0.451285 0.760000
v -2.884819 0.000000 0.760000
v -2.849302 -0.451285 0.760000
v -2.743626 -0.891458 0.760000
v -2.570393 -1.309681 0.760000
v -2.333868 -1.695654 0.760000
v -2.039875 -2.039875 0.760000
v -1.695654 -2.333868 0.760000
v -1.309681 -2.570393 0.760000
v -0.891458 -2.743626 0.760000
v -0.451285 -2.849302 0.760000
v 0.000000 -2.884819 0.760000
v 0.451285 -2.849302 0.760000
v 0.891458 -2.743626 0.760000
v 1.309681 -2.570393 0.760000
v 1.695654 -2.333868 0.760000
v 2.039875 -2.039875 0.760000
v 2.333868 -1.695654 0.760000
v 2.570393 -1.309681 0.760000
v 2.743626 -0.891458 0.760000
v 2.849302 -0.451285 0.760000
v 2.875000 0.000000 0.760809
v 2.839604 0.449749 0.760809
v 2.734287 0.888424 0.760809
v 2.561644 1.305223 0.760809
v 2.325924 1.689883 0.760809
v 2.032932 2.032932 0.760809
v 1.689883 2.325924 0.760809
v 1.305223 2.561644 0.760809
v 0.888424 2.734287 0.760809
v 0.449749 2.839604 0.760809
v 0.000000 2.875000 0.760809
v -0.449749 2.839604 0.760809
v -0.888424 2.734287 0.760809
v -1.305223 2.561644 0.760809
v -1.689883 2.325924 0.760809
v -2.032932 2.032932 0.760809
v -2.325924 1.689883 0.760809
v -2.561644 1.305223 0.760809
v -2.734287 0.888424 0.760809
v -2.839604 0.449749 0.760809
v -2.875000 0.000000 0.760809
v -2.839604 -0.449749 0.760809
v -2.734287 -0.888424 0.760809
v -2.561644 -1.305223 0.760809
v -2.325924 -1.689883 0.760809
v -2.032932 -2.032932 0.760809
v -1.689883 -2.325924 0.760809
v -1.305223 -2.561644 0.760809
v -0.888424 -2.734287 0.760809
v -0.449749 -2.839604 0.760809
v 0.000000 -2.875000 0.760809
v 0.449749 -2.839604 0.760809
v 0.888424 -2.734287 0.760809
v 1.305223 -2.561644 0.760809
v 1.689883 -2.325924 0.760809
v 2.032932 -2.032932 0.760809
v 2.325924 -1.689883 0.760809
v 2.561644 -1.305223 0.760809
v 2.734287 -0.888424 0.760809
v 2.839604 -0.449749 0.760809
v 11.016615 1.300000 0.150000
v 12.016615 1.300000 0.150000
v 2.921353 -0.750000 0.150000
v 2.959021 -0.585018 0.150000
v 2.987327 -0.418174 0.150000
v 3.006180 -0.250000 0.150000
v 3.016615 0.000000 0.150000
v 2.983198 0.446523 0.150000
v 2.883693 0.883098 0.150000
v 2.720316 1.300000 0.150000
v 10.516615 1.300000 0.150000
v 12.516615 1.300000 0.150000
v 13.416615 1.300000 0.150000
v 13.871315 1.244789 0.150000
v 14.299589 1.082366 0.150000
v 14.676548 0.822170 0.150000
v 14.980286 0.479323 0.150000
v 15.193146 0.073749 0.150000
v 15.302761 -0.370980 0.150000
v 15.302761 -0.829020 0.150000
v 15.193146 -1.273749 0.150000
v 14.980286 -1.679323 0.150000
v 14.676548 -2.022170 0.150000
v 14.299589 -2.282366 0.150000
v 13.871315 -2.444789 0.150000
v 13.416615 -2.500000 0.150000
v 7.545771 -2.500000 0.150000
v 1.674927 -2.500000 0.150000
v 2.054946 -2.201183 0.150000
v 2.382034 -1.845208 0.150000
v 2.647699 -1.441317 0.150000
v 2.845042 -1.000000 0.150000
v 2.845042 -1.000000 0.350000
v 2.921353 -0.750000 0.350000
v 2.872897 -0.917418 0.350000
v 2.898341 -0.834061 0.350000
v 3.006180 -0.250000 0.350000
v 3.016615 0.000000 0.350000
v 3.011976 -0.166774 0.350000
v 3.015455 -0.083419 0.350000
v 13.716616 -0.700000 1.050000
v 13.716616 0.900000 1.050000
v 13.716616 0.900000 0.850000
v 13.716616 -0.700000 0.850000
v 3.216615 0.900000 1.050000
v 3.216615 0.900000 0.850000
v 3.216615 -0.700000 1.050000
v 3.216615 -0.700000 0.850000
v 13.716616 -2.000000 1.050000
v 13.716616 -1.000000 1.050000
v 13.716616 -1.000000 0.850000
v 13.716616 -2.000000 0.850000
v 3.216615 -1.000000 1.050000
v 3.216615 -1.000000 0.850000
v 3.216615 -2.000000 1.050000
v 3.216615 -2.000000 0.850000
v 11.016615 1.300000 0.450000
v 12.016615 1.300000 0.450000
v 10.516615 1.300000 0.450000
v 12.516615 1.300000 0.450000
v 1.674927 -2.500000 1.250000
v 1.766659 -2.436667 1.250000
v 1.855975 -2.369969 1.250000
v 1.942751 -2.300000 1.250000
v 1.942751 -2.300000 1.050000
v 2.320399 -1.921609 1.050000
v 2.624889 -1.482197 1.050000
v 2.846553 -0.995717 1.050000
v 2.978351 -0.477618 1.050000
v 3.016099 0.055648 1.050000
v 2.958597 0.587146 1.050000
v 2.807672 1.100000 1.050000
v 2.807672 1.100000 1.250000
v 2.780174 1.167366 1.250000
v 2.751049 1.234046 1.250000
v 2.720316 1.300000 1.250000
v 13.416615 -2.500000 1.250000
v 7.545771 -2.500000 1.250000
v 13.416615 1.300000 1.250000
v 7.679683 -2.300000 1.250000
v 13.416615 -2.300000 1.250000
v 13.416615 -2.300000 1.050000
v 7.679683 -2.300000 1.050000
v 13.416615 1.100000 1.050000
v 13.823452 1.050601 1.050000
v 14.206644 0.905275 1.050000
v 14.543924 0.672468 1.050000
v 14.815687 0.365710 1.050000
v 15.006144 0.002828 1.050000
v 15.104219 -0.395088 1.050000
v 15.104219 -0.804912 1.050000
v 15.006144 -1.202828 1.050000
v 14.815687 -1.565710 1.050000
v 14.543924 -1.872468 1.050000
v 14.206644 -2.105275 1.050000
v 13.823452 -2.250601 1.050000
v 13.823452 -2.250601 1.250000
v 14.206644 -2.105275 1.250000
v 14.543924 -1.872468 1.250000
v 14.815687 -1.565710 1.250000
v 15.006144 -1.202828 1.250000
v 15.104219 -0.804912 1.250000
v 15.104219 -0.395088 1.250000
v 15.006144 0.002828 1.250000
v 14.815687 0.365710 1.250000
v 14.543924 0.672468 1.250000
v 14.206644 0.905275 1.250000
v 13.823452 1.050601 1.250000
v 13.416615 1.100000 1.250000
v 13.871315 -2.444789 1.250000
v 14.299589 -2.282366 1.250000
v 14.676548 -2.022170 1.250000
v 14.980286 -1.679323 1.250000
v 15.193146 -1.273749 1.250000
v 15.302761 -0.829020 1.250000
v 15.302761 -0.370980 1.250000
v 15.193146 0.073749 1.250000
v 14.980286 0.479323 1.250000
v 14.676548 0.822170 1.250000
v 14.299589 1.082366 1.250000
v 13.871315 1.244789 1.250000
v 8.523486 -0.746835 1.050000
v 8.523486 -2.050835 1.050000
vn -0.2393 0.9709 -0.0000
vn -0.4647 0.8855 -0.0000
vn -0.5204 0.4793 0.7067
vn -0.5293 0.4689 0.7070
vn -0.3747 0.3319 0.8657
vn -0.3679 0.3388 0.8660
vn -0.2597 -0.8264 -0.4996
vn -0.2896 -0.9215 -0.2588
vn -0.3074 -0.9157 -0.2587
vn -0.2756 -0.8212 -0.4996
vn -0.9998 -0.0186 -0.0000
vn -0.9985 0.0556 -0.0000
vn -0.9965 0.0833 -0.0000
vn -0.9872 0.1592 -0.0000
vn -0.1904 0.9817 -0.0000
vn -0.2247 0.9744 -0.0000
vn -0.1130 0.9936 0.0001
vn -0.0384 0.9993 -0.0001
vn -0.0000 -0.0000 -1.0000
vn -0.0001 -0.0000 -1.0000
vn -0.0000 -0.0000 1.0000
vn -0.2246 0.9744 -0.0000
vn -0.2650 0.9642 0.0001
vn -0.1147 0.9934 0.0003
vn -0.1130 0.9936 -0.0000
vn -0.1690 0.4706 -0.8660
vn -0.0952 0.4908 -0.8661
vn -0.1346 0.6941 -0.7071
vn -0.2390 0.6655 -0.7071
vn -0.6369 0.5866 0.5003
vn -0.6257 0.5991 0.4996
vn -0.6978 0.6681 0.2584
vn -0.7105 0.6544 0.2588
vn 0.1059 0.2362 0.9659
vn 0.0686 0.2496 0.9659
vn -0.3380 0.9411 -0.0000
vn -0.3333 0.9428 -0.0000
vn 0.1147 0.9934 -0.0000
vn 0.1127 0.9936 -0.0000
vn 0.2246 0.9745 -0.0000
vn 0.2650 0.9643 -0.0000
vn 0.9350 0.3546 -0.0000
vn 0.8230 0.5681 -0.0000
vn 0.0001 -0.0000 1.0000
vn -0.5528 0.8333 -0.0000
vn -0.5833 0.8122 -0.0000
vn -0.6131 0.7900 -0.0000
vn -0.6794 0.7337 -0.0000
vn 0.6631 0.7485 -0.0000
vn 0.4647 0.8855 -0.0000
vn -0.9927 0.1205 -0.0000
vn -0.9927 -0.1205 -0.0000
vn 0.2393 0.9709 -0.0000
vn -0.0000 1.0000 -0.0000
vn 0.0001 1.0000 -0.0000
vn 0.8090 -0.5878 -0.0000
vn 0.7071 -0.7071 -0.0000
vn -0.2455 -0.9694 0.0004
vn -0.4017 -0.9158 0.0004
vn -0.4017 -0.9158 -0.0000
vn -0.2455 -0.9694 -0.0000
vn -1.0000 -0.0000 -0.0000
vn -0.0000 -1.0000 -0.0000
vn -0.2393 -0.9709 -0.0000
vn -0.9350 -0.3546 -0.0000
vn 0.9877 0.1564 -0.0000
vn 0.9511 0.3090 -0.0000
vn -0.9350 0.3546 -0.0000
vn -0.8230 0.5681 -0.0000
vn -0.4647 -0.8855 -0.0000
vn -0.9877 -0.1564 -0.0001
vn -0.9877 -0.1564 0.0001
vn 0.1564 0.9877 -0.0000
vn 0.4897 0.8719 -0.0000
vn 0.2531 0.9674 -0.0000
vn 0.0383 0.9993 0.0001
vn -0.8230 -0.5681 -0.0000
vn -0.6631 -0.7485 -0.0000
vn -0.0000 0.0001 -1.0000
vn -0.0000 -0.0001 1.0000
vn -0.0493 -0.2541 0.9659
vn -0.0099 -0.2586 0.9659
vn -0.9683 0.2500 -0.0000
vn -0.9606 0.2780 -0.0000
vn -0.9433 0.3319 -0.0000
vn -0.4540 0.8910 -0.0000
vn -0.5878 0.8090 -0.0000
vn -0.4540 0.8910 0.0001
vn -0.5878 -0.8090 -0.0000
vn -0.7071 -0.7071 -0.0000
vn -0.8910 -0.4540 -0.0000
vn -0.8090 -0.5878 -0.0000
vn 0.3090 0.9511 -0.0000
vn -0.8090 0.5878 -0.0000
vn -0.8910 0.4540 -0.0000
vn -0.9578 0.2873 -0.0000
vn -0.8539 0.5204 -0.0000
vn -0.7891 -0.6142 0.0001
vn -0.8795 -0.4760 -0.0000
vn -0.8795 -0.4759 -0.0000
vn -0.7891 -0.6142 -0.0000
vn 0.3090 -0.9511 -0.0000
vn 0.4540 -0.8910 -0.0000
vn -0.9511 0.3090 -0.0000
vn -0.0001 -1.0000 -0.0000
vn 0.0001 -1.0000 -0.0000
vn 0.5878 -0.8090 -0.0000
vn 0.4540 0.8910 -0.0000
vn 0.4540 0.8910 0.0001
vn -0.9511 -0.3090 -0.0000
vn -0.9994 0.0360 -0.0000
vn 0.9458 -0.3247 0.0001
vn 0.8795 -0.4759 -0.0000
vn 0.9458 -0.3247 -0.0000
vn 0.2588 -0.9659 -0.0000
vn 0.5878 0.8090 -0.0000
vn 0.9877 -0.1564 -0.0000
vn 0.9511 -0.3090 -0.0000
vn 0.4540 -0.8910 -0.0001
vn 0.4985 0.0383 -0.8661
vn 0.4868 0.1139 -0.8660
vn 0.2520 0.0590 -0.9659
vn 0.2580 0.0198 -0.9659
vn 0.1407 0.2173 0.9659
vn -0.5249 0.6887 -0.5002
vn -0.4137 0.7608 -0.5001
vn -0.4614 0.8485 -0.2592
vn -0.5855 0.7681 -0.2592
vn -0.7885 0.6151 -0.0000
vn -0.7679 0.6405 -0.0000
vn -0.8694 0.4940 -0.0000
vn -0.8770 0.4805 -0.0000
vn -0.7072 0.0205 0.7067
vn -0.7067 0.0342 0.7067
vn -0.8650 0.0418 0.5001
vn -0.8659 0.0251 0.4996
vn -0.9648 -0.0467 -0.2589
vn -0.9656 -0.0280 -0.2584
vn -0.8659 -0.0251 -0.4996
vn -0.8648 -0.0418 -0.5003
vn -0.8659 0.0251 -0.4996
vn -0.8662 0.0084 -0.4996
vn -0.9659 0.0093 -0.2588
vn -0.9656 0.0280 -0.2584
vn -0.8662 0.0084 0.4997
vn -0.7071 0.0068 0.7071
vn -0.4973 -0.0531 0.8659
vn -0.4967 -0.0627 0.8657
vn -0.2567 -0.0324 0.9659
vn -0.2573 -0.0275 0.9659
vn -0.7031 0.0750 -0.7071
vn -0.7018 0.0887 -0.7068
vn -0.4966 0.0627 -0.8657
vn -0.4973 0.0531 -0.8659
vn -0.8611 -0.0919 0.5001
vn -0.8594 -0.1086 0.4997
vn -0.7018 -0.0887 0.7068
vn -0.7034 -0.0751 0.7068
vn -0.9604 -0.1025 0.2592
vn -0.9584 -0.1210 0.2584
vn -0.9559 0.1395 0.2584
vn -0.8571 0.1252 0.4996
vn -0.8546 0.1417 0.4996
vn -0.9529 0.1580 0.2588
vn 0.7058 -0.0410 -0.7072
vn 0.7067 -0.0273 -0.7070
vn 0.8656 -0.0335 -0.4996
vn 0.8645 -0.0502 -0.5001
vn -0.8484 -0.1746 0.4997
vn -0.6929 -0.1426 0.7068
vn -0.6956 -0.1292 0.7068
vn -0.8516 -0.1582 0.4997
vn -0.4922 -0.0914 0.8657
vn -0.4899 -0.1008 0.8659
vn -0.6900 -0.1560 0.7068
vn -0.4882 -0.1104 0.8657
vn -0.4876 -0.1102 -0.8661
vn -0.4900 -0.1009 -0.8659
vn -0.2535 -0.0522 -0.9659
vn -0.2524 -0.0571 -0.9659
vn -0.4860 -0.1198 0.8657
vn -0.2513 -0.0619 0.9659
vn -0.2524 -0.0571 0.9659
vn -0.6835 -0.1825 0.7068
vn -0.6799 -0.1957 0.7067
vn -0.4811 -0.1385 0.8657
vn -0.4836 -0.1292 0.8657
vn -0.8369 -0.2235 0.4997
vn -0.8324 -0.2397 0.4997
vn -0.9331 0.2492 -0.2592
vn -0.9283 0.2673 -0.2584
vn -0.8324 0.2397 -0.4997
vn -0.8366 0.2235 -0.5001
vn -0.6718 -0.2219 -0.7068
vn -0.6673 -0.2348 -0.7068
vn -0.8171 -0.2875 -0.4997
vn -0.8226 -0.2717 -0.4996
vn -0.8114 -0.3032 0.4997
vn -0.6627 -0.2477 0.7067
vn -0.6673 -0.2348 0.7068
vn -0.8171 -0.2875 0.4997
vn -0.4613 -0.1930 0.8660
vn -0.2387 -0.0999 0.9659
vn -0.2406 -0.0953 0.9659
vn -0.4651 -0.1841 0.8659
vn -0.4580 0.2021 -0.8657
vn -0.4536 0.2108 -0.8659
vn -0.2347 0.1090 -0.9659
vn -0.2368 0.1045 -0.9659
vn -0.6473 0.2857 -0.7067
vn -0.6416 0.2981 -0.7067
vn -0.6464 0.2853 0.7077
vn -0.6413 0.2980 0.7071
vn -0.7856 0.3650 0.4996
vn -0.7925 0.3498 0.4996
vn -0.7783 0.3801 -0.4997
vn -0.8680 0.4239 -0.2584
vn -0.8596 0.4406 -0.2588
vn -0.7708 0.3951 -0.4997
vn -0.7631 0.4099 -0.4997
vn -0.7550 0.4246 -0.4997
vn -0.6167 0.3468 -0.7067
vn -0.6225 0.3344 -0.7075
vn -0.2231 -0.1312 0.9659
vn -0.2256 -0.1269 0.9659
vn -0.4361 -0.2453 0.8658
vn -0.4315 -0.2538 0.8657
vn -0.4261 -0.2618 0.8660
vn -0.2205 -0.1355 0.9659
vn -0.4208 -0.2699 0.8661
vn -0.4157 -0.2781 0.8660
vn -0.2151 -0.1439 0.9659
vn -0.2178 -0.1397 0.9659
vn -0.5955 -0.3820 0.7068
vn -0.5880 -0.3934 0.7068
vn -0.7291 -0.4677 0.4997
vn -0.7200 -0.4817 0.4996
vn -0.8130 0.5214 -0.2592
vn -0.8028 0.5371 -0.2588
vn -0.7200 0.4817 -0.4996
vn -0.7291 0.4677 -0.4997
vn -0.7815 -0.5678 0.2584
vn -0.7704 -0.5828 0.2584
vn -0.6908 -0.5226 0.4997
vn -0.7008 -0.5092 0.4996
vn -0.5642 -0.4268 0.7068
vn -0.5723 -0.4158 0.7068
vn -0.6806 -0.5359 0.4997
vn -0.5558 -0.4376 0.7068
vn -0.3929 0.3093 -0.8660
vn -0.3987 0.3016 -0.8661
vn -0.5639 0.4266 -0.7071
vn -0.5556 0.4374 -0.7071
vn -0.3810 -0.3246 0.8657
vn -0.1970 -0.1678 0.9659
vn -0.2002 -0.1640 0.9659
vn -0.3870 -0.3170 0.8659
vn -0.3747 -0.3319 0.8657
vn -0.3679 -0.3388 0.8660
vn -0.1903 -0.1753 0.9659
vn -0.1937 -0.1716 0.9659
vn -0.5293 -0.4689 0.7071
vn -0.5201 -0.4791 0.7071
vn -0.6714 -0.6946 0.2584
vn -0.6021 -0.6228 0.4997
vn -0.6140 -0.6110 0.4997
vn -0.6847 -0.6814 0.2588
vn -0.5014 -0.4990 -0.7068
vn -0.4917 -0.5086 -0.7068
vn -0.6021 -0.6228 -0.4997
vn -0.6140 -0.6110 -0.4997
vn -0.3406 0.3662 -0.8659
vn -0.3479 0.3599 -0.8657
vn -0.4917 0.5086 -0.7068
vn -0.4818 0.5180 -0.7068
vn -0.4717 0.5273 0.7068
vn -0.4818 0.5180 0.7068
vn -0.3405 0.3661 0.8660
vn -0.3335 0.3728 0.8659
vn -0.1725 -0.1929 0.9659
vn -0.1762 -0.1895 0.9659
vn -0.3406 -0.3662 0.8659
vn -0.3333 -0.3726 0.8661
vn -0.3265 -0.3795 0.8657
vn -0.1688 -0.1962 0.9659
vn -0.1649 0.1994 0.9659
vn -0.1611 0.2026 0.9659
vn -0.3112 0.3913 0.8660
vn -0.3187 0.3852 0.8660
vn -0.4510 0.5451 -0.7067
vn -0.4402 0.5535 -0.7070
vn -0.3112 0.3913 -0.8660
vn -0.3186 0.3852 -0.8661
vn -0.5522 -0.6674 0.4997
vn -0.5392 -0.6780 0.4996
vn -0.4401 -0.5535 0.7070
vn -0.4510 -0.5451 0.7067
vn -0.5520 -0.6672 -0.5001
vn -0.5392 -0.6780 -0.4996
vn -0.6012 -0.7560 -0.2589
vn -0.6156 -0.7442 -0.2592
vn -0.4989 0.7081 0.4997
vn -0.5126 0.6983 0.4996
vn -0.4183 0.5699 0.7073
vn -0.4072 0.5779 0.7072
vn 0.2699 0.6539 -0.7068
vn 0.2571 0.6587 -0.7071
vn 0.3150 0.8070 -0.4996
vn 0.3305 0.8007 -0.4996
vn -0.3961 -0.5858 0.7071
vn -0.3849 -0.5937 0.7067
vn -0.2723 -0.4200 0.8657
vn -0.2803 -0.4147 0.8657
vn -0.1408 0.2171 -0.9659
vn -0.1450 0.2144 -0.9659
vn -0.2800 0.4142 -0.8660
vn -0.2723 0.4200 -0.8657
vn -0.2559 -0.4303 0.8657
vn -0.2473 -0.4348 0.8659
vn -0.1280 -0.2250 0.9659
vn -0.1323 -0.2224 0.9659
vn -0.3614 0.6078 -0.7071
vn -0.3496 0.6146 -0.7072
vn -0.2472 0.4347 -0.8660
vn -0.2557 0.4300 -0.8659
vn -0.3614 -0.6078 -0.7071
vn -0.3496 -0.6147 -0.7070
vn -0.4283 -0.7529 -0.4997
vn -0.4428 -0.7446 -0.4996
vn -0.4937 -0.8301 0.2592
vn -0.4776 -0.8396 0.2589
vn -0.4283 -0.7529 0.4997
vn -0.4428 -0.7446 0.4996
vn -0.4281 -0.8660 0.2584
vn -0.3839 -0.7765 0.4997
vn -0.3988 -0.7689 0.4997
vn -0.4448 -0.8575 0.2588
vn -0.3258 -0.6280 0.7067
vn -0.3134 -0.6338 0.7072
vn -0.3011 0.6399 -0.7070
vn -0.3134 0.6339 -0.7070
vn -0.3839 0.7765 -0.4997
vn -0.3687 0.7835 -0.5002
vn -0.2216 -0.4482 0.8661
vn -0.3012 -0.6402 0.7067
vn -0.2129 -0.4524 0.8660
vn -0.1056 -0.2362 0.9659
vn -0.1102 -0.2342 0.9659
vn -0.2039 -0.4560 0.8663
vn -0.1955 -0.4608 0.8657
vn -0.1011 -0.2382 0.9659
vn -0.1865 -0.4645 0.8657
vn -0.1774 -0.4677 0.8659
vn -0.0918 -0.2420 0.9659
vn -0.0964 -0.2402 0.9659
vn -0.2636 -0.6565 0.7068
vn -0.2509 -0.6615 0.7068
vn -0.3228 -0.8038 0.4997
vn -0.3072 -0.8099 0.4996
vn -0.3598 -0.8963 0.2592
vn -0.3425 -0.9031 0.2589
vn -0.2251 -0.6707 0.7067
vn -0.2756 -0.8212 0.4996
vn -0.2597 -0.8264 0.4996
vn -0.2121 -0.6749 0.7067
vn -0.2436 -0.8310 0.5001
vn -0.1990 -0.6789 0.7068
vn -0.1859 -0.6826 0.7067
vn -0.1315 -0.4830 0.8657
vn -0.1406 -0.4798 0.8660
vn -0.1220 -0.4850 0.8659
vn -0.0631 -0.2510 0.9659
vn -0.0680 -0.2497 0.9659
vn -0.1127 -0.4877 0.8657
vn -0.1032 -0.4892 0.8660
vn -0.0534 -0.2532 0.9659
vn -0.0583 -0.2521 0.9659
vn -0.1593 0.6893 -0.7068
vn -0.1460 0.6922 -0.7068
vn -0.1033 0.4898 -0.8657
vn -0.1126 0.4873 -0.8659
vn -0.2176 -0.9410 0.2592
vn -0.1992 -0.9451 0.2591
vn -0.1787 -0.8476 0.4996
vn -0.1951 -0.8440 0.4997
vn -0.1056 -0.6996 0.7067
vn -0.1293 -0.8565 0.4996
vn -0.1127 -0.8589 0.4996
vn -0.0921 -0.7015 0.7067
vn -0.0651 0.4959 0.8660
vn -0.0555 0.4974 0.8657
vn -0.0785 0.7031 0.7067
vn -0.0920 0.7012 0.7070
vn -0.0512 -0.7053 0.7071
vn -0.0376 -0.7060 0.7072
vn -0.0266 -0.4999 0.8657
vn -0.0362 -0.4987 0.8660
vn -0.0627 -0.8640 -0.4996
vn -0.0460 -0.8650 -0.4997
vn -0.0514 -0.9645 -0.2591
vn -0.0699 -0.9633 -0.2592
vn 0.0034 0.7071 0.7071
vn 0.0042 0.8662 0.4997
vn -0.0126 0.8661 0.4997
vn -0.0103 0.7070 0.7071
vn 0.0034 -0.7071 0.7071
vn 0.0171 -0.7073 0.7067
vn 0.0121 -0.5005 0.8657
vn 0.0024 -0.5000 0.8660
vn 0.0314 0.4996 0.8657
vn 0.0217 0.4996 0.8660
vn 0.0113 0.2585 0.9659
vn 0.0162 0.2583 0.9659
vn 0.0411 0.4988 -0.8657
vn 0.0507 0.4980 -0.8657
vn 0.0262 0.2575 -0.9659
vn 0.0212 0.2580 -0.9659
vn 0.0581 0.7051 -0.7067
vn 0.0717 0.7038 -0.7067
vn 0.0580 -0.7048 -0.7070
vn 0.0716 -0.7034 -0.7072
vn 0.0878 -0.8618 -0.4997
vn 0.0711 -0.8632 -0.4999
vn 0.0793 -0.9626 0.2592
vn 0.0978 -0.9608 0.2593
vn 0.0878 -0.8618 0.4997
vn 0.0711 -0.8633 0.4996
vn 0.1210 0.8577 -0.4997
vn 0.1044 0.8599 -0.4997
vn 0.1164 0.9589 -0.2588
vn 0.1350 0.9566 -0.2584
vn -0.1459 -0.6917 -0.7073
vn -0.1326 -0.6949 -0.7067
vn -0.1623 -0.8510 -0.4995
vn -0.1787 -0.8474 -0.4999
vn 0.1175 0.4866 -0.8657
vn 0.1268 0.4842 -0.8657
vn 0.0656 0.2503 -0.9659
vn 0.0607 0.2515 -0.9659
vn 0.5157 0.4843 -0.7067
vn 0.5063 0.4942 -0.7067
vn 0.6196 0.6048 -0.5003
vn 0.6315 0.5930 -0.4996
vn 0.2266 -0.9389 0.2592
vn 0.2447 -0.9343 0.2592
vn 0.2195 -0.8379 0.4997
vn 0.2032 -0.8418 0.5000
vn 0.2185 -0.6726 0.7070
vn 0.2055 -0.6766 0.7071
vn 0.2517 -0.8288 0.4997
vn 0.2677 -0.8238 0.4997
vn 0.2185 0.6724 0.7072
vn 0.2316 0.6685 0.7067
vn 0.2836 0.8185 0.4996
vn 0.2677 0.8238 0.4996
vn 0.0941 0.2411 -0.9659
vn 0.0894 0.2429 -0.9659
vn 0.1728 0.4693 -0.8660
vn 0.1819 0.4659 -0.8659
vn 0.1910 0.4627 0.8657
vn 0.0987 0.2392 0.9659
vn 0.1034 0.2373 0.9659
vn 0.1997 0.4584 0.8660
vn 0.3459 0.7941 0.4997
vn 0.3305 0.8007 0.4996
vn 0.2699 0.6539 0.7068
vn 0.2825 0.6486 0.7068
vn 0.3197 0.6311 0.7067
vn 0.3912 0.7725 0.5002
vn 0.3764 0.7801 0.4997
vn 0.3073 0.6369 0.7071
vn 0.3438 0.6184 0.7067
vn 0.3318 0.6249 0.7067
vn 0.2346 0.4417 0.8659
vn 0.2430 0.4370 0.8660
vn 0.2431 -0.4371 -0.8659
vn 0.2345 -0.4416 -0.8660
vn 0.1214 -0.2286 -0.9659
vn 0.1258 -0.2262 -0.9659
vn 0.2598 0.4274 0.8659
vn 0.1344 0.2211 0.9659
vn 0.1387 0.2185 0.9659
vn 0.2680 0.4223 0.8659
vn -0.7070 0.0068 -0.7072
vn -0.7075 -0.0068 -0.7067
vn -0.8662 -0.0084 -0.4996
vn 0.4921 0.7129 -0.4997
vn 0.4782 0.7223 -0.4996
vn 0.5333 0.8054 -0.2588
vn 0.5488 0.7950 -0.2584
vn 0.4127 -0.5738 -0.7074
vn 0.2919 -0.4059 -0.8660
vn 0.2997 -0.4002 -0.8660
vn 0.4241 -0.5663 -0.7067
vn 0.3075 0.3944 0.8660
vn 0.2998 0.4003 0.8660
vn 0.1551 0.2071 0.9659
vn 0.1591 0.2041 0.9659
vn 0.1706 0.1945 -0.9659
vn 0.1669 0.1978 -0.9659
vn 0.3226 0.3824 -0.8659
vn 0.3298 0.3760 -0.8659
vn 0.6080 0.6169 -0.4997
vn 0.5960 0.6286 -0.4997
vn 0.6647 0.7010 -0.2584
vn 0.6781 0.6880 -0.2588
vn 0.6913 -0.6748 0.2585
vn 0.6199 -0.6051 0.4997
vn 0.6080 -0.6169 0.4997
vn 0.6780 -0.6880 0.2588
vn 0.4964 -0.5036 0.7071
vn 0.5063 -0.4942 0.7067
vn -0.0376 -0.7060 -0.7072
vn -0.0239 -0.7067 -0.7071
vn -0.0293 -0.8657 -0.4997
vn 0.1921 -0.1735 0.9659
vn 0.1886 -0.1771 0.9659
vn 0.3645 -0.3423 0.8660
vn 0.3715 -0.3356 0.8657
vn 0.3776 -0.3280 0.8659
vn 0.1954 -0.1697 0.9659
vn 0.5429 0.4536 -0.7067
vn 0.5516 0.4430 -0.7067
vn 0.3899 0.3131 -0.8660
vn 0.3838 0.3207 -0.8659
vn 0.7412 -0.6192 0.2592
vn 0.7531 -0.6049 0.2588
vn 0.6754 -0.5424 0.4997
vn 0.6647 -0.5554 0.4997
vn -0.4919 -0.0914 -0.8659
vn -0.2544 -0.0473 -0.9659
vn 0.3914 -0.7727 0.4997
vn 0.3764 -0.7801 0.4997
vn 0.4198 -0.8701 0.2584
vn 0.4364 -0.8617 0.2588
vn -0.8594 0.1086 0.4997
vn -0.7018 0.0887 0.7068
vn -0.7000 0.1022 0.7068
vn -0.4978 -0.0531 -0.8657
vn -0.4966 -0.0627 -0.8657
vn -0.7018 -0.0887 -0.7068
vn -0.7034 -0.0751 -0.7068
vn -0.4980 0.0434 -0.8661
vn -0.2574 0.0275 -0.9659
vn -0.2578 0.0225 -0.9659
vn -0.4990 0.0338 -0.8659
vn -0.2582 0.0175 -0.9659
vn 0.2449 0.0835 -0.9659
vn 0.4734 0.1614 -0.8659
vn 0.4756 0.1520 -0.8664
vn 0.2465 0.0788 -0.9659
vn -0.8277 0.2557 -0.4996
vn -0.9230 0.2852 -0.2584
vn -0.8276 -0.2557 0.4996
vn -0.6756 -0.2087 0.7071
vn -0.2513 -0.0619 -0.9659
vn -0.2500 -0.0668 -0.9659
vn -0.4836 -0.1292 -0.8657
vn -0.4856 -0.1197 -0.8660
vn -0.4410 -0.2369 0.8657
vn -0.2280 -0.1225 0.9659
vn -0.7550 -0.4246 0.4997
vn -0.6167 -0.3468 0.7067
vn -0.6230 -0.3347 0.7071
vn -0.7628 -0.4098 0.5003
vn -0.8760 -0.4070 0.2588
vn -0.8681 -0.4239 0.2584
vn -0.7783 -0.3801 0.4997
vn -0.7856 -0.3650 0.4996
vn -0.7923 -0.3497 0.5000
vn -0.6413 -0.2980 0.7071
vn -0.6467 -0.2855 0.7073
vn -0.4580 0.2021 0.8657
vn -0.4536 0.2108 0.8659
vn -0.4614 0.1931 0.8659
vn -0.2387 0.0999 0.9659
vn -0.2368 0.1045 0.9659
vn -0.2406 -0.0953 -0.9659
vn -0.2388 -0.0999 -0.9659
vn -0.4618 -0.1932 -0.8657
vn -0.4650 -0.1841 -0.8659
vn -0.6806 0.5359 0.4997
vn -0.6908 0.5226 0.4997
vn -0.5640 0.4266 0.7071
vn -0.5555 0.4374 0.7071
vn -0.7589 -0.5975 0.2588
vn 0.3512 -0.8997 -0.2592
vn 0.3338 -0.9064 -0.2588
vn 0.2993 -0.8129 -0.4996
vn 0.3150 -0.8070 -0.4996
vn -0.7105 0.4955 0.4996
vn -0.7200 0.4817 0.4996
vn -0.5880 0.3934 0.7068
vn -0.5800 0.4045 0.7072
vn -0.4260 0.2618 0.8660
vn -0.4210 0.2700 0.8659
vn -0.5955 0.3820 0.7068
vn -0.6028 0.3704 0.7067
vn -0.0436 0.2551 -0.9659
vn -0.0843 0.4934 -0.8657
vn -0.0747 0.4950 -0.8657
vn -0.0386 0.2560 -0.9659
vn -0.4917 0.5086 0.7068
vn -0.3476 0.3596 0.8659
vn -0.5899 0.6343 0.4997
vn -0.6021 0.6228 0.4997
vn -0.5899 0.6343 -0.4997
vn -0.6021 0.6228 -0.4997
vn -0.6714 0.6946 -0.2584
vn -0.6578 0.7073 -0.2588
vn -0.6257 -0.5991 -0.4996
vn -0.6847 -0.6814 -0.2588
vn -0.6978 -0.6680 -0.2584
vn -0.5110 0.4892 0.7068
vn -0.6481 0.5741 0.5003
vn -0.3747 -0.3319 -0.8657
vn -0.3678 -0.3388 -0.8660
vn -0.5204 -0.4793 -0.7067
vn -0.5296 -0.4692 -0.7067
vn -0.3810 -0.3246 -0.8657
vn -0.1970 -0.1678 -0.9659
vn -0.1937 -0.1716 -0.9659
vn -0.2799 0.4141 0.8661
vn -0.2880 0.4087 0.8660
vn -0.1491 0.2116 0.9659
vn -0.1449 0.2144 0.9659
vn -0.3960 0.5857 0.7072
vn -0.4851 0.7176 0.4997
vn -0.5260 -0.6883 -0.4996
vn -0.5866 -0.7676 -0.2584
vn -0.4510 -0.5451 -0.7067
vn -0.4611 -0.5359 -0.7072
vn -0.3265 -0.3795 -0.8657
vn -0.3187 -0.3852 -0.8660
vn -0.2130 0.4527 0.8659
vn -0.2215 0.4480 0.8661
vn -0.1147 0.2320 0.9659
vn -0.1102 0.2341 0.9659
vn -0.2131 0.4530 -0.8657
vn -0.2216 0.4482 -0.8660
vn -0.3687 0.7835 0.5002
vn -0.3838 0.7763 0.5000
vn -0.3136 0.6343 0.7067
vn -0.3013 0.6402 0.7067
vn -0.4281 0.8660 -0.2584
vn -0.4113 0.8741 -0.2585
vn -0.4136 -0.7611 -0.4997
vn -0.3988 -0.7689 -0.4997
vn -0.4448 -0.8575 -0.2588
vn -0.4613 -0.8488 -0.2584
vn -0.1951 0.8440 -0.4997
vn -0.2176 0.9410 -0.2592
vn -0.1992 0.9451 -0.2591
vn -0.1787 0.8476 -0.4996
vn 0.3710 -0.3352 -0.8660
vn 0.3645 -0.3423 -0.8660
vn 0.1886 -0.1772 -0.9659
vn 0.1920 -0.1735 -0.9659
vn -0.1407 0.4799 0.8659
vn -0.1500 0.4772 0.8659
vn -0.0776 0.2469 0.9659
vn -0.0728 0.2483 0.9659
vn -0.1406 0.4798 -0.8660
vn -0.1501 0.4776 -0.8657
vn -0.2120 0.6746 -0.7071
vn -0.1990 0.6789 -0.7068
vn -0.2436 0.8311 0.4999
vn -0.2596 0.8262 0.5001
vn -0.2120 0.6745 0.7072
vn -0.1990 0.6789 0.7068
vn -0.0746 -0.4944 0.8660
vn -0.0651 -0.4959 0.8660
vn -0.0337 -0.2566 0.9659
vn -0.0386 -0.2559 0.9659
vn -0.1127 0.8589 0.4996
vn -0.1293 0.8565 0.4996
vn -0.1056 0.6996 0.7067
vn -0.1257 0.9578 0.2584
vn -0.1442 0.9551 0.2588
vn 0.0209 0.8660 0.4996
vn 0.0171 0.7069 0.7071
vn 0.0891 0.4926 0.8657
vn 0.0795 0.4942 0.8657
vn 0.0410 0.2557 0.9659
vn 0.0460 0.2547 0.9659
vn 0.1124 -0.6985 -0.7068
vn 0.0794 -0.4935 -0.8661
vn 0.0890 -0.4922 -0.8659
vn 0.1258 -0.6958 -0.7071
vn 0.1541 0.8524 0.4996
vn 0.1376 0.8552 0.4996
vn 0.1124 0.6985 0.7067
vn 0.1258 0.6957 0.7072
vn 0.0877 0.8615 0.5001
vn 0.1044 0.8599 0.4997
vn 0.1164 0.9589 0.2587
vn 0.0978 0.9609 0.2592
vn 0.0717 -0.7038 0.7067
vn 0.0580 -0.7046 0.7072
vn 0.0444 -0.7061 0.7067
vn 0.0411 -0.4989 0.8657
vn 0.0314 -0.4996 0.8657
vn 0.0162 -0.2583 0.9659
vn 0.0113 -0.2585 0.9659
vn 0.0217 -0.4996 0.8660
vn 0.0218 -0.5001 -0.8657
vn 0.0121 -0.5000 -0.8659
vn 0.0063 -0.2587 -0.9659
vn 0.0113 -0.2586 -0.9659
vn 0.2315 -0.6682 -0.7070
vn 0.2185 -0.6726 -0.7070
vn 0.1547 -0.4761 -0.8657
vn 0.1637 -0.4726 -0.8660
vn 0.2032 0.8420 0.4997
vn 0.2195 0.8379 0.4997
vn 0.2447 0.9343 0.2591
vn 0.2267 0.9388 0.2592
vn 0.1660 0.6877 0.7068
vn 0.1792 0.6844 0.7068
vn 0.1525 0.6902 0.7073
vn 0.1392 0.6933 0.7071
vn 0.0985 0.4904 0.8659
vn 0.1079 0.4884 0.8659
vn 0.0984 -0.4902 -0.8660
vn 0.0460 -0.2547 -0.9659
vn 0.0509 -0.2537 -0.9659
vn 0.2348 0.4421 -0.8657
vn 0.1214 0.2286 -0.9659
vn 0.1169 0.2309 -0.9659
vn 0.2260 0.4462 -0.8659
vn 0.2260 0.4462 0.8659
vn 0.3314 0.6240 -0.7077
vn 0.3197 0.6311 -0.7067
vn 0.3913 0.7726 -0.5000
vn 0.4061 0.7648 -0.5001
vn 0.4063 -0.7651 -0.4996
vn 0.4531 -0.8532 -0.2585
vn 0.4364 -0.8617 -0.2588
vn 0.3914 -0.7728 -0.4997
vn 0.3857 -0.8855 -0.2592
vn 0.3685 -0.8928 -0.2591
vn 0.3305 -0.8007 -0.4996
vn 0.3459 -0.7941 -0.4997
vn 0.2699 -0.6539 -0.7068
vn 0.2573 -0.6591 -0.7067
vn 0.1818 -0.4658 -0.8660
vn 0.1910 -0.4627 -0.8657
vn 0.2573 0.6591 0.7067
vn 0.2443 0.6635 0.7071
vn 0.1728 0.4693 0.8660
vn 0.1818 0.4658 0.8660
vn 0.0941 -0.2410 0.9659
vn 0.0894 -0.2428 0.9659
vn 0.1728 -0.4693 0.8660
vn 0.1818 -0.4657 0.8661
vn 0.1637 0.4727 0.8659
vn 0.0847 0.2446 0.9659
vn 0.0894 0.2429 0.9659
vn 0.2923 0.4064 0.8657
vn 0.2844 0.4120 0.8657
vn 0.1470 0.2130 0.9659
vn 0.1511 0.2101 0.9659
vn 0.5640 0.7842 0.2588
vn 0.5488 0.7950 0.2584
vn 0.4920 0.7127 0.5000
vn 0.5056 0.7031 0.5000
vn 0.3514 0.3565 0.8657
vn 0.3441 0.3629 0.8659
vn 0.1781 0.1878 0.9659
vn 0.1817 0.1843 0.9659
vn 0.0171 0.7073 -0.7067
vn 0.0034 0.7075 -0.7067
vn 0.0042 0.8662 -0.4996
vn 0.0209 0.8660 -0.4996
vn 0.6228 0.7382 0.2592
vn 0.6084 0.7501 0.2592
vn 0.5457 0.6727 0.4996
vn 0.5586 0.6621 0.4996
vn 0.4457 0.5495 0.7067
vn 0.4562 0.5408 0.7067
vn 0.4457 -0.5495 0.7067
vn 0.4347 -0.5577 0.7071
vn 0.5323 -0.6828 0.5005
vn 0.5457 -0.6727 0.4996
vn -0.4492 -0.2194 -0.8661
vn -0.4451 -0.2281 -0.8659
vn -0.6296 -0.3227 -0.7067
vn -0.6357 -0.3105 -0.7067
vn 0.4350 0.5580 0.7067
vn 0.4241 0.5663 0.7067
vn 0.1591 0.2041 -0.9659
vn 0.1552 0.2072 -0.9659
vn 0.3001 0.4007 -0.8657
vn 0.3074 0.3943 -0.8661
vn 0.4021 0.2981 0.8657
vn 0.3963 0.3059 0.8657
vn 0.2049 0.1581 0.9659
vn 0.2079 0.1541 0.9659
vn 0.6958 0.5159 0.4997
vn 0.6857 0.5293 0.4997
vn 0.5598 0.4320 0.7071
vn 0.5681 0.4212 0.7070
vn 0.7291 0.6334 0.2592
vn 0.7167 0.6474 0.2592
vn 0.6428 0.5806 0.4997
vn 0.6539 0.5681 0.4997
vn 0.6315 0.5930 0.4996
vn 0.5157 0.4843 0.7067
vn 0.5250 0.4743 0.7067
vn 0.3711 0.3353 -0.8659
vn 0.3645 0.3423 -0.8660
vn 0.5250 0.4743 -0.7067
vn 0.5059 0.4938 0.7072
vn 0.3579 0.3494 0.8659
vn 0.3646 0.3424 0.8659
vn 0.3582 -0.3497 -0.8657
vn 0.1852 -0.1808 -0.9659
vn 0.1852 0.1808 0.9659
vn 0.7670 0.4026 0.4996
vn 0.7591 0.4173 0.4996
vn 0.6200 0.3408 0.7067
vn 0.6264 0.3288 0.7067
vn 0.7424 -0.4464 -0.4996
vn 0.8278 -0.4976 -0.2592
vn 0.8179 -0.5136 -0.2592
vn 0.7336 -0.4606 -0.4996
vn 0.8180 0.5135 0.2592
vn 0.8080 0.5293 0.2588
vn 0.7246 0.4747 0.4997
vn 0.7336 0.4606 0.4996
vn 0.5915 0.3875 0.7071
vn 0.5989 0.3760 0.7071
vn 0.5842 0.3991 0.7067
vn 0.7152 0.4886 0.4997
vn 0.4738 0.1616 0.8657
vn 0.4702 0.1706 0.8659
vn 0.2433 0.0882 0.9659
vn 0.2449 0.0835 0.9659
vn 0.6697 0.2284 0.7067
vn 0.6648 0.2412 0.7070
vn 0.8198 0.2796 0.4997
vn 0.8143 0.2954 0.4997
vn 0.8198 0.2796 -0.4997
vn 0.8143 0.2954 -0.4997
vn 0.9081 0.3294 -0.2584
vn 0.9143 0.3118 -0.2584
vn 0.7958 0.3421 0.4997
vn 0.8022 0.3266 0.4997
vn 0.8945 0.3642 0.2592
vn 0.8873 0.3815 0.2592
vn 0.8799 0.3985 0.2588
vn 0.7888 0.3573 0.5002
vn 0.1258 0.6962 -0.7067
vn 0.1124 0.6985 -0.7067
vn 0.1376 0.8552 -0.4996
vn 0.1541 0.8524 -0.4996
vn 0.6387 0.3043 0.7067
vn 0.6441 0.2918 0.7071
vn 0.7820 0.3726 0.4997
vn -0.6095 -0.3585 -0.7071
vn -0.6167 -0.3468 -0.7067
vn -0.4363 -0.2454 -0.8657
vn -0.4315 -0.2538 -0.8657
vn -0.0555 -0.4974 -0.8657
vn -0.0785 -0.7031 -0.7067
vn -0.0921 -0.7015 -0.7067
vn -0.0651 -0.4957 -0.8661
vn 0.2314 -0.1158 -0.9659
vn 0.2336 -0.1113 -0.9659
vn 0.4519 -0.2153 -0.8657
vn 0.4473 -0.2238 -0.8659
vn 0.4930 0.0867 0.8657
vn 0.4906 0.0961 0.8661
vn 0.2540 0.0497 0.9659
vn 0.2549 0.0448 0.9659
vn 0.9479 -0.1857 0.2588
vn 0.9515 -0.1672 0.2584
vn 0.8529 -0.1499 0.5001
vn 0.8501 -0.1664 0.4997
vn 0.6849 0.1759 0.7071
vn 0.6885 0.1627 0.7067
vn 0.8430 0.1992 0.4997
vn 0.8390 0.2154 0.4997
vn -0.4714 -0.5270 0.7071
vn -0.4815 -0.5178 0.7071
vn -0.5899 -0.6343 0.4997
vn -0.5775 -0.6456 0.4997
vn 0.4797 0.1431 0.8657
vn 0.4768 0.1524 0.8657
vn 0.2466 0.0788 0.9659
vn 0.2480 0.0740 0.9659
vn 0.8634 0.0669 0.5001
vn 0.8648 0.0502 0.4997
vn 0.9642 0.0560 0.2592
vn 0.9629 0.0744 0.2592
vn 0.9613 0.0932 -0.2592
vn 0.9629 0.0746 -0.2592
vn 0.8637 0.0669 -0.4996
vn 0.8622 0.0836 -0.4996
vn 0.8622 -0.0836 0.4996
vn 0.8636 -0.0669 0.4996
vn 0.7054 -0.0547 0.7067
vn 0.7041 -0.0683 0.7068
vn -0.4650 0.1841 -0.8659
vn -0.4685 0.1751 -0.8659
vn -0.6627 0.2477 -0.7067
vn -0.6575 0.2603 -0.7071
vn 0.4954 0.0675 0.8660
vn 0.4946 0.0771 0.8657
vn 0.2552 0.0393 0.9661
vn 0.2565 0.0349 0.9659
vn 0.4960 -0.0675 0.8657
vn 0.4966 -0.0579 0.8660
vn 0.2571 -0.0300 0.9659
vn 0.2565 -0.0349 0.9659
vn 0.7006 -0.0954 0.7071
vn 0.7027 -0.0819 0.7068
vn 0.8604 -0.1003 0.4996
vn 0.8583 -0.1169 0.4997
vn 0.9572 -0.1303 0.2584
vn 0.9594 -0.1118 0.2588
vn 0.8648 -0.0502 0.4997
vn 0.8656 -0.0335 0.4996
vn 0.7070 -0.0273 0.7067
vn 0.7060 -0.0410 0.7071
vn 0.2292 0.1203 -0.9659
vn 0.4432 0.2326 -0.8657
vn 0.4473 0.2238 -0.8659
vn 0.2314 0.1158 -0.9659
vn 0.4797 -0.1431 0.8657
vn 0.4823 -0.1338 0.8657
vn 0.2494 -0.0692 0.9659
vn 0.2480 -0.0740 0.9659
vn 0.6776 -0.2022 0.7071
vn 0.6812 -0.1890 0.7073
vn 0.9399 -0.2221 0.2592
vn 0.9441 -0.2039 0.2592
vn 0.8465 -0.1828 0.5000
vn 0.8430 -0.1992 0.4997
vn 0.1360 -0.4812 0.8660
vn 0.1455 -0.4790 0.8657
vn 0.0752 -0.2477 0.9659
vn 0.0704 -0.2491 0.9659
vn 0.4946 -0.0771 0.8657
vn 0.2554 -0.0395 0.9660
vn 0.2549 -0.0448 0.9659
vn 0.4926 -0.0866 0.8660
vn 0.4515 0.2151 -0.8659
vn 0.4556 0.2064 -0.8660
vn 0.2358 0.1068 -0.9659
vn 0.2336 0.1113 -0.9659
vn 0.6387 0.3043 -0.7067
vn 0.6441 0.2918 -0.7071
vn 0.8873 0.3814 -0.2592
vn 0.8945 0.3643 -0.2592
vn 0.8022 0.3266 -0.4997
vn 0.7958 0.3421 -0.4997
vn 0.6549 0.2666 0.7071
vn 0.6603 0.2541 0.7067
vn 0.8084 0.3111 0.4997
vn 0.4672 -0.1798 -0.8657
vn 0.4702 -0.1706 -0.8659
vn 0.6651 -0.2413 -0.7067
vn 0.6600 -0.2539 -0.7071
vn 0.4701 -0.1705 0.8660
vn 0.4738 -0.1616 0.8657
vn 0.2450 -0.0835 0.9659
vn 0.2433 -0.0883 0.9659
vn 0.4768 -0.1524 0.8657
vn 0.2465 -0.0788 0.9659
vn 0.5918 -0.3877 0.7067
vn 0.4187 -0.2743 0.8657
vn 0.4134 -0.2824 0.8657
vn 0.5842 -0.3991 0.7067
vn 0.8277 -0.4977 0.2592
vn 0.8372 -0.4816 0.2592
vn 0.7509 -0.4319 0.4996
vn 0.7424 -0.4464 0.4996
vn 0.6133 0.3528 0.7067
vn 0.7509 0.4319 0.4996
vn 0.6133 0.3528 -0.7067
vn 0.6200 0.3408 -0.7067
vn 0.4386 0.2411 -0.8657
vn 0.4339 0.2496 -0.8657
vn 0.6200 -0.3408 0.7067
vn 0.6262 -0.3287 0.7070
vn 0.4429 -0.2325 0.8659
vn 0.4382 -0.2409 0.8660
vn 0.2292 -0.1203 0.9659
vn 0.2268 -0.1247 0.9659
vn 0.5001 0.0097 0.8659
vn 0.4996 0.0193 0.8660
vn 0.2586 0.0100 0.9659
vn 0.2588 0.0050 0.9659
vn 0.2841 -0.4116 0.8660
vn 0.2923 -0.4064 0.8657
vn 0.1510 -0.2100 0.9660
vn 0.1470 -0.2130 0.9659
vn 0.4641 -0.7314 0.4997
vn 0.4782 -0.7223 0.4997
vn 0.3904 -0.5896 0.7071
vn 0.3791 -0.5974 0.7067
vn 0.2259 -0.4460 -0.8660
vn 0.1171 -0.2309 -0.9659
vn 0.3612 0.7873 0.4997
vn 0.2946 0.6422 0.7077
vn 0.3857 0.8855 -0.2592
vn 0.4028 0.8779 -0.2588
vn 0.3612 0.7873 -0.4997
vn 0.3459 0.7941 -0.4997
vn 0.1547 -0.4761 0.8657
vn 0.1637 -0.4726 0.8660
vn 0.0847 -0.2446 0.9659
vn 0.0802 -0.2469 0.9657
vn 0.2447 0.9343 -0.2592
vn 0.2628 0.9295 -0.2588
vn 0.2356 0.8335 -0.4997
vn 0.2195 0.8379 -0.4997
vn 0.0063 -0.2587 0.9659
vn 0.0012 -0.2589 0.9659
vn 0.4982 0.0483 0.8657
vn 0.4991 0.0387 0.8657
vn 0.7050 0.0546 0.7071
vn 0.7038 0.0682 0.7071
vn -0.0103 -0.7074 -0.7067
vn -0.0126 -0.8661 -0.4996
vn -0.1191 -0.6974 0.7067
vn -0.0842 -0.4930 0.8660
vn -0.1810 -0.9489 0.2585
vn -0.1623 -0.8509 0.4995
vn -0.2915 -0.8157 0.4996
vn -0.2379 -0.6659 0.7071
vn -0.1147 -0.2320 0.9659
vn -0.2303 0.4440 -0.8659
vn -0.3258 0.6280 -0.7067
vn -0.5260 0.6883 0.4996
vn -0.4296 0.5622 0.7067
vn -0.5258 0.6881 -0.5001
vn -0.5392 0.6780 -0.4996
vn -0.6012 0.7560 -0.2588
vn -0.5865 0.7676 -0.2584
vn -0.3475 -0.3595 0.8660
vn -0.1799 -0.1861 0.9659
vn -0.3548 0.3531 -0.8657
vn -0.5014 0.4990 -0.7068
vn -0.5110 -0.4892 -0.7068
vn -0.3928 0.3093 0.8660
vn -0.3989 0.3018 0.8659
vn -0.2064 0.1561 0.9659
vn -0.2034 0.1601 0.9659
vn -0.5723 0.4158 -0.7068
vn -0.4046 0.2940 -0.8660
vn -0.5802 -0.4047 0.7068
vn -0.7105 -0.4955 0.4996
vn -0.7924 0.5526 0.2584
vn -0.8028 0.5371 0.2588
vn -0.7708 -0.3951 -0.4997
vn -0.7782 -0.3801 -0.5000
vn -0.4717 -0.1660 0.8660
vn -0.4685 -0.1751 0.8659
vn -0.2424 -0.0906 0.9659
vn -0.2441 -0.0859 0.9659
vn -0.4922 0.0914 0.8657
vn -0.2545 0.0473 0.9659
vn -0.2535 0.0522 0.9659
vn -0.4903 0.1009 0.8657
vn -0.6979 -0.1157 0.7068
vn -0.4935 -0.0818 0.8659
vn -0.6979 0.1157 0.7068
vn -0.4998 0.0145 0.8660
vn -0.2587 0.0075 0.9659
vn -0.2585 0.0125 0.9659
vn -0.4996 0.0242 0.8659
vn 0.6958 0.5159 -0.4997
vn 0.5683 0.4214 -0.7067
vn 0.5598 0.4321 -0.7071
vn 0.6857 0.5293 -0.4997
vn -0.9656 0.0280 0.2584
vn -0.9659 0.0093 0.2588
vn -0.8171 0.2875 -0.4997
vn -0.9113 0.3206 -0.2584
vn -0.9048 0.3381 -0.2588
vn -0.8114 0.3032 -0.4997
vn -0.8510 -0.4572 0.2583
vn -0.8419 -0.4735 0.2588
vn -0.2276 -0.8358 0.4996
vn -0.2717 -0.9270 0.2585
vn -0.2537 -0.9320 0.2588
vn -0.1726 0.6861 -0.7067
vn -0.1859 0.6826 -0.7067
vn -0.2276 0.8358 -0.4996
vn -0.2114 0.8400 -0.4996
vn -0.2114 -0.8400 0.4997
vn -0.1593 -0.6893 0.7068
vn -0.1726 -0.6858 0.7071
vn -0.0961 -0.8609 0.4996
vn -0.1257 -0.9578 0.2584
vn -0.1073 -0.9600 0.2588
vn 0.0377 0.8654 0.4997
vn 0.0420 0.9650 0.2588
vn 0.0234 0.9658 0.2584
vn -0.7378 0.4533 -0.5001
vn -0.8229 0.5056 -0.2593
vn 0.0544 -0.8645 0.4997
vn -0.6717 -0.2219 0.7068
vn -0.4753 -0.1570 0.8657
vn -0.4783 -0.1478 0.8657
vn 0.1534 -0.9537 0.2588
vn 0.1718 -0.9506 0.2584
vn 0.1541 -0.8524 0.4996
vn 0.1376 -0.8552 0.4996
vn 0.1705 -0.8491 0.4999
vn 0.1393 -0.6936 0.7067
vn 0.1258 -0.6958 0.7071
vn 0.1526 -0.6903 0.7072
vn 0.1079 -0.4881 0.8661
vn 0.0985 -0.4904 0.8659
vn 0.0558 -0.2527 -0.9659
vn 0.0607 -0.2515 -0.9659
vn 0.1174 -0.4862 -0.8659
vn 0.1080 -0.4888 -0.8657
vn 0.2985 0.9187 -0.2586
vn 0.3162 0.9128 -0.2584
vn 0.2836 0.8185 -0.4996
vn 0.2677 0.8238 -0.4996
vn 0.2836 -0.8185 0.4996
vn 0.2993 -0.8129 0.4996
vn 0.2445 -0.6639 0.7067
vn 0.2316 -0.6685 0.7067
vn 0.1910 -0.4627 0.8657
vn 0.0987 -0.2392 0.9659
vn 0.2600 -0.4278 0.8657
vn 0.1344 -0.2211 0.9659
vn 0.1301 -0.2237 0.9659
vn 0.2517 -0.4327 0.8657
vn 0.5193 -0.6933 0.4997
vn 0.4241 -0.5663 0.7067
vn 0.3154 -0.3888 0.8657
vn 0.3074 -0.3944 0.8660
vn 0.3228 -0.3826 0.8657
vn 0.1669 -0.1978 0.9659
vn 0.1630 -0.2010 0.9659
vn 0.7670 0.4026 -0.4996
vn 0.7591 0.4173 -0.4996
vn 0.8466 0.4654 -0.2584
vn 0.8554 0.4490 -0.2584
vn 0.6327 0.3166 -0.7067
vn 0.9143 0.3118 0.2584
vn 0.8251 0.2637 0.4997
vn 0.9201 0.2940 0.2588
vn 0.6739 -0.2154 0.7067
vn 0.8251 -0.2637 0.4997
vn 0.8301 -0.2477 0.4997
vn 0.4792 0.1430 -0.8660
vn 0.6736 0.2153 -0.7070
vn 0.6774 0.2021 -0.7073
vn -0.4136 0.7611 -0.4997
vn -0.3378 0.6216 -0.7067
vn -0.4283 0.7529 -0.4997
vn 0.6987 0.1089 -0.7071
vn 0.4941 0.0770 -0.8660
vn 0.4925 0.0866 -0.8660
vn 0.6968 0.1225 -0.7067
vn 0.2557 -0.0398 -0.9659
vn 0.2564 -0.0349 -0.9659
vn 0.4960 -0.0675 -0.8657
vn 0.4940 -0.0770 -0.8661
vn 0.7070 -0.0137 0.7071
vn 0.8661 -0.0167 0.4996
vn 0.0121 0.5000 -0.8659
vn 0.0024 0.5006 -0.8657
vn 0.2587 -0.0000 -0.9660
vn 0.2587 0.0050 -0.9659
vn 0.5005 0.0097 -0.8657
vn 0.5002 -0.0000 -0.8659
vn 0.9613 0.0932 0.2592
vn 0.9594 0.1118 0.2588
vn 0.8602 0.1002 0.5000
vn 0.8622 0.0836 0.4996
vn 0.4955 0.0675 -0.8660
vn 0.7006 0.0954 -0.7072
vn 0.9355 -0.2401 -0.2592
vn 0.9308 -0.2583 -0.2588
vn 0.8347 -0.2316 -0.4996
vn 0.8390 -0.2154 -0.4997
vn 0.8301 -0.2477 -0.4996
vn 0.6775 -0.2022 -0.7072
vn 0.6818 -0.1892 -0.7067
vn -0.2763 0.6513 -0.7067
vn -0.2888 0.6458 -0.7067
vn -0.3534 0.7904 -0.5003
vn -0.3382 0.7974 -0.4997
vn -0.2888 -0.6458 0.7067
vn -0.2763 -0.6513 0.7067
vn -0.2509 0.6615 0.7068
vn -0.1773 0.4675 0.8661
vn -0.1682 0.4708 0.8660
vn -0.2379 0.6659 0.7071
vn -0.1684 -0.4714 -0.8657
vn -0.1591 -0.4740 -0.8660
vn -0.2251 -0.6707 -0.7067
vn -0.2380 -0.6663 -0.7067
vn -0.2756 0.8210 0.5001
vn -0.2915 0.8157 0.4996
vn -0.2250 0.6704 0.7071
vn 0.2950 0.6430 -0.7067
vn 0.2825 0.6486 -0.7068
vn -0.4571 0.7359 0.4996
vn -0.4712 0.7269 0.4996
vn -0.3849 0.5937 0.7067
vn -0.3733 0.6010 0.7067
vn -0.2641 -0.4252 0.8657
vn -0.3733 -0.6010 0.7067
vn -0.5650 -0.6566 -0.4997
vn -0.6299 -0.7321 -0.2592
vn -0.6439 -0.7198 -0.2592
vn -0.5774 -0.6454 -0.5001
vn -0.4614 -0.5363 0.7067
vn -0.5650 -0.6566 0.4997
vn -0.3263 0.3792 -0.8659
vn -0.3335 0.3728 -0.8659
vn -0.4714 0.5269 -0.7072
vn -0.4614 0.5363 -0.7067
vn -0.5470 -0.4481 0.7072
vn -0.5383 -0.4586 0.7071
vn -0.7380 -0.4535 -0.4997
vn -0.7291 -0.4677 -0.4997
vn -0.8130 -0.5214 -0.2592
vn -0.8230 -0.5055 -0.2593
vn -0.7291 0.4677 0.4997
vn -0.7380 0.4535 0.4997
vn -0.7991 -0.3344 -0.4997
vn -0.7925 -0.3498 -0.4996
vn -0.8836 -0.3899 -0.2592
vn -0.8910 -0.3728 -0.2592
vn -0.6527 0.2731 0.7067
vn -0.7991 0.3344 0.4997
vn -0.6869 0.1693 0.7068
vn -0.6829 0.1824 0.7074
vn -0.8369 0.2235 0.4997
vn -0.8411 0.2073 0.4996
vn -0.7042 0.0614 0.7074
vn -0.7034 0.0751 0.7068
vn -0.8613 0.0919 0.4997
vn -0.8629 0.0753 0.4997
vn 0.9660 -0.0000 -0.2586
vn 0.9659 -0.0187 -0.2584
vn 0.8661 -0.0167 -0.4996
vn 0.8660 -0.0000 -0.5000
vn 0.7070 -0.0000 0.7072
vn 0.8663 -0.0000 0.4996
vn 0.5006 -0.0000 0.8657
vn 0.5001 -0.0097 0.8659
vn 0.4991 -0.0387 0.8657
vn 0.4992 -0.0290 0.8660
vn 0.2584 -0.0150 0.9659
vn 0.2580 -0.0200 0.9659
vn 0.4982 0.0483 -0.8657
vn 0.4986 0.0386 -0.8660
vn 0.2580 0.0200 -0.9659
vn 0.2576 0.0250 -0.9659
vn 0.7041 0.0683 -0.7068
vn 0.7054 0.0547 -0.7067
vn 0.8583 0.1169 -0.4997
vn 0.8556 0.1334 -0.5001
vn 0.9544 0.1488 -0.2588
vn 0.9572 0.1304 -0.2584
vn 0.4867 -0.1150 0.8660
vn 0.4893 -0.1056 0.8657
vn 0.2529 -0.0546 0.9659
vn 0.2518 -0.0595 0.9659
vn 0.2507 -0.0644 0.9659
vn 0.4844 -0.1244 0.8660
vn 0.4843 0.1243 0.8660
vn 0.4867 0.1150 0.8660
vn 0.4844 0.1244 -0.8660
vn 0.4823 0.1338 -0.8657
vn 0.6818 0.1892 -0.7067
vn 0.6849 0.1759 -0.7071
vn -0.3036 -0.3973 0.8660
vn -0.1571 -0.2056 0.9659
vn -0.1611 -0.2026 0.9659
vn -0.3116 -0.3918 0.8657
vn 0.4594 0.1975 0.8660
vn 0.4637 0.1888 0.8657
vn 0.6499 0.2794 0.7068
vn 0.7746 0.3876 0.4997
vn 0.8721 0.4155 0.2584
vn 0.8638 0.4323 0.2588
vn 0.4284 -0.2576 0.8661
vn 0.4339 -0.2496 0.8657
vn 0.2243 -0.1290 0.9659
vn 0.2218 -0.1333 0.9659
vn 0.0212 0.2579 0.9659
vn 0.0410 0.4983 0.8661
vn 0.5990 0.3761 -0.7070
vn 0.6064 0.3646 -0.7067
vn 0.4285 0.2576 -0.8660
vn 0.4236 0.2659 -0.8659
vn 0.7246 -0.4747 -0.4997
vn 0.5918 -0.3877 -0.7067
vn 0.5992 -0.3762 -0.7067
vn 0.7150 -0.4885 0.5001
vn 0.7057 -0.5023 0.4997
vn 0.7869 -0.5602 0.2587
vn 0.7977 -0.5449 0.2584
vn 0.5842 0.3991 -0.7067
vn 0.5760 0.4100 -0.7072
vn 0.7057 0.5023 -0.4997
vn 0.7153 0.4886 -0.4997
vn -0.2487 -0.0716 -0.9659
vn -0.2473 -0.0764 -0.9659
vn -0.4783 -0.1478 -0.8657
vn -0.4811 -0.1385 -0.8657
vn 0.6857 -0.5293 0.4997
vn 0.7647 -0.5903 0.2584
vn 0.5598 -0.4320 0.7071
vn 0.5516 -0.4430 0.7067
vn 0.3963 -0.3059 0.8657
vn 0.3900 -0.3132 0.8659
vn 0.3959 0.3056 -0.8659
vn 0.2049 0.1581 -0.9659
vn 0.2018 0.1621 -0.9659
vn 0.6537 0.5679 -0.5002
vn 0.6428 0.5807 -0.4997
vn 0.7167 0.6474 -0.2591
vn 0.7291 0.6334 -0.2592
vn 0.5337 -0.4637 0.7072
vn 0.5242 -0.4735 0.7078
vn 0.6428 -0.5806 0.4997
vn 0.6539 -0.5681 0.4997
vn 0.3779 0.3283 -0.8657
vn 0.5337 0.4637 -0.7072
vn 0.5584 0.6619 -0.5001
vn 0.5457 0.6728 -0.4996
vn 0.6085 0.7500 -0.2592
vn 0.6228 0.7382 -0.2592
vn 0.4562 -0.5408 0.7067
vn 0.5586 -0.6621 0.4996
vn 0.3153 0.3888 -0.8657
vn 0.4455 0.5492 -0.7070
vn 0.4562 0.5408 -0.7067
vn 0.3298 -0.3760 0.8659
vn 0.3371 -0.3695 0.8659
vn 0.1744 -0.1912 0.9659
vn 0.1707 -0.1945 0.9659
vn 0.5939 -0.7619 0.2585
vn 0.6084 -0.7501 0.2592
vn 0.3675 -0.6046 0.7067
vn 0.3557 -0.6116 0.7067
vn 0.4355 -0.7488 0.4997
vn 0.4499 -0.7402 0.4997
vn 0.1997 -0.4585 0.8659
vn 0.2088 -0.4550 0.8657
vn 0.1079 -0.2352 0.9659
vn 0.1033 -0.2373 0.9659
vn 0.1268 -0.4843 0.8657
vn 0.0656 -0.2503 0.9659
vn 0.2084 0.9431 -0.2592
vn 0.2267 0.9388 -0.2592
vn 0.2032 0.8420 -0.4997
vn 0.1869 0.8458 -0.4996
vn -0.0138 0.2584 0.9659
vn -0.0088 0.2586 0.9659
vn -0.0169 0.4999 0.8659
vn -0.0266 0.4999 0.8657
vn -0.0937 -0.4912 0.8660
vn -0.0485 -0.2543 0.9659
vn -0.2356 -0.9367 0.2591
vn -0.1683 -0.4710 0.8660
vn -0.0871 -0.2437 0.9659
vn -0.2391 -0.4399 0.8657
vn -0.1236 -0.2274 0.9659
vn -0.4571 0.7359 -0.4995
vn -0.5096 0.8205 -0.2592
vn -0.4936 0.8301 -0.2592
vn -0.4428 0.7446 -0.4996
vn -0.3614 -0.6078 0.7071
vn -0.4571 -0.7359 0.4996
vn -0.1366 -0.2199 0.9659
vn -0.1532 0.2087 -0.9659
vn -0.1571 0.2056 -0.9659
vn -0.3036 0.3973 -0.8660
vn -0.2962 0.4035 -0.8657
vn -0.3039 0.3977 0.8657
vn -0.4401 0.5535 0.7071
vn -0.1649 -0.1994 0.9659
vn -0.3187 -0.3853 0.8660
vn -0.3611 -0.3457 0.8661
vn -0.3548 -0.3531 0.8657
vn -0.1834 -0.1818 0.9661
vn -0.1869 -0.1790 0.9659
vn -0.6701 -0.5489 0.4997
vn -0.7471 -0.6120 0.2592
vn -0.2095 -0.1522 0.9659
vn -0.2123 -0.1480 0.9659
vn -0.4101 -0.2860 0.8661
vn -0.4045 -0.2939 0.8661
vn 0.2192 -0.1376 0.9659
vn 0.4236 -0.2660 0.8659
vn -0.4455 -0.2283 0.8657
vn -0.2303 -0.1181 0.9659
vn -0.2325 -0.1136 0.9659
vn -0.4494 -0.2195 0.8659
vn -0.4493 0.2194 0.8660
vn -0.2347 0.1091 0.9659
vn -0.2325 0.1136 0.9659
vn -0.6357 -0.3105 0.7067
vn -0.4540 -0.2109 0.8657
vn -0.2457 -0.0812 0.9659
vn -0.2473 -0.0764 0.9659
vn -0.2553 -0.0423 0.9659
vn -0.2561 -0.0374 0.9659
vn -0.4949 -0.0723 0.8659
vn -0.7000 -0.1022 0.7068
vn -0.7058 0.0478 0.7068
vn -0.8642 0.0586 0.4997
vn -0.6979 -0.1157 -0.7068
vn -0.4938 -0.0819 -0.8657
vn -0.6952 -0.1291 -0.7071
vn -0.4779 0.1476 0.8659
vn -0.2473 0.0764 0.9659
vn -0.2458 0.0812 0.9659
vn -0.4753 0.1570 0.8657
vn -0.8980 0.3556 0.2592
vn -0.9048 0.3382 0.2589
vn -0.8114 0.3032 0.4997
vn -0.8054 0.3189 0.4997
vn -0.2326 -0.1136 -0.9659
vn -0.2296 -0.1182 -0.9661
vn -0.4410 -0.2369 -0.8657
vn -0.6228 -0.3346 -0.7072
vn 0.8873 -0.3814 -0.2592
vn 0.8798 -0.3986 -0.2588
vn 0.7888 -0.3573 -0.5001
vn 0.7958 -0.3421 -0.4997
vn -0.4312 0.2536 -0.8659
vn -0.4359 0.2451 -0.8660
vn -0.6098 0.3587 -0.7067
vn -0.4047 0.2940 0.8659
vn -0.4102 0.2861 0.8660
vn -0.2123 0.1480 0.9659
vn -0.2096 0.1523 0.9659
vn -0.2064 0.1561 -0.9659
vn -0.2094 0.1521 -0.9659
vn -0.7230 0.6404 0.2592
vn -0.3548 -0.3531 -0.8657
vn -0.3479 -0.3599 -0.8657
vn -0.6157 0.7441 0.2592
vn -0.6299 0.7322 0.2592
vn -0.5650 0.6566 0.4997
vn -0.5520 0.6672 0.5001
vn -0.4614 0.5363 0.7067
vn -0.4510 0.5451 0.7067
vn -0.2959 0.4031 0.8660
vn -0.1571 0.2056 0.9659
vn -0.1531 0.2086 0.9659
vn -0.4184 -0.5701 -0.7071
vn -0.2960 -0.4033 -0.8659
vn -0.2883 -0.4092 -0.8657
vn -0.4075 -0.5783 -0.7067
vn -0.5097 -0.8204 0.2592
vn -0.3733 0.6010 -0.7067
vn -0.4776 -0.8396 -0.2589
vn -0.4936 -0.8301 -0.2592
vn -0.3258 0.6280 0.7067
vn -0.3377 0.6213 0.7071
vn -0.2390 0.4398 0.8657
vn -0.2303 0.4440 0.8659
vn -0.3988 0.7689 0.4997
vn -0.1865 0.4645 -0.8657
vn -0.1955 0.4608 -0.8657
vn -0.2636 0.6565 -0.7068
vn -0.0964 0.2402 -0.9659
vn -0.1010 0.2382 -0.9659
vn -0.3228 0.8038 0.4997
vn -0.3072 0.8099 0.4996
vn -0.3425 0.9031 0.2588
vn -0.3599 0.8963 0.2592
vn -0.2114 0.8400 0.4997
vn -0.1950 0.8436 0.5003
vn -0.2175 0.9410 0.2593
vn -0.2357 0.9366 0.2592
vn -0.1726 0.6861 0.7067
vn -0.1593 0.6893 0.7068
vn -0.0632 0.2510 0.9659
vn -0.0583 0.2521 0.9659
vn -0.1126 0.4872 0.8660
vn -0.1221 0.4855 0.8657
vn -0.2122 0.1480 -0.9659
vn -0.4106 0.2863 -0.8657
vn -0.1191 -0.6971 -0.7071
vn -0.1056 -0.6996 -0.7067
vn -0.1293 -0.8565 -0.4997
vn -0.1458 -0.8539 -0.4996
vn -0.1591 0.4740 0.8660
vn -0.0871 0.2437 0.9659
vn -0.0824 0.2454 0.9659
vn -0.0794 0.8626 0.4996
vn -0.0627 0.8640 0.4996
vn -0.0699 0.9633 0.2593
vn -0.0886 0.9617 0.2593
vn -0.1072 0.9600 0.2588
vn -0.0961 0.8609 0.4996
vn -0.6701 0.5489 0.4997
vn -0.5473 0.4483 0.7068
vn -0.6524 -0.2730 -0.7070
vn -0.6473 -0.2857 -0.7067
vn -0.0126 -0.8661 0.4997
vn -0.0140 -0.9659 0.2584
vn 0.0047 -0.9659 0.2587
vn 0.0042 -0.8662 0.4997
vn -0.0073 0.5005 -0.8657
vn -0.0103 0.7074 -0.7067
vn -0.0073 0.5006 0.8657
vn -0.0038 0.2588 0.9659
vn 0.0013 0.2588 0.9659
vn 0.0024 0.5003 0.8659
vn -0.0138 -0.2584 -0.9659
vn -0.0088 -0.2586 -0.9659
vn -0.0169 -0.5003 -0.8657
vn -0.0266 -0.4993 -0.8660
vn -0.0038 -0.2588 -0.9659
vn -0.0073 -0.5005 -0.8657
vn 0.0607 0.9639 0.2592
vn 0.0544 0.8642 0.5002
vn 0.0308 -0.7068 0.7068
vn 0.0377 -0.8654 0.4997
vn 0.0711 0.8633 0.4996
vn 0.0793 0.9626 0.2592
vn 0.0507 -0.4974 0.8661
vn 0.0603 -0.4963 0.8660
vn 0.0312 -0.2569 0.9659
vn 0.0262 -0.2575 0.9659
vn 0.0603 -0.4963 -0.8660
vn 0.0698 -0.4951 -0.8660
vn 0.0988 -0.7005 -0.7067
vn 0.0853 -0.7023 -0.7068
vn 0.1210 -0.8577 0.4997
vn 0.1123 -0.6981 0.7071
vn 0.0988 -0.7002 0.7071
vn 0.2085 -0.9431 -0.2591
vn 0.1902 -0.9470 -0.2589
vn 0.1705 -0.8493 -0.4996
vn 0.1869 -0.8458 -0.4996
vn 0.1869 0.8458 0.4996
vn 0.2084 0.9431 0.2591
vn 0.0704 -0.2491 -0.9659
vn 0.0752 -0.2477 -0.9659
vn 0.1453 -0.4786 -0.8659
vn 0.1360 -0.4811 -0.8660
vn 0.1361 0.4813 0.8659
vn 0.1455 0.4790 0.8657
vn 0.2055 0.6766 0.7071
vn 0.1924 0.6808 0.7068
vn 0.2056 0.6769 -0.7068
vn 0.2185 0.6726 -0.7070
vn 0.1547 0.4761 -0.8657
vn 0.1453 0.4786 -0.8659
vn 0.2993 0.8129 -0.4996
vn 0.3338 0.9064 -0.2588
vn 0.3512 0.8997 -0.2592
vn -0.4655 0.1843 0.8657
vn -0.4685 0.1751 0.8659
vn -0.2424 0.0906 0.9659
vn -0.2406 0.0953 0.9659
vn 0.2172 -0.4503 0.8660
vn 0.1124 -0.2331 0.9659
vn 0.2175 0.4508 -0.8657
vn 0.3072 0.6367 -0.7073
vn 0.4210 -0.7571 -0.4996
vn 0.4694 -0.8442 -0.2587
vn 0.3314 -0.6241 -0.7076
vn 0.3438 -0.6184 -0.7067
vn -0.6671 0.2347 -0.7070
vn 0.2760 0.4169 0.8660
vn 0.1429 0.2158 0.9659
vn 0.5791 -0.7732 0.2584
vn 0.5326 0.6832 0.4996
vn 0.5191 0.6931 0.5001
vn 0.3225 -0.3823 -0.8659
vn 0.3151 -0.3885 -0.8659
vn 0.1630 -0.2010 -0.9659
vn 0.1669 -0.1978 -0.9659
vn 0.1707 -0.1945 -0.9659
vn 0.1744 -0.1912 -0.9659
vn 0.3370 -0.3695 -0.8659
vn 0.3301 -0.3763 -0.8657
vn 0.3373 0.3698 0.8657
vn 0.1744 0.1912 0.9659
vn 0.4868 -0.5134 -0.7067
vn 0.4768 -0.5227 -0.7068
vn 0.3440 -0.3628 -0.8660
vn 0.6197 -0.6049 -0.5001
vn 0.6315 -0.5930 -0.4996
vn 0.7042 -0.6613 -0.2584
vn 0.6913 -0.6748 -0.2584
vn 0.6315 -0.5930 0.4996
vn 0.5155 -0.4841 0.7071
vn 0.7042 0.6613 0.2584
vn 0.5427 -0.4534 -0.7071
vn 0.5338 -0.4638 -0.7071
vn 0.3779 -0.3283 -0.8657
vn 0.3838 -0.3207 -0.8659
vn 0.5427 -0.4534 0.7071
vn 0.3903 0.3135 0.8657
vn 0.3838 0.3206 0.8660
vn 0.1986 0.1659 0.9659
vn 0.2018 0.1620 0.9659
vn 0.0121 0.5000 0.8659
vn 0.0063 0.2587 0.9659
vn 0.5516 0.4430 0.7067
vn 0.7869 0.5602 -0.2587
vn 0.7977 0.5449 -0.2584
vn 0.8080 -0.5293 -0.2588
vn 0.7977 -0.5449 -0.2584
vn 0.7153 -0.4886 -0.4997
vn 0.2191 0.1376 0.9659
vn 0.2218 0.1333 0.9659
vn 0.4284 0.2576 0.8661
vn 0.4240 0.2662 0.8657
vn 0.5992 -0.3762 0.7067
vn 0.6063 -0.3646 0.7067
vn 0.4285 -0.2576 -0.8660
vn 0.4335 -0.2494 -0.8660
vn 0.6129 -0.3526 -0.7071
vn 0.6060 -0.3644 -0.7071
vn 0.2243 0.1290 0.9659
vn 0.4335 0.2494 0.8660
vn 0.2268 0.1247 0.9659
vn 0.4379 0.2408 0.8662
vn -0.4954 0.0723 0.8657
vn -0.4933 0.0818 0.8660
vn 0.7746 -0.3876 -0.4997
vn 0.7820 -0.3726 -0.4997
vn 0.8721 -0.4155 -0.2584
vn 0.8638 -0.4323 -0.2588
vn 0.8554 0.4490 0.2584
vn 0.6327 0.3166 0.7067
vn 0.2378 -0.1022 0.9659
vn 0.2358 -0.1068 0.9659
vn 0.4556 -0.2064 0.8659
vn 0.4594 -0.1975 0.8660
vn 0.2378 -0.1022 -0.9659
vn 0.2397 -0.0976 -0.9659
vn 0.4631 -0.1886 -0.8660
vn 0.4596 -0.1976 -0.8659
vn 0.6552 -0.2668 -0.7068
vn 0.8084 -0.3111 0.4997
vn 0.8143 -0.2954 0.4997
vn 0.6647 -0.2411 0.7072
vn 0.6603 -0.2541 0.7067
vn -0.5124 0.6981 -0.5001
vn -0.5715 0.7787 -0.2588
vn -0.5564 0.7897 -0.2584
vn -0.4989 0.7081 -0.4996
vn 0.6735 0.2153 0.7071
vn 0.2397 0.0976 0.9659
vn 0.2415 0.0929 0.9659
vn 0.4673 0.1798 0.8656
vn 0.4673 -0.1798 0.8656
vn 0.2415 -0.0929 0.9659
vn 0.8298 0.2476 0.5001
vn 0.9257 0.2762 0.2584
vn 0.6968 -0.1225 0.7067
vn 0.6986 -0.1089 0.7072
vn 0.2518 0.0595 0.9659
vn 0.2530 0.0546 0.9659
vn 0.4893 0.1056 0.8657
vn 0.6943 0.1359 0.7067
vn 0.6915 0.1493 0.7067
vn 0.8559 -0.1334 -0.4996
vn 0.8583 -0.1169 -0.4997
vn 0.9572 -0.1303 -0.2584
vn 0.9544 -0.1488 -0.2588
vn 0.4995 -0.0193 0.8661
vn 0.2586 -0.0100 0.9659
vn -0.5002 0.0048 -0.8659
vn -0.5006 -0.0048 -0.8657
vn 0.8427 0.1991 -0.5002
vn 0.8463 0.1827 -0.5003
vn 0.6907 0.1492 -0.7076
vn 0.6880 0.1625 -0.7073
vn -0.5000 -0.0048 0.8660
vn -0.4998 -0.0145 0.8660
vn -0.2587 -0.0075 0.9659
vn -0.2588 -0.0025 0.9659
vn -0.4947 -0.0722 -0.8660
vn -0.6995 -0.1021 -0.7073
vn -0.6951 0.1291 -0.7072
vn -0.6979 0.1157 -0.7068
vn -0.8546 0.1417 -0.4996
vn -0.8516 0.1582 -0.4997
vn -0.4962 0.0627 0.8659
vn -0.2568 0.0324 0.9659
vn -0.2561 0.0374 0.9659
vn -0.2573 0.0275 0.9659
vn -0.4972 0.0531 0.8660
vn -0.4783 0.1478 -0.8657
vn -0.4811 0.1385 -0.8657
vn -0.6799 0.1957 -0.7067
vn -0.6759 0.2088 -0.7067
vn -0.8224 -0.2716 0.4999
vn -0.8171 0.2875 0.4997
vn -0.8226 0.2717 0.4996
vn -0.6717 0.2219 0.7068
vn -0.6673 0.2348 0.7068
vn -0.4805 0.1383 0.8660
vn -0.2487 0.0716 0.9659
vn -0.2501 0.0668 0.9659
vn -0.4833 0.1291 0.8659
vn -0.6293 0.3226 0.7070
vn -0.6355 0.3104 0.7070
vn -0.4455 0.2283 0.8657
vn -0.4534 -0.2107 -0.8660
vn -0.6416 -0.2981 -0.7067
vn -0.6296 0.3227 -0.7067
vn -0.6354 0.3103 -0.7071
vn -0.7631 0.4099 0.4997
vn -0.7708 0.3951 0.4997
vn -0.6230 0.3347 0.7071
vn -0.2347 -0.1090 -0.9659
vn -0.4580 -0.2021 0.8657
vn -0.2347 -0.1091 0.9659
vn -0.2368 -0.1045 0.9659
vn -0.5723 0.4158 0.7068
vn -0.4155 -0.2780 -0.8661
vn -0.4102 -0.2861 -0.8660
vn -0.5800 -0.4045 -0.7071
vn -0.5880 -0.3934 -0.7068
vn -0.7704 0.5828 0.2584
vn -0.7815 0.5678 0.2584
vn -0.7008 0.5092 0.4996
vn -0.4158 0.2782 0.8659
vn -0.2151 0.1439 0.9659
vn -0.2179 0.1397 0.9659
vn -0.3678 0.3388 -0.8660
vn -0.3611 0.3457 -0.8661
vn -0.1870 0.1790 -0.9659
vn -0.1904 0.1754 -0.9659
vn -0.3743 0.3316 -0.8660
vn -0.1937 0.1716 -0.9659
vn -0.3611 -0.3457 -0.8661
vn -0.4296 -0.5622 -0.7067
vn -0.4404 -0.5538 -0.7067
vn -0.3112 -0.3913 -0.8660
vn -0.3037 -0.3974 -0.8660
vn -0.5126 -0.6984 -0.4996
vn -0.3377 -0.6213 -0.7071
vn -0.2475 -0.4351 -0.8657
vn -0.2388 -0.4393 -0.8660
vn -0.4136 0.7611 0.4997
vn -0.4281 0.8660 0.2584
vn -0.4448 0.8574 0.2588
vn -0.1280 0.2250 -0.9659
vn -0.1323 0.2224 -0.9659
vn -0.3251 -0.9097 0.2584
vn -0.1458 0.8539 0.4996
vn -0.1623 0.8509 0.4995
vn -0.1326 0.6949 0.7068
vn -0.1191 0.6974 0.7067
vn -0.1627 0.9522 0.2584
vn -0.0534 0.2533 0.9659
vn -0.1033 0.4898 0.8657
vn -0.0362 0.4988 0.8659
vn -0.0376 0.7062 0.7070
vn -0.0512 0.7053 0.7071
vn -0.0648 0.7040 0.7072
vn -0.0459 0.4980 0.8660
vn -0.0239 0.7071 -0.7067
vn -0.0375 0.7055 -0.7077
vn -0.0460 0.8650 -0.4997
vn -0.0293 0.8657 -0.4997
vn -0.0627 -0.8638 0.4999
vn -0.0460 -0.8650 0.4997
vn -0.0794 -0.8624 0.5000
vn -0.0649 -0.7045 0.7067
vn -0.0293 0.8657 0.4997
vn -0.0140 0.9659 0.2584
vn -0.0326 0.9655 0.2585
vn -0.0459 0.4984 -0.8657
vn -0.0363 0.4992 -0.8657
vn -0.0187 0.2581 -0.9659
vn -0.0237 0.2577 -0.9659
vn 0.0853 0.7023 0.7068
vn 0.0717 0.7038 0.7067
vn 0.0506 0.4973 0.8661
vn 0.0603 0.4963 0.8660
vn 0.0852 0.7019 -0.7071
vn 0.0878 0.8618 -0.4997
vn 0.1210 0.8577 0.4996
vn 0.0988 0.7005 0.7067
vn -0.7464 -0.4390 0.5002
vn -0.8325 -0.4896 0.2592
vn 0.2218 0.1333 -0.9659
vn 0.2192 0.1376 -0.9659
vn 0.1268 0.4843 0.8657
vn 0.1660 0.6877 -0.7068
vn 0.1792 0.6844 -0.7068
vn 0.2356 -0.8335 0.4997
vn 0.1924 -0.6808 0.7068
vn 0.1175 0.4866 0.8657
vn 0.0607 0.2516 0.9659
vn 0.0656 0.2503 0.9659
vn 0.1079 0.4883 -0.8660
vn 0.0558 0.2527 -0.9659
vn 0.2086 0.4546 0.8659
vn 0.2699 -0.6539 0.7068
vn 0.2825 -0.6486 0.7068
vn 0.1033 0.2372 -0.9659
vn 0.0987 0.2392 -0.9659
vn 0.1910 0.4627 -0.8657
vn 0.1997 0.4584 -0.8660
vn 0.3791 0.5974 -0.7067
vn 0.3904 0.5896 -0.7071
vn 0.2763 0.4174 -0.8657
vn 0.2682 0.4226 -0.8657
vn 0.3673 -0.6043 -0.7071
vn 0.3556 -0.6113 -0.7070
vn 0.2514 -0.4322 -0.8660
vn 0.2600 -0.4278 -0.8657
vn 0.2515 0.4323 -0.8659
vn 0.2431 0.4371 -0.8659
vn 0.3438 0.6184 -0.7067
vn 0.3555 0.6112 -0.7072
vn 0.4641 0.7314 0.4997
vn 0.4499 0.7402 0.4997
vn 0.3675 0.6046 0.7067
vn 0.3791 0.5974 0.7067
vn -0.4290 0.5615 -0.7076
vn 0.0711 0.8631 -0.4999
vn 0.0793 0.9626 -0.2592
vn 0.0978 0.9608 -0.2593
vn 0.5174 0.8155 0.2592
vn 0.5016 0.8253 0.2592
vn 0.4857 0.8348 0.2592
vn 0.4355 0.7488 0.4997
vn 0.6370 -0.7260 0.2592
vn 0.6509 -0.7137 0.2589
vn 0.5837 -0.6400 0.4997
vn 0.5712 -0.6510 0.4999
vn 0.6199 0.6051 0.4997
vn 0.6913 0.6748 0.2584
vn 0.6780 0.6879 0.2588
vn 0.6080 0.6169 0.4997
vn 0.4964 0.5036 0.7071
vn 0.5713 0.6512 0.4996
vn 0.4666 0.5318 0.7067
vn 0.4560 -0.5404 -0.7071
vn 0.4454 -0.5491 -0.7072
vn 0.1630 0.2010 -0.9659
vn 0.6647 0.5554 0.4997
vn 0.5341 0.4640 0.7067
vn 0.5429 0.4536 0.7067
vn 0.3711 0.3353 0.8659
vn 0.3776 0.3280 0.8659
vn 0.7336 0.4606 -0.4996
vn 0.7424 0.4464 -0.4996
vn 0.4187 0.2743 0.8657
vn 0.4134 0.2824 0.8657
vn 0.2137 0.1460 0.9659
vn 0.2165 0.1418 0.9659
vn 0.6496 -0.2792 -0.7071
vn 0.6441 -0.2918 -0.7071
vn 0.4556 -0.2064 -0.8660
vn 0.4515 0.2151 0.8659
vn 0.2336 0.1113 0.9659
vn 0.2357 0.1068 0.9659
vn 0.4556 0.2064 0.8659
vn -0.3847 0.5934 -0.7071
vn -0.4712 0.7269 -0.4996
vn 0.8501 0.1664 0.4997
vn 0.8464 0.1828 0.5002
vn 0.2506 0.0644 0.9659
vn 0.4992 0.0290 0.8660
vn 0.7061 0.0410 0.7070
vn 0.4866 0.1150 -0.8661
vn 0.1393 -0.6936 -0.7067
vn 0.1527 -0.6908 -0.7067
vn 0.9642 0.0560 -0.2592
vn 0.9652 0.0374 -0.2588
vn 0.8656 0.0335 -0.4996
vn 0.8648 0.0502 -0.4996
vn -0.1313 0.4824 0.8660
vn -0.0680 0.2497 0.9659
vn 0.2583 0.0150 0.9659
vn 0.4893 0.1056 -0.8657
vn 0.8390 -0.2154 0.4997
vn 0.8347 -0.2316 0.4996
vn 0.9307 -0.2583 0.2588
vn 0.9355 -0.2402 0.2592
vn 0.4907 -0.0961 0.8660
vn 0.2540 -0.0497 0.9659
vn 0.6549 -0.2666 0.7071
vn 0.4631 -0.1885 0.8660
vn 0.7958 -0.3421 0.4997
vn 0.8022 -0.3266 0.4997
vn 0.6499 -0.2794 0.7068
vn 0.7887 -0.3573 0.5002
vn 0.8799 -0.3986 0.2588
vn 0.8873 -0.3815 0.2592
vn 0.8372 0.4816 -0.2592
vn 0.7509 0.4319 -0.4996
vn 0.1954 -0.1697 -0.9659
vn 0.1986 -0.1659 -0.9659
vn 0.1376 -0.8552 -0.4996
vn 0.1210 -0.8577 -0.4996
vn -0.2276 -0.8358 -0.4996
vn -0.2114 -0.8400 -0.4996
vn -0.2357 -0.9366 -0.2592
vn -0.2538 -0.9320 -0.2589
vn 0.4021 0.2981 -0.8657
vn 0.6958 -0.5159 0.4997
vn 0.5680 -0.4212 0.7071
vn 0.6857 -0.5293 -0.4997
vn 0.6958 -0.5159 -0.4997
vn 0.7759 -0.5753 -0.2588
vn 0.7648 -0.5902 -0.2584
vn 0.4768 0.5227 0.7068
vn 0.3298 0.3759 0.8660
vn 0.4868 -0.5134 0.7068
vn 0.3514 -0.3565 0.8657
vn 0.3441 -0.3629 0.8659
vn -0.1326 0.6949 -0.7068
vn -0.0937 0.4912 -0.8660
vn 0.1781 -0.1878 0.9659
vn 0.1817 -0.1843 0.9659
vn 0.4641 -0.7314 -0.4997
vn 0.4782 -0.7223 -0.4996
vn 0.5333 -0.8054 -0.2588
vn 0.5175 -0.8155 -0.2592
vn 0.3001 -0.4007 0.8657
vn 0.1551 -0.2071 0.9659
vn 0.2947 -0.6422 0.7076
vn 0.1792 -0.6844 0.7068
vn 0.1360 0.4812 -0.8660
vn 0.1924 0.6808 -0.7068
vn 0.0752 0.2477 -0.9659
vn 0.0704 0.2490 -0.9659
vn 0.0699 -0.4957 0.8657
vn 0.0362 -0.2562 0.9659
vn 0.0795 -0.4942 0.8657
vn 0.0413 -0.2553 0.9660
vn -0.0239 -0.7067 0.7071
vn -0.0103 -0.7071 0.7071
vn -0.0073 -0.5001 0.8659
vn -0.0169 -0.4997 0.8661
vn -0.0293 -0.8655 0.5001
vn -0.1460 -0.6922 0.7068
vn -0.1326 -0.6949 0.7068
vn -0.1191 0.6974 -0.7067
vn -0.0436 -0.2551 0.9659
vn -0.2506 0.6608 -0.7075
vn -0.2377 0.6653 -0.7078
vn -0.1684 0.4714 -0.8657
vn -0.1773 0.4675 -0.8661
vn -0.1591 0.4739 -0.8661
vn -0.0824 0.2454 -0.9659
vn -0.0871 0.2437 -0.9659
vn -0.2390 0.4398 -0.8657
vn -0.2305 -0.4444 0.8657
vn -0.1191 -0.2297 0.9659
vn -0.4184 0.5701 -0.7071
vn -0.4294 -0.5619 0.7071
vn -0.5260 -0.6883 0.4996
vn -0.2880 -0.4087 0.8661
vn -0.1490 -0.2115 0.9659
vn -0.1531 -0.2084 0.9660
vn -0.2959 -0.4032 0.8660
vn -0.5110 -0.4892 0.7068
vn -0.5014 -0.4990 0.7068
vn -0.2095 -0.1522 -0.9659
vn -0.2064 -0.1561 -0.9659
vn -0.3987 -0.3016 -0.8660
vn -0.4049 -0.2942 -0.8657
vn -0.4451 0.2281 -0.8659
vn -0.4493 0.2194 -0.8660
vn -0.7856 -0.3650 -0.4996
vn -0.2544 -0.0473 0.9659
vn -0.8411 0.2073 -0.4996
vn -0.9378 0.2311 -0.2592
vn -0.6869 0.1693 -0.7068
vn -0.6835 0.1826 -0.7068
vn -0.4832 0.1291 -0.8659
vn -0.4860 0.1198 -0.8657
vn -0.4580 -0.2021 -0.8657
vn -0.2368 -0.1045 -0.9659
vn 0.2195 -0.8379 -0.4997
vn 0.2356 -0.8335 -0.4997
vn 0.2627 -0.9295 -0.2589
vn 0.2447 -0.9343 -0.2591
vn -0.6028 0.3704 -0.7067
vn -0.5955 0.3820 -0.7068
vn -0.4214 0.2703 -0.8657
vn -0.4262 0.2619 -0.8659
vn -0.6594 0.5618 -0.4997
vn -0.7352 0.6264 -0.2592
vn -0.7229 0.6404 -0.2592
vn -0.6484 0.5744 -0.4996
vn -0.6594 -0.5618 0.4997
vn -0.6482 -0.5743 0.5001
vn -0.3810 0.3246 -0.8657
vn -0.5382 0.4585 -0.7072
vn -0.5296 0.4692 -0.7067
vn -0.1970 0.1678 -0.9659
vn -0.5650 0.6566 -0.4997
vn -0.5775 0.6456 -0.4997
vn -0.6440 0.7198 -0.2592
vn -0.6299 0.7321 -0.2592
vn -0.5775 0.6456 0.4997
vn -0.4714 -0.5270 -0.7071
vn -0.3338 -0.3731 -0.8657
vn -0.4712 -0.7269 0.4996
vn -0.5254 -0.8104 0.2592
vn -0.2638 0.4248 -0.8660
vn -0.3943 0.8817 -0.2592
vn -0.3771 0.8892 -0.2592
vn -0.3536 -0.7907 0.4997
vn -0.3382 -0.7974 0.4997
vn -0.2043 0.4570 -0.8657
vn -0.0237 0.2577 0.9659
vn -0.0187 0.2581 0.9659
vn -0.8409 -0.2073 -0.4999
vn -0.8369 -0.2235 -0.4997
vn -0.9331 -0.2491 -0.2592
vn -0.9377 -0.2312 -0.2592
vn 0.2192 -0.1376 -0.9659
vn 0.2218 -0.1333 -0.9659
vn 0.4239 -0.2662 -0.8657
vn 0.0314 0.4991 -0.8659
vn 0.0217 0.4995 -0.8660
vn 0.0308 0.7068 -0.7067
vn 0.0444 0.7061 -0.7067
vn -0.5955 -0.3820 -0.7068
vn -0.7200 -0.4817 -0.4996
vn 0.0047 0.9659 -0.2587
vn 0.0234 0.9657 -0.2584
vn 0.5157 -0.4843 -0.7067
vn 0.5250 -0.4743 -0.7067
vn 0.6428 -0.5807 -0.4996
vn 0.1869 -0.8458 0.4996
vn 0.1901 -0.9470 0.2588
vn 0.2084 -0.9431 0.2592
vn 0.3149 0.8067 0.5001
vn 0.2444 -0.6636 -0.7071
vn 0.2573 -0.6591 0.7067
vn 0.8277 0.4977 -0.2592
vn 0.3162 -0.9128 0.2584
vn 0.3338 -0.9064 0.2588
vn 0.4210 0.7571 0.4996
vn 0.3556 0.6113 0.7070
vn 0.4210 0.7571 -0.4996
vn 0.4531 0.8532 -0.2584
vn 0.4694 0.8442 -0.2588
vn 0.4347 0.5576 -0.7072
vn 0.5326 0.6832 -0.4996
vn 0.5939 0.7619 0.2585
vn 0.5791 0.7732 0.2584
vn 0.6913 0.6748 -0.2585
vn 0.7042 0.6613 -0.2584
vn 0.2165 -0.1418 0.9659
vn 0.8196 -0.2795 0.5002
vn 0.6693 -0.2282 0.7071
vn 0.8559 -0.1334 0.4996
vn 0.8532 0.1500 -0.4996
vn 0.9515 0.1673 -0.2584
vn 0.8501 0.1664 -0.4996
vn 0.9479 0.1856 -0.2588
vn 0.8583 0.1169 0.4997
vn 0.8559 0.1334 0.4996
vn 0.6984 0.1089 0.7073
vn 0.7006 0.0954 0.7071
vn 0.9572 0.1303 0.2584
vn 0.8347 0.2316 0.4996
vn 0.9308 0.2583 0.2588
vn 0.4432 0.2326 0.8657
vn 0.4477 0.2240 0.8657
vn 0.2517 0.4327 0.8657
vn 0.1258 0.2262 0.9659
vn 0.1301 0.2237 0.9659
vn -0.0287 0.2572 0.9659
vn -0.0337 0.2566 0.9659
vn -0.8324 0.2397 0.4997
vn -0.9283 0.2673 0.2585
vn -0.9331 0.2493 0.2592
vn 0.3764 -0.7802 -0.4997
vn 0.4197 -0.8701 -0.2584
vn 0.2175 0.4509 0.8657
vn 0.1125 0.2331 0.9659
vn 0.1168 0.2308 0.9659
vn 0.3337 0.9064 0.2588
vn 0.3163 0.9128 0.2584
vn 0.2993 0.8129 0.4996
vn 0.1728 -0.4693 -0.8660
vn 0.1547 0.4761 0.8657
vn 0.0752 0.2477 0.9659
vn 0.0802 0.2469 0.9657
vn 0.1705 0.8491 0.5000
vn 0.1902 0.9470 0.2589
vn 0.1719 0.9506 0.2584
vn 0.1705 0.8491 -0.4999
vn 0.1392 0.6933 -0.7071
vn 0.0699 0.4957 0.8657
vn 0.0361 0.2562 0.9659
vn 0.0209 -0.8660 0.4996
vn -0.2537 0.9320 0.2588
vn -0.2276 0.8358 0.4996
vn -0.2043 -0.4570 -0.8657
vn -0.2131 -0.4530 -0.8657
vn -0.1102 -0.2342 -0.9659
vn -0.1057 -0.2363 -0.9659
vn -0.1192 0.2298 0.9659
vn 0.1165 -0.9589 0.2588
vn 0.1044 -0.8599 0.4997
vn -0.2723 -0.4200 -0.8657
vn -0.2803 -0.4147 -0.8657
vn -0.1450 -0.2144 -0.9659
vn -0.1408 -0.2172 -0.9659
vn -0.6594 0.5618 0.4997
vn -0.5383 0.4586 0.7071
vn -0.7471 -0.6121 -0.2591
vn -0.7589 -0.5975 -0.2588
vn -0.6806 -0.5359 -0.4997
vn -0.6701 -0.5489 -0.4997
vn -0.3872 0.3172 0.8657
vn -0.2002 0.1640 0.9659
vn -0.7466 0.4391 0.4997
vn -0.8228 0.5057 0.2593
vn -0.8325 0.4897 0.2592
vn -0.6098 0.3587 0.7067
vn -0.8909 0.3729 0.2592
vn -0.6578 0.2604 0.7067
vn -0.6578 -0.2604 -0.7067
vn -0.9420 -0.2130 -0.2592
vn -0.9461 -0.1947 -0.2588
vn -0.8484 -0.1746 -0.4997
vn -0.8449 -0.1910 -0.4996
vn -0.8449 0.1910 0.4996
vn -0.8484 0.1746 0.4997
vn -0.6929 0.1426 0.7068
vn -0.6898 0.1559 0.7070
vn -0.6900 -0.1560 -0.7068
vn -0.6925 -0.1425 -0.7072
vn -0.2535 -0.0522 0.9659
vn -0.9636 0.0653 0.2592
vn -0.9648 0.0467 0.2589
vn -0.7058 -0.0478 0.7068
vn -0.7067 -0.0342 0.7067
vn -0.8652 -0.0418 0.4996
vn -0.8642 -0.0586 0.4997
vn -0.4995 -0.0338 -0.8657
vn -0.4981 -0.0434 -0.8660
vn -0.7043 -0.0614 -0.7072
vn -0.7058 -0.0478 -0.7068
vn -0.5000 0.0242 -0.8657
vn -0.7067 0.0342 -0.7067
vn -0.7058 0.0478 -0.7068
vn -0.5000 -0.0242 0.8657
vn -0.4989 -0.0338 0.8660
vn -0.2582 -0.0175 0.9659
vn -0.2585 -0.0125 0.9659
vn -0.8642 0.0586 -0.4997
vn -0.8649 0.0418 -0.5002
vn -0.9648 0.0467 -0.2588
vn -0.9636 0.0653 -0.2592
vn -0.9172 -0.3029 -0.2588
vn -0.9230 -0.2851 -0.2584
vn -0.8277 -0.2557 -0.4996
vn -0.7048 0.0615 -0.7068
vn -0.9421 0.2130 -0.2592
vn -0.8449 0.1910 -0.4996
vn -0.8449 -0.1910 0.4996
vn -0.8409 -0.2073 0.4999
vn -0.6869 -0.1693 0.7068
vn -0.6900 0.1560 -0.7068
vn -0.4875 0.1102 -0.8661
vn -0.8980 -0.3556 0.2592
vn -0.8910 -0.3728 0.2592
vn -0.7991 -0.3344 0.4997
vn -0.8051 -0.3188 0.5002
vn -0.5520 0.6672 -0.5001
vn -0.6578 -0.2604 0.7067
vn -0.6527 -0.2731 0.7067
vn -0.8325 0.4897 -0.2592
vn -0.7466 0.4391 -0.4997
vn -0.6095 -0.3585 0.7071
vn -0.6025 -0.3702 0.7071
vn 0.7531 0.6048 -0.2588
vn 0.7647 0.5903 -0.2584
vn 0.6754 0.5424 -0.4997
vn -0.7352 -0.6263 0.2592
vn -0.3810 0.3246 0.8657
vn -0.5410 0.8003 0.2585
vn -0.5564 0.7897 0.2584
vn -0.3963 -0.5861 -0.7067
vn -0.3846 -0.5933 -0.7072
vn -0.4712 -0.7269 -0.4996
vn -0.4852 -0.7176 -0.4997
vn -0.4113 0.8741 0.2584
vn -0.5096 -0.8204 -0.2593
vn -0.4571 -0.7359 -0.4995
vn 0.3582 -0.3497 0.8657
vn 0.1852 -0.1808 0.9659
vn 0.4073 -0.2900 0.8660
vn 0.2108 -0.1501 0.9659
vn 0.2079 -0.1541 0.9659
vn 0.4016 -0.2977 0.8661
vn 0.4078 0.2903 -0.8657
vn 0.7759 -0.5753 0.2588
vn 0.2378 0.1022 -0.9659
vn 0.4596 0.1976 -0.8659
vn 0.2571 0.0299 -0.9659
vn 0.4966 0.0579 -0.8661
vn -0.9877 0.1564 -0.0001
vn -0.9877 0.1564 0.0001
vn 1.0000 -0.0000 -0.0000
vn -0.3090 -0.9511 -0.0001
vn -0.1564 -0.9877 -0.0000
vn -0.3090 -0.9511 -0.0000
vn -0.4540 -0.8910 -0.0001
vn -0.4540 -0.8910 -0.0000
vn 0.7891 -0.6142 -0.0000
vn 0.7892 0.6142 -0.0000
vn 0.8795 0.4759 -0.0000
vn 0.7891 0.6142 -0.0000
vn -0.2588 0.9659 -0.0000
vn -0.7891 0.6142 0.0001
vn -0.6773 0.7358 0.0004
vn -0.6773 0.7357 -0.0000
vn -0.7891 0.6142 -0.0000
vn -0.5469 0.8372 0.0004
vn -0.5469 0.8372 -0.0000
vn -0.8659 -0.0251 0.4996
vn -0.9656 -0.0280 0.2584
vn -0.9648 -0.0467 0.2589
vn -0.7072 -0.0205 0.7067
vn -0.2588 -0.0025 -0.9659
vn -0.2587 0.0025 -0.9659
vn -0.7067 -0.0342 -0.7067
vn -0.7069 -0.0205 -0.7071
vn -0.9636 -0.0654 0.2592
vn -0.9622 -0.0839 0.2592
vn -0.8629 -0.0753 0.4997
vn -0.9584 0.1211 0.2584
vn -0.9604 0.1024 0.2592
vn -0.2574 -0.0275 -0.9659
vn -0.2568 -0.0324 -0.9659
vn -0.2561 -0.0374 -0.9659
vn -0.2553 -0.0423 -0.9659
vn -0.6956 0.1292 0.7068
vn -0.9420 0.2130 0.2592
vn -0.9461 0.1948 0.2588
vn -0.9377 0.2312 0.2592
vn -0.8324 -0.2397 -0.4997
vn -0.9283 -0.2673 -0.2585
vn -0.6835 -0.1826 -0.7068
vn -0.6799 -0.1957 -0.7067
vn -0.2473 0.0764 -0.9659
vn -0.4753 0.1570 -0.8657
vn -0.2456 0.0812 -0.9660
vn -0.2458 -0.0812 -0.9659
vn -0.2441 -0.0859 -0.9659
vn -0.4718 -0.1660 -0.8659
vn -0.4747 -0.1568 -0.8660
vn -0.4717 0.1660 0.8660
vn -0.6627 0.2477 0.7067
vn 0.4921 -0.7129 -0.4996
vn 0.3904 -0.5896 -0.7071
vn 0.4019 -0.5823 -0.7067
vn -0.6627 -0.2477 -0.7067
vn -0.8054 -0.3189 -0.4997
vn -0.8114 -0.3032 -0.4997
vn -0.8980 -0.3556 -0.2592
vn -0.9048 -0.3381 -0.2588
vn -0.8760 0.4071 0.2588
vn -0.8836 0.3900 0.2592
vn -0.4410 0.2369 0.8657
vn -0.2302 0.1181 0.9659
vn -0.2280 0.1225 0.9659
vn -0.7628 -0.4098 -0.5001
vn -0.7550 -0.4246 -0.4997
vn -0.7466 -0.4391 -0.4997
vn -0.8419 0.4735 0.2588
vn -0.7550 0.4246 0.4997
vn -0.8129 0.5215 0.2592
vn -0.4210 -0.2700 -0.8659
vn -0.2179 -0.1397 -0.9659
vn -0.2151 -0.1439 -0.9659
vn -0.2122 -0.1480 -0.9659
vn 0.0312 0.2569 0.9659
vn -0.5642 -0.4268 -0.7068
vn -0.5723 -0.4158 -0.7068
vn -0.3929 -0.3094 -0.8660
vn -0.5554 -0.4374 -0.7073
vn -0.6904 -0.5223 -0.5007
vn -0.5470 -0.4481 -0.7071
vn -0.6701 0.5489 -0.4997
vn -0.6806 0.5359 -0.4997
vn -0.7590 0.5975 -0.2588
vn -0.7471 0.6120 -0.2592
vn -0.7352 0.6263 0.2592
vn -0.7471 0.6121 0.2592
vn -0.6484 -0.5744 -0.4996
vn -0.6372 -0.5869 -0.4996
vn -0.7105 -0.6544 -0.2588
vn -0.7229 -0.6405 -0.2592
vn 0.6753 0.5424 0.4997
vn -0.1869 -0.1789 -0.9659
vn -0.1834 -0.1818 -0.9661
vn -0.1799 -0.1861 -0.9659
vn -0.5014 0.4990 0.7068
vn -0.3548 0.3531 0.8657
vn -0.4818 -0.5180 -0.7068
vn -0.5899 -0.6343 -0.4997
vn 0.6817 0.1892 0.7067
vn -0.6440 0.7198 0.2592
vn -0.6578 0.7073 0.2588
vn -0.6439 -0.7199 0.2592
vn -0.6299 -0.7322 0.2592
vn -0.5391 0.6780 0.4996
vn -0.6012 0.7560 0.2588
vn -0.1650 -0.1994 -0.9659
vn -0.1611 -0.2026 -0.9659
vn -0.1491 -0.2116 -0.9659
vn -0.1531 -0.2086 -0.9659
vn -0.4989 -0.7081 -0.4996
vn -0.4851 -0.7176 0.4997
vn -0.5254 -0.8105 -0.2591
vn -0.5411 -0.8003 -0.2584
vn -0.4428 0.7446 0.4996
vn -0.4283 0.7529 0.4997
vn -0.4775 0.8396 0.2589
vn -0.4936 0.8301 0.2592
vn -0.3614 0.6078 0.7071
vn -0.3498 0.6150 0.7067
vn -0.1323 0.2224 0.9659
vn -0.1280 0.2250 0.9659
vn -0.2473 0.4348 0.8659
vn -0.2559 0.4303 0.8657
vn -0.2303 -0.4440 -0.8659
vn -0.1236 -0.2274 -0.9659
vn -0.1192 -0.2298 -0.9659
vn -0.1147 -0.2320 -0.9659
vn -0.2215 -0.4480 -0.8662
vn -0.0239 0.7061 0.7077
vn -0.3839 -0.7765 -0.4997
vn -0.3134 -0.6339 -0.7070
vn -0.3011 -0.6398 -0.7071
vn -0.3688 -0.7838 -0.4997
vn -0.2886 -0.6454 -0.7072
vn -0.3535 -0.7905 -0.5002
vn -0.3942 0.8817 0.2593
vn -0.3536 0.7907 0.4997
vn 0.7412 0.6192 -0.2592
vn 0.6647 0.5554 -0.4997
vn -0.3228 0.8038 -0.4997
vn -0.3072 0.8099 -0.4996
vn -0.1864 0.4641 0.8659
vn -0.2636 0.6565 0.7068
vn -0.0964 0.2402 0.9659
vn -0.0918 0.2420 0.9659
vn 0.0362 0.2562 -0.9659
vn 0.0698 0.4951 -0.8660
vn 0.0794 0.4936 -0.8660
vn 0.0411 0.2556 -0.9659
vn -0.1501 -0.4776 0.8657
vn -0.0776 -0.2469 0.9659
vn -0.0824 -0.2454 0.9659
vn -0.1591 -0.4739 0.8661
vn -0.2250 0.6704 -0.7071
vn -0.1501 -0.4776 -0.8657
vn -0.1408 -0.4803 -0.8657
vn -0.1990 -0.6789 -0.7068
vn -0.2120 -0.6746 -0.7071
vn -0.2596 0.8262 -0.5000
vn -0.2437 0.8313 -0.4996
vn -0.2717 0.9270 0.2585
vn -0.1951 -0.8440 -0.4997
vn -0.1993 -0.9450 -0.2592
vn -0.2175 -0.9410 -0.2593
vn -0.1593 -0.6893 -0.7068
vn -0.0485 -0.2542 -0.9659
vn -0.0436 -0.2551 -0.9659
vn -0.0843 -0.4934 -0.8657
vn -0.0938 -0.4916 -0.8657
vn -0.1799 0.1861 0.9659
vn -0.1762 0.1895 0.9659
vn -0.0842 0.4930 0.8660
vn -0.0746 0.4944 0.8660
vn -0.0746 -0.4944 -0.8660
vn -0.0512 -0.7056 -0.7067
vn -0.0363 -0.4992 -0.8657
vn -0.0169 0.5003 -0.8657
vn -0.0038 0.2588 -0.9659
vn -0.0088 0.2587 -0.9659
vn 0.0013 -0.2588 -0.9659
vn 0.0024 -0.5006 -0.8657
vn 0.0034 -0.7072 -0.7071
vn 0.0171 -0.7073 -0.7067
vn 0.0209 -0.8660 -0.4997
vn 0.0042 -0.8662 -0.4996
vn 0.0376 0.8650 -0.5003
vn 0.0377 -0.8654 -0.4997
vn 0.0420 -0.9650 -0.2588
vn 0.0233 -0.9658 -0.2584
vn 0.0544 0.8645 -0.4996
vn 0.0420 0.9650 -0.2589
vn 0.0606 0.9639 -0.2592
vn 0.0580 0.7046 0.7073
vn 0.0312 -0.2569 -0.9659
vn 0.0361 -0.2562 -0.9659
vn 0.0411 -0.2556 -0.9659
vn -0.6293 -0.3226 0.7070
vn 0.1541 -0.8524 -0.4997
vn 0.1267 -0.4838 -0.8659
vn 0.1792 -0.6844 -0.7068
vn 0.1660 -0.6877 -0.7068
vn 0.1175 -0.4866 0.8657
vn 0.0607 -0.2516 0.9659
vn 0.0704 0.2491 0.9659
vn -0.2717 0.9270 -0.2585
vn -0.2537 0.9320 -0.2588
vn 0.2825 -0.6486 -0.7068
vn 0.6323 -0.3164 0.7072
vn 0.4473 -0.2238 0.8659
vn 0.2175 -0.4508 -0.8657
vn 0.2086 -0.4546 -0.8659
vn 0.1079 -0.2352 -0.9659
vn 0.1125 -0.2331 -0.9659
vn 0.2262 -0.4466 0.8657
vn 0.1166 -0.2308 0.9660
vn 0.4061 -0.7648 0.5001
vn 0.4209 -0.7569 0.5001
vn 0.3436 -0.6179 0.7072
vn 0.3317 -0.6245 0.7071
vn 0.4694 0.8442 0.2587
vn 0.4531 0.8532 0.2585
vn 0.4062 0.7649 0.4999
vn 0.2680 -0.4223 0.8659
vn 0.2682 -0.4226 -0.8657
vn 0.1344 -0.2212 -0.9659
vn 0.1387 -0.2185 -0.9659
vn 0.5193 -0.6933 -0.4996
vn 0.4350 -0.5580 -0.7067
vn 0.5326 -0.6832 -0.4996
vn 0.6084 -0.7501 -0.2592
vn 0.5939 -0.7619 -0.2585
vn 0.5457 -0.6728 -0.4996
vn 0.4666 -0.5318 0.7067
vn 0.3228 0.3826 0.8657
vn 0.1669 0.1978 0.9659
vn 0.1707 0.1945 0.9659
vn 0.5063 -0.4942 -0.7067
vn 0.7411 0.6193 0.2592
vn 0.3963 -0.3059 -0.8657
vn 0.3903 -0.3135 -0.8657
vn 0.2018 -0.1620 -0.9659
vn 0.2049 -0.1581 -0.9659
vn 0.4016 -0.2978 -0.8660
vn 0.2079 -0.1541 -0.9659
vn 0.4241 0.5663 -0.7067
vn 0.5681 -0.4212 -0.7070
vn 0.5760 -0.4100 -0.7072
vn 0.7057 -0.5023 -0.4997
vn 0.5764 -0.4103 0.7067
vn 0.7057 0.5023 0.4997
vn 0.7977 0.5449 0.2584
vn 0.7869 0.5602 0.2588
vn 0.6059 0.3643 0.7072
vn 0.2268 0.1247 -0.9659
vn 0.2244 0.1290 -0.9659
vn 0.6265 0.3288 -0.7067
vn 0.7746 0.3876 -0.4997
vn 0.8022 -0.3266 -0.4997
vn 0.2397 -0.0976 0.9659
vn 0.2432 -0.0882 -0.9659
vn 0.2450 -0.0835 -0.9659
vn 0.4738 -0.1616 -0.8657
vn -0.1859 -0.6826 -0.7067
vn -0.1726 -0.6858 -0.7071
vn 0.6780 0.2023 0.7067
vn 0.9201 -0.2940 0.2588
vn 0.9257 -0.2762 0.2584
vn 0.9257 -0.2762 -0.2584
vn 0.8430 -0.1992 -0.4997
vn 0.9399 -0.2221 -0.2592
vn 0.6849 -0.1759 -0.7071
vn 0.6877 -0.1625 -0.7076
vn 0.0262 0.2575 0.9659
vn 0.2530 -0.0546 -0.9659
vn 0.2540 -0.0497 -0.9659
vn 0.4908 -0.0961 -0.8660
vn 0.4893 -0.1056 -0.8657
vn 0.6983 -0.1089 -0.7074
vn 0.7010 -0.0954 -0.7068
vn 0.9544 0.1488 0.2588
vn 0.7038 -0.0682 -0.7071
vn 0.7054 -0.0547 -0.7067
vn 0.8637 -0.0669 -0.4996
vn 0.8620 -0.0836 -0.4999
vn 0.2584 -0.0150 -0.9659
vn 0.2586 -0.0100 -0.9659
vn 0.4995 -0.0193 -0.8661
vn 0.4993 -0.0290 -0.8659
vn 0.7073 0.0137 0.7067
vn 0.7073 -0.0137 -0.7067
vn 0.7075 -0.0000 -0.7067
vn 0.9629 -0.0746 0.2592
vn 0.9642 -0.0560 0.2592
vn 0.2571 0.0300 0.9659
vn 0.4972 0.0579 0.8657
vn 0.2564 0.0349 -0.9659
vn 0.9514 -0.1673 -0.2584
vn 0.8532 -0.1500 -0.4996
vn 0.9441 0.2039 0.2592
vn 0.9400 0.2220 0.2592
vn 0.2507 0.0644 -0.9659
vn 0.2493 0.0692 -0.9659
vn 0.6736 -0.2153 -0.7070
vn 0.8251 -0.2637 -0.4997
vn 0.6690 0.2282 -0.7074
vn 0.8251 0.2637 -0.4997
vn 0.6552 0.2668 -0.7068
vn 0.6496 0.2792 -0.7072
vn 0.4631 0.1886 -0.8660
vn 0.2397 0.0976 -0.9659
vn 0.6384 -0.3042 0.7071
vn 0.4515 -0.2151 0.8659
vn 0.8465 -0.4654 0.2584
vn 0.7591 -0.4173 0.4996
vn 0.7424 0.4464 0.4996
vn 0.0163 -0.2583 -0.9659
vn 0.0212 -0.2579 -0.9659
vn 0.0410 -0.4984 -0.8660
vn 0.0314 -0.4996 -0.8657
vn 0.4130 0.2821 -0.8659
vn 0.4182 0.2740 -0.8660
vn 0.2165 0.1418 -0.9659
vn 0.2137 0.1460 -0.9659
vn 0.0800 0.2462 -0.9659
vn 0.4078 -0.2903 -0.8657
vn 0.4134 -0.2824 -0.8657
vn 0.5842 -0.3991 -0.7067
vn -0.3988 0.7689 -0.4997
vn -0.4448 0.8575 -0.2588
vn 0.7290 -0.6335 0.2592
vn 0.3838 -0.3207 0.8659
vn 0.1986 -0.1659 0.9659
vn 0.1886 0.1771 0.9659
vn 0.1921 0.1735 0.9659
vn 0.1887 0.1771 -0.9659
vn 0.1852 0.1808 -0.9659
vn 0.3582 0.3497 -0.8657
vn 0.3510 0.3562 -0.8660
vn 0.4966 0.5039 -0.7067
vn 0.4966 -0.5039 -0.7067
vn 0.6080 -0.6169 -0.4997
vn 0.4868 0.5134 -0.7067
vn 0.5960 -0.6286 0.4997
vn 0.6647 -0.7010 0.2584
vn 0.6228 -0.7382 0.2592
vn 0.0890 -0.4926 0.8657
vn 0.1591 -0.2041 0.9659
vn 0.4126 0.5737 -0.7076
vn 0.5058 0.7032 -0.4997
vn 0.5191 0.6932 -0.5000
vn 0.4019 0.5823 -0.7067
vn 0.4919 -0.7126 0.5002
vn 0.5332 -0.8054 0.2588
vn 0.5488 -0.7950 0.2584
vn 0.4499 0.7402 -0.4997
vn 0.5017 0.8253 -0.2592
vn 0.5174 0.8155 -0.2592
vn 0.4641 0.7314 -0.4997
vn 0.3675 0.6046 -0.7067
vn 0.1258 0.2262 -0.9659
vn 0.3197 -0.6311 -0.7067
vn 0.3764 0.7802 -0.4997
vn 0.3612 -0.7873 0.4997
vn 0.4028 -0.8779 0.2588
vn 0.3459 -0.7941 0.4997
vn 0.3304 -0.8005 0.5001
vn 0.3686 -0.8927 0.2592
vn 0.3858 -0.8854 0.2592
vn 0.1997 -0.4585 -0.8659
vn 0.0987 -0.2392 -0.9659
vn 0.1034 -0.2373 -0.9659
vn -0.2524 0.0571 0.9659
vn -0.2513 0.0619 0.9659
vn -0.4860 0.1198 0.8657
vn -0.4882 0.1104 0.8657
vn 0.2836 -0.8185 -0.4996
vn 0.2677 -0.8238 -0.4996
vn 0.2032 -0.8420 -0.4997
vn 0.1660 -0.6877 0.7068
vn 0.0509 0.2537 -0.9659
vn 0.0984 0.4902 -0.8660
vn 0.0509 -0.2537 0.9659
vn 0.0460 -0.2547 0.9659
vn 0.0890 0.4922 -0.8659
vn 0.1350 -0.9566 0.2584
vn 0.0212 -0.2579 0.9659
vn 0.0163 0.2583 -0.9659
vn 0.0113 0.2585 -0.9659
vn 0.0047 -0.9659 -0.2589
vn -0.0140 -0.9659 -0.2584
vn -0.0327 -0.9655 0.2584
vn -0.0627 0.8640 -0.4996
vn -0.0700 0.9633 -0.2592
vn -0.0514 0.9644 -0.2593
vn -0.0512 0.7053 -0.7071
vn -0.0266 0.4992 -0.8661
vn -0.0187 -0.2581 -0.9659
vn -0.0287 0.2571 -0.9659
vn -0.0555 0.4974 -0.8657
vn -0.0651 0.4963 -0.8657
vn -0.1056 0.6992 -0.7071
vn -0.0921 0.7015 -0.7067
vn -0.1127 -0.8587 -0.4999
vn -0.1458 0.8539 -0.4996
vn -0.1293 0.8565 -0.4996
vn -0.1623 0.8509 -0.4995
vn -0.1810 0.9489 -0.2585
vn -0.1627 0.9522 -0.2584
vn -0.1459 0.6919 0.7071
vn -0.1787 0.8474 0.4999
vn -0.0583 -0.2521 -0.9659
vn -0.0534 -0.2532 -0.9659
vn -0.1032 -0.4893 -0.8660
vn -0.1126 -0.4872 -0.8660
vn -0.1221 -0.4852 -0.8659
vn -0.1314 -0.4827 -0.8659
vn -0.0680 -0.2497 -0.9659
vn -0.0631 -0.2510 -0.9659
vn -0.2896 -0.9215 0.2588
vn -0.3074 -0.9157 0.2588
vn -0.3598 0.8963 -0.2593
vn -0.3425 0.9031 -0.2588
vn -0.0964 -0.2402 -0.9659
vn -0.0918 -0.2420 -0.9659
vn -0.1773 -0.4676 -0.8660
vn -0.1865 -0.4645 -0.8657
vn -0.1056 0.2363 -0.9659
vn -0.1102 0.2342 -0.9659
vn -0.4613 0.8488 -0.2584
vn -0.1323 -0.2224 -0.9659
vn -0.1280 -0.2250 -0.9659
vn -0.2558 -0.4302 -0.8657
vn -0.2641 0.4252 0.8657
vn -0.2723 0.4200 0.8657
vn -0.1408 0.2172 0.9659
vn -0.1365 0.2198 0.9659
vn -0.3963 0.5861 -0.7067
vn -0.4075 -0.5783 0.7067
vn -0.4073 0.5781 -0.7071
vn -0.5715 0.7787 0.2588
vn -0.5866 0.7676 0.2584
vn -0.6157 -0.7441 0.2592
vn -0.6012 -0.7560 0.2588
vn -0.1688 0.1962 -0.9659
vn -0.1725 0.1929 -0.9659
vn -0.1762 0.1895 -0.9659
vn -0.3406 -0.3662 -0.8659
vn -0.4917 -0.5086 0.7068
vn -0.6140 0.6110 -0.4997
vn -0.6714 -0.6946 -0.2584
vn -0.6257 0.5991 -0.4996
vn -0.6978 0.6680 -0.2584
vn -0.6847 0.6814 -0.2588
vn -0.5204 0.4793 -0.7067
vn -0.6371 0.5868 -0.4999
vn -0.1937 0.1716 0.9659
vn -0.1903 0.1753 0.9659
vn -0.2002 0.1640 -0.9659
vn -0.3872 0.3172 -0.8657
vn -0.2033 0.1601 -0.9659
vn -0.3928 -0.3093 0.8660
vn -0.7815 0.5678 -0.2584
vn -0.7704 0.5828 -0.2584
vn -0.6905 0.5224 -0.5004
vn -0.7008 0.5092 -0.4996
vn -0.2231 -0.1312 -0.9659
vn -0.2205 -0.1355 -0.9659
vn -0.4260 -0.2618 -0.8660
vn -0.2231 0.1312 -0.9659
vn -0.2256 0.1269 -0.9659
vn 0.4131 0.5744 0.7067
vn -0.7708 -0.3951 0.4997
vn -0.8596 -0.4406 0.2588
vn -0.8836 -0.3900 0.2592
vn -0.0785 0.7031 -0.7067
vn -0.0648 0.7042 -0.7071
vn -0.1408 -0.2171 0.9659
vn -0.1450 -0.2144 0.9659
vn -0.2406 0.0953 -0.9659
vn -0.2424 0.0906 -0.9659
vn -0.6718 0.2219 -0.7068
vn -0.8226 0.2717 -0.4996
vn -0.9172 -0.3029 0.2588
vn -0.9113 -0.3207 0.2584
vn -0.9172 0.3029 -0.2588
vn -0.6799 0.1957 0.7067
vn -0.2487 0.0716 -0.9659
vn -0.2500 0.0668 -0.9659
vn 0.2049 -0.1581 0.9659
vn 0.2018 -0.1620 0.9659
vn -0.6929 0.1426 -0.7068
vn -0.4897 0.1008 -0.8660
vn -0.4922 0.0914 -0.8657
vn -0.8484 0.1746 -0.4997
vn -0.8546 -0.1417 0.4996
vn -0.9529 -0.1580 0.2588
vn -0.9498 -0.1764 0.2584
vn -0.8571 -0.1252 0.4996
vn -0.9559 -0.1395 0.2584
vn -0.8613 0.0919 -0.4997
vn -0.8594 0.1086 -0.4997
vn -0.4980 -0.0434 0.8661
vn -0.2578 -0.0225 0.9659
vn -0.4996 -0.0242 -0.8659
vn -0.9461 -0.1948 0.2588
vn -0.9048 -0.3381 0.2588
vn -0.8510 0.4572 0.2584
vn -0.2718 -0.9270 -0.2585
vn -0.2437 -0.8313 -0.4996
vn -0.1857 0.6822 0.7072
vn -0.0886 -0.9617 -0.2592
vn -0.1072 -0.9600 -0.2588
vn -0.0961 -0.8609 -0.4996
vn -0.0794 -0.8626 -0.4996
vn -0.0649 -0.7045 -0.7067
vn -0.0459 -0.4980 0.8660
vn 0.0444 0.7061 0.7067
vn -0.0460 0.8650 0.4997
vn 0.0941 -0.2411 -0.9659
vn 0.4531 -0.8532 0.2583
vn 0.2433 -0.4375 0.8657
vn 0.8604 0.1003 -0.4996
vn 0.9594 0.1118 -0.2588
vn 0.7027 0.0819 -0.7068
vn 0.9479 0.1856 0.2588
vn 0.6911 -0.1492 -0.7072
vn 0.6943 -0.1359 -0.7067
vn 0.8501 -0.1664 -0.4996
vn 0.8464 -0.1828 -0.5002
vn 0.9081 -0.3295 0.2584
vn 0.9143 -0.3118 0.2584
vn 0.7591 -0.4173 -0.4996
vn 0.7670 -0.4026 -0.4996
vn 0.8554 -0.4490 -0.2584
vn 0.8465 -0.4654 -0.2584
vn 0.5598 -0.4321 -0.7071
vn 0.5958 -0.6284 -0.5001
vn 0.6780 -0.6880 -0.2588
vn 0.6647 -0.7011 -0.2583
vn 0.4364 0.8617 0.2588
vn 0.2985 0.9187 0.2586
vn 0.1534 0.9537 0.2588
vn -0.4136 -0.7611 0.4997
vn -0.4613 -0.8488 0.2584
vn -0.7008 -0.5092 -0.4996
vn -0.5564 -0.7897 0.2584
vn -0.4989 -0.7081 0.4997
vn -0.5126 -0.6983 0.4996
vn -0.5715 -0.7787 0.2588
vn -0.5715 -0.7787 -0.2588
vn -0.4183 -0.5700 0.7072
vn -0.6714 0.6946 0.2584
vn -0.6847 0.6814 0.2588
vn -0.6140 0.6110 0.4997
vn -0.6372 -0.5869 0.4996
vn -0.6257 -0.5991 0.4996
vn -0.5110 0.4892 -0.7068
vn 0.9355 0.2401 0.2592
vn -0.7924 -0.5526 0.2584
vn -0.9113 -0.3206 -0.2584
vn -0.6759 0.2088 0.7068
vn 0.4073 0.2899 0.8661
vn 0.2109 0.1501 0.9659
vn -0.8514 -0.1582 -0.5000
vn -0.8546 -0.1417 -0.4996
vn -0.7072 0.0205 -0.7067
vn -0.7075 -0.0068 0.7067
vn -0.5002 0.0048 0.8659
vn -0.4999 0.0145 -0.8659
vn -0.2587 0.0075 -0.9659
vn -0.2585 0.0125 -0.9659
vn -0.4722 0.1662 -0.8657
vn -0.2441 0.0859 -0.9659
vn -0.4410 0.2369 -0.8657
vn -0.2280 0.1225 -0.9659
vn -0.2033 -0.1601 -0.9659
vn -0.0337 0.2566 -0.9659
vn 0.0063 0.2587 -0.9659
vn 0.0013 0.2588 -0.9659
vn 0.2243 -0.1290 -0.9659
vn 0.2268 -0.1247 -0.9659
vn 0.4386 -0.2411 -0.8657
vn 0.6130 -0.3526 0.7070
vn 0.2079 0.1541 -0.9659
vn 0.1781 -0.1878 -0.9659
vn 0.4663 0.5315 -0.7071
vn 0.4768 0.5227 -0.7068
vn 0.3373 0.3698 -0.8657
vn 0.4768 -0.5227 0.7068
vn 0.3070 -0.6365 0.7075
vn 0.1637 0.4724 -0.8660
vn 0.0847 0.2446 -0.9659
vn 0.1924 -0.6808 -0.7068
vn 0.2056 -0.6769 -0.7068
vn 0.2517 -0.8288 -0.4997
vn 0.1387 -0.2185 0.9659
vn -0.1458 -0.8539 0.4996
vn -0.1491 0.2116 -0.9659
vn -0.2883 0.4092 -0.8657
vn -0.1799 0.1861 -0.9659
vn -0.7105 -0.6544 0.2588
vn -0.6978 -0.6681 0.2584
vn -0.5800 0.4045 -0.7071
vn -0.7105 0.4955 -0.4996
vn -0.7924 0.5526 -0.2584
vn 0.5586 -0.6621 -0.4996
vn 0.6228 -0.7382 -0.2592
vn -0.4686 -0.1751 -0.8659
vn -0.2424 -0.0906 -0.9659
vn -0.8276 0.2557 0.4996
vn 0.0509 0.2537 0.9659
vn -0.4932 0.0818 -0.8661
vn -0.8569 -0.1251 -0.5001
vn 0.8661 0.0167 0.4996
vn 0.9659 0.0187 0.2584
vn 0.9652 0.0374 0.2588
vn 0.8656 0.0335 0.4996
vn 0.9659 -0.0187 0.2584
vn 0.9660 -0.0000 0.2586
vn 0.4999 -0.0097 -0.8660
vn 0.4995 0.0193 -0.8661
vn 0.7065 0.0273 -0.7072
vn 0.7073 0.0137 -0.7067
vn 0.2588 -0.0050 -0.9659
vn 0.2596 -0.0000 0.9657
vn 0.2588 -0.0050 0.9659
vn -0.2231 0.1312 0.9659
vn -0.2205 0.1355 0.9659
vn -0.4315 0.2538 0.8657
vn 0.9014 0.3468 0.2592
vn 0.8084 -0.3111 -0.4997
vn 0.2415 -0.0929 -0.9659
vn 0.3070 -0.6364 -0.7076
vn 0.3078 -0.3948 -0.8657
vn 0.1551 -0.2071 -0.9659
vn 0.1591 -0.2041 -0.9659
vn 0.5488 -0.7950 -0.2584
vn 0.4017 0.5820 0.7071
vn 0.3904 0.5896 0.7071
vn -0.1810 0.9489 0.2584
vn -0.1993 0.9450 0.2592
vn -0.0937 0.4913 0.8659
vn -0.4613 0.8488 0.2584
vn -0.1725 -0.1929 -0.9659
vn -0.1688 -0.1962 -0.9659
vn -0.3265 0.3795 0.8657
vn -0.3872 -0.3172 -0.8657
vn -0.2002 -0.1640 -0.9659
vn -0.8028 -0.5372 0.2588
vn -0.7783 0.3801 0.4997
vn -0.8680 0.4240 0.2584
vn -0.4613 0.1930 -0.8660
vn -0.2388 0.0999 -0.9659
vn -0.9283 -0.2673 0.2584
vn -0.9230 -0.2852 0.2584
vn -0.5865 -0.7676 0.2584
vn -0.9659 -0.0093 0.2588
vn -0.8662 -0.0084 0.4997
vn 0.4930 -0.0867 -0.8657
vn 0.6968 -0.1225 -0.7067
vn -0.8571 0.1252 -0.4996
vn -0.6991 0.1021 -0.7077
vn -0.8629 -0.0753 -0.4997
vn -0.8642 -0.0586 -0.4997
vn 0.2109 0.1501 -0.9659
vn -0.2326 0.1136 -0.9659
vn -0.7856 0.3650 -0.4996
vn -0.2296 0.1182 -0.9661
vn -0.5880 0.3934 -0.7068
vn -0.0485 0.2542 0.9659
vn -0.0436 0.2551 0.9659
vn -0.3616 0.3462 0.8657
vn -0.1869 0.1790 0.9659
vn -0.1834 0.1818 0.9661
vn -0.1762 -0.1895 -0.9659
vn -0.6156 0.7442 -0.2593
vn -0.1649 0.1994 -0.9659
vn 0.0941 0.2411 0.9659
vn -0.1236 0.2274 -0.9659
vn -0.0918 0.2420 -0.9659
vn -0.2256 0.1269 0.9659
vn -0.4360 0.2452 0.8659
vn -0.9230 0.2852 0.2584
vn 0.1079 0.2352 0.9659
vn 0.4694 -0.8442 0.2588
vn 0.4856 -0.8349 0.2592
vn -0.5564 -0.7897 -0.2584
vn 0.1429 0.2158 -0.9659
vn 0.1387 0.2185 -0.9659
vn 0.5939 0.7619 -0.2585
vn 0.1744 0.1912 -0.9659
vn 0.7042 -0.6613 0.2584
vn 0.7167 -0.6474 0.2591
vn 0.6539 -0.5681 -0.4997
vn 0.7291 -0.6334 -0.2592
vn 0.7167 -0.6474 -0.2592
vn 0.1986 0.1659 -0.9659
vn 0.9081 0.3294 0.2584
vn 0.7820 0.3726 -0.4997
vn 0.8638 0.4323 -0.2588
vn 0.8721 0.4155 -0.2584
vn 0.7820 -0.3726 0.4997
vn 0.8721 -0.4155 0.2584
vn 0.7891 0.3574 -0.4996
vn 0.4672 0.1798 -0.8657
vn 0.2415 0.0929 -0.9659
vn 0.8301 0.2477 -0.4996
vn 0.9201 0.2940 -0.2588
vn 0.9257 0.2762 -0.2584
vn 0.8347 0.2316 -0.4996
vn 0.4912 0.0962 -0.8657
vn 0.2540 0.0497 -0.9659
vn 0.2530 0.0546 -0.9659
vn 0.6915 -0.1493 0.7067
vn 0.6943 -0.1359 0.7067
vn 0.9544 -0.1488 0.2588
vn -0.4953 0.0723 -0.8657
vn -0.2544 0.0473 -0.9659
vn -0.2553 0.0423 -0.9659
vn -0.6759 -0.2088 -0.7067
vn -0.7380 -0.4535 0.4997
vn -0.7229 -0.6404 0.2592
vn 0.9652 -0.0374 -0.2588
vn 0.9642 -0.0560 -0.2592
vn -0.7704 -0.5829 -0.2584
vn -0.3733 -0.6010 -0.7067
vn -0.2915 0.8157 -0.4996
vn -0.3943 -0.8817 0.2592
vn -0.3771 -0.8892 0.2592
vn -0.1221 0.4855 -0.8657
vn -0.0583 0.2521 -0.9659
vn -0.0631 0.2509 -0.9659
vn -0.0237 -0.2577 -0.9659
vn -0.0458 -0.4978 -0.8661
vn -0.0785 -0.7031 0.7067
vn -0.0555 -0.4975 0.8657
vn -0.0728 0.2484 -0.9659
vn -0.0776 0.2469 -0.9659
vn 0.0307 -0.7064 -0.7071
vn 0.0233 -0.9657 0.2584
vn 0.1526 0.6905 -0.7071
vn 0.1901 0.9470 -0.2588
vn 0.3150 -0.8070 0.4996
vn 0.2444 0.6637 -0.7070
vn 0.4355 0.7488 -0.4996
vn 0.2598 0.4274 -0.8659
vn 0.1954 0.1697 -0.9659
vn 0.1921 0.1735 -0.9659
vn 0.7246 -0.4747 0.4997
vn -0.1970 0.1678 0.9659
vn 0.7759 0.5753 -0.2588
vn 0.7746 -0.3876 0.4997
vn 0.6444 -0.2919 0.7067
vn 0.2357 -0.1068 -0.9659
vn 0.2480 0.0740 -0.9659
vn 0.4702 0.1706 -0.8659
vn 0.2433 0.0883 -0.9659
vn 0.2552 0.0393 -0.9661
vn 0.2549 0.0448 -0.9659
vn 0.2549 -0.0448 -0.9659
vn 0.7027 0.0819 0.7068
vn 0.7023 -0.0818 -0.7071
vn 0.8604 -0.1003 -0.4996
vn -0.2441 0.0859 0.9659
vn 0.2494 0.0692 0.9659
vn 0.4818 0.1337 0.8661
vn 0.4817 -0.1337 -0.8661
vn 0.4848 -0.1245 -0.8657
vn 0.6881 -0.1626 0.7071
vn 0.6853 -0.1759 0.7067
vn 0.4432 -0.2326 -0.8657
vn 0.2292 -0.1203 -0.9659
vn 0.7336 -0.4606 0.4996
vn 0.4181 -0.2739 -0.8661
vn 0.2137 -0.1460 -0.9659
vn 0.2165 -0.1418 -0.9659
vn 0.1954 0.1697 0.9659
vn 0.1817 0.1843 -0.9659
vn 0.4499 -0.7402 -0.4997
vn 0.4355 -0.7488 -0.4996
vn 0.0507 -0.4974 -0.8661
vn 0.1301 -0.2237 -0.9659
vn 0.3685 0.8928 0.2592
vn 0.3512 0.8997 0.2592
vn 0.0894 -0.2429 -0.9659
vn 0.3612 -0.7873 -0.4997
vn 0.4028 -0.8779 -0.2588
vn 0.2950 -0.6431 -0.7067
vn 0.0792 -0.9626 -0.2592
vn 0.0607 -0.9639 -0.2592
vn 0.0544 -0.8645 -0.4996
vn 0.0444 -0.7061 -0.7067
vn 0.0308 0.7065 0.7070
vn 0.0852 -0.7019 0.7071
vn -0.2582 0.0175 0.9659
vn -0.2578 0.0225 0.9659
vn -0.4981 0.0434 0.8660
vn -0.4990 0.0338 0.8659
vn -0.0886 0.9617 -0.2592
vn -0.0794 0.8626 -0.4996
vn -0.0961 0.8609 -0.4996
vn -0.0514 0.9645 0.2591
vn -0.0088 -0.2587 0.9659
vn -0.0138 -0.2584 0.9659
vn -0.3771 0.8892 0.2592
vn -0.3382 0.7974 0.4997
vn -0.3228 -0.8038 -0.4997
vn -0.3382 -0.7974 -0.4997
vn -0.2763 -0.6513 -0.7067
vn -0.2636 -0.6565 -0.7068
vn -0.2763 0.6513 0.7067
vn -0.2888 0.6458 0.7067
vn -0.2041 0.4564 0.8660
vn -0.1955 0.4608 0.8657
vn -0.1953 -0.4604 -0.8660
vn -0.1011 -0.2382 -0.9659
vn -0.2915 -0.8157 -0.4996
vn -0.3250 -0.9097 -0.2584
vn -0.5096 0.8204 0.2593
vn -0.1366 0.2199 -0.9659
vn -0.1236 0.2274 0.9659
vn -0.0126 0.8661 -0.4997
vn -0.0327 0.9655 -0.2584
vn -0.0140 0.9659 -0.2584
vn -0.1904 -0.1754 -0.9659
vn -0.7352 -0.6263 -0.2592
vn -0.6590 -0.5615 -0.5005
vn -0.6578 -0.7073 -0.2588
vn -0.7589 0.5975 0.2588
vn -0.6523 0.2730 -0.7071
vn -0.7991 0.3344 -0.4997
vn -0.8909 0.3728 -0.2592
vn -0.8836 0.3900 -0.2592
vn -0.7925 0.3498 -0.4996
vn -0.8596 -0.4406 -0.2588
vn -0.8680 -0.4239 -0.2584
vn -0.8510 -0.4572 -0.2584
vn -0.6869 -0.1693 -0.7068
vn -0.9378 -0.2311 0.2592
vn -0.9331 -0.2492 0.2592
vn -0.9172 0.3029 0.2588
vn -0.9113 0.3207 0.2584
vn -0.5411 -0.8003 0.2584
vn -0.3258 -0.6280 -0.7067
vn -0.4114 -0.8741 -0.2584
vn -0.4281 -0.8660 -0.2584
vn -0.2756 0.8212 -0.4996
vn -0.3074 0.9157 -0.2588
vn -0.2896 0.9215 -0.2588
vn 0.0988 0.7005 -0.7067
vn 0.2517 0.8288 -0.4997
vn 0.2628 -0.9295 0.2588
vn 0.2807 -0.9244 0.2584
vn 0.4197 0.8701 0.2584
vn 0.4028 0.8779 0.2588
vn 0.1429 -0.2158 -0.9659
vn 0.2761 -0.4170 -0.8660
vn 0.3789 -0.5971 -0.7071
vn 0.4868 0.5134 0.7067
vn 0.4666 -0.5318 -0.7067
vn 0.5838 -0.6400 -0.4997
vn 0.5713 -0.6512 -0.4996
vn 0.5837 0.6400 0.4997
vn 0.5960 0.6286 0.4997
vn 0.6509 -0.7136 -0.2588
vn 0.6369 -0.7260 -0.2593
vn 0.6647 0.7010 0.2584
vn 0.6510 0.7136 0.2588
vn 0.5516 -0.4430 -0.7067
vn 0.6754 -0.5424 -0.4997
vn 0.6647 -0.5554 -0.4997
vn 0.7531 -0.6048 -0.2589
vn 0.7412 -0.6192 -0.2592
vn 0.7648 0.5902 0.2584
vn 0.7531 0.6048 0.2589
vn 0.7507 -0.4318 -0.5000
vn 0.8372 -0.4816 -0.2592
vn 0.8143 -0.2954 -0.4997
vn 0.2518 -0.0595 -0.9659
vn 0.4868 -0.1150 -0.8659
vn 0.9479 -0.1856 -0.2588
vn 0.6943 0.1359 -0.7067
vn 0.4990 0.0290 -0.8661
vn 0.2583 0.0150 -0.9659
vn 0.9629 -0.0744 -0.2592
vn 0.4979 -0.0483 0.8659
vn 0.7058 0.0410 -0.7072
vn 0.2507 -0.0644 -0.9659
vn 0.8390 0.2154 -0.4997
vn 0.6600 0.2539 -0.7071
vn 0.8084 0.3111 -0.4997
vn 0.8945 -0.3642 0.2592
vn 0.9014 -0.3468 0.2592
vn -0.3250 0.9097 -0.2584
vn 0.4968 -0.0579 -0.8660
vn 0.4978 -0.0483 -0.8660
vn 0.3439 0.3627 -0.8661
vn 0.3514 -0.3565 -0.8657
vn 0.1816 -0.1843 -0.9659
vn 0.4016 -0.5819 0.7072
vn 0.4131 -0.5744 0.7067
vn 0.2088 0.4550 -0.8657
vn 0.1125 0.2331 -0.9659
vn 0.1080 0.2353 -0.9659
vn 0.1044 -0.8599 -0.4997
vn 0.0603 0.4963 -0.8660
vn 0.0312 0.2569 -0.9659
vn -0.2487 -0.0716 0.9659
vn 0.2571 -0.0299 -0.9659
vn 0.2576 -0.0250 -0.9659
vn -0.1191 0.2297 -0.9659
vn -0.1147 0.2320 -0.9659
vn -0.1834 0.1818 -0.9661
vn -0.3988 -0.3017 0.8660
vn -0.2064 -0.1562 0.9659
vn 0.2580 0.0200 0.9659
vn 0.8799 0.3986 -0.2588
vn -0.3688 -0.7838 0.4997
vn -0.4113 -0.8741 0.2585
vn -0.4852 0.7176 -0.4997
vn -0.5411 0.8003 -0.2584
vn -0.5254 0.8104 -0.2592
vn -0.6578 -0.7073 0.2588
vn -0.5473 0.4483 -0.7067
vn -0.8325 -0.4897 -0.2592
vn -0.8419 -0.4735 -0.2588
vn -0.9421 -0.2129 0.2592
vn -0.8629 0.0753 -0.4997
vn -0.2585 -0.0125 -0.9659
vn -0.2582 -0.0175 -0.9659
vn -0.8611 -0.0919 -0.5000
vn -0.9604 -0.1025 -0.2592
vn -0.9622 -0.0840 -0.2592
vn -0.2524 0.0571 -0.9659
vn -0.2535 0.0522 -0.9659
vn -0.2638 -0.4247 -0.8661
vn -0.1365 -0.2198 -0.9659
vn -0.1314 0.4825 -0.8660
vn -0.0680 0.2497 -0.9659
vn -0.1257 -0.9578 -0.2584
vn -0.1442 -0.9551 -0.2588
vn 0.0047 0.9659 0.2589
vn 0.1349 0.9566 0.2584
vn 0.2807 0.9244 0.2584
vn 0.2517 0.8288 0.4997
vn 0.5058 -0.7032 -0.4997
vn 0.5058 -0.7032 0.4997
vn 0.5640 -0.7842 0.2588
vn 0.1511 -0.2101 -0.9659
vn 0.7759 0.5753 0.2588
vn 0.9307 0.2583 -0.2588
vn 0.9355 0.2401 -0.2592
vn 0.9613 -0.0932 -0.2592
vn 0.9594 -0.1118 -0.2588
vn 0.8887 0.4528 -0.0714
vn 0.5778 0.2956 0.7608
vn 0.5251 0.3815 0.7608
vn 0.8070 0.5863 -0.0714
vn -0.2390 -0.6655 -0.7071
vn -0.3378 -0.6212 -0.7071
vn -0.4137 -0.7608 -0.5000
vn -0.2927 -0.8150 -0.5000
vn -0.2588 0.0025 0.9659
vn -0.2513 0.0619 -0.9659
vn 0.7070 0.0273 0.7067
vn 0.5791 -0.7732 -0.2584
vn 0.3197 -0.6311 0.7067
vn 0.2346 -0.4417 0.8659
vn 0.4782 0.7223 0.4997
vn 0.9399 0.2220 -0.2592
vn 0.9441 0.2039 -0.2592
vn 0.8554 -0.4490 0.2584
vn 0.7670 -0.4026 0.4996
vn 0.5640 -0.7842 -0.2588
vn -0.2506 -0.6607 -0.7076
vn -0.3072 -0.8099 -0.4996
vn -0.9559 0.1396 -0.2584
vn -0.9529 0.1580 -0.2588
vn 0.9081 -0.3294 -0.2584
vn 0.9014 -0.3468 -0.2592
vn 0.5713 0.6512 -0.4996
vn -0.1442 0.9551 -0.2588
vn 0.8080 -0.5293 0.2589
vn 0.8180 -0.5136 0.2592
vn -0.8596 0.4406 0.2588
vn -0.0327 -0.9655 -0.2585
vn -0.1627 -0.9522 0.2584
vn 0.8661 0.0167 -0.4996
vn -0.5436 0.8394 0.0001
vn -0.4091 0.9125 -0.0000
vn -0.4777 0.8785 -0.0000
vn -0.6062 0.7953 -0.0000
vn -0.2455 0.9694 -0.0000
vn -0.0826 0.9966 0.0001
vn -0.0826 0.9966 -0.0000
vn -0.9864 -0.1646 -0.0001
vn -0.9864 -0.1646 -0.0000
vn 0.9659 0.2588 -0.0000
vn 1.0000 0.0001 -0.0000
vn -1.0000 0.0001 -0.0000
vn -1.0000 -0.0001 -0.0000
vn -0.6944 0.7196 -0.0000
vn -0.4897 0.8719 -0.0000
vn -0.0001 1.0000 -0.0000
vn 0.5470 -0.8372 -0.0000
vn 0.4017 -0.9158 -0.0000
vn 0.5469 -0.8372 -0.0000
vn 0.0297 0.2571 0.9659
vn -0.2558 0.0395 -0.9659
vn -0.2588 -0.0000 -0.9659
vn -0.2558 -0.0395 -0.9659
vn -0.2468 0.0781 -0.9659
vn -0.2320 0.1148 -0.9659
vn -0.4481 0.2219 -0.8660
vn -0.4767 0.1509 -0.8660
vn -0.5000 -0.0000 0.8660
vn -0.4943 0.0763 0.8659
vn -0.6988 0.1079 0.7071
vn -0.7071 -0.0000 0.7071
vn -0.7071 -0.0000 -0.7071
vn -0.6988 0.1079 -0.7071
vn -0.8559 0.1322 -0.5000
vn -0.8660 -0.0000 -0.5001
vn -0.9546 0.1474 -0.2588
vn -0.9657 -0.0000 -0.2598
vn -0.9546 -0.1475 -0.2588
vn -0.2117 0.1489 -0.9659
vn -0.1865 0.1795 -0.9659
vn -0.1569 0.2058 -0.9659
vn -0.1237 0.2274 -0.9659
vn -0.0875 0.2436 -0.9659
vn -0.0493 0.2541 -0.9659
vn -0.0099 0.2587 -0.9659
vn 0.0297 0.2572 -0.9659
vn 0.0686 0.2496 -0.9659
vn 0.1059 0.2362 -0.9659
vn 0.1407 0.2173 -0.9659
vn 0.1722 0.1932 -0.9659
vn 0.1997 0.1647 -0.9659
vn 0.2225 0.1323 -0.9659
vn 0.2401 0.0967 -0.9659
vn -0.1236 -0.2273 0.9659
vn -0.0875 -0.2436 0.9659
vn 0.2580 -0.0198 -0.9659
vn 0.2520 -0.0589 -0.9659
vn -0.0192 0.4996 -0.8660
vn 0.4637 0.1869 -0.8660
vn 0.2045 -0.4563 0.8660
vn 0.1325 -0.4822 0.8660
vn 0.1874 -0.6818 0.7071
vn 0.2893 -0.6452 0.7071
vn 0.6558 0.2643 -0.7071
vn 0.6078 0.3613 -0.7071
vn 0.4297 0.2555 -0.8661
vn 0.8032 0.3237 -0.5000
vn 0.7444 0.4425 -0.5000
vn 0.8032 -0.3237 -0.5000
vn 0.8432 -0.1973 -0.5001
vn 0.6885 -0.1611 -0.7071
vn 0.6558 -0.2643 -0.7072
vn 0.5762 -0.6465 -0.5001
vn 0.4707 -0.7269 -0.5000
vn 0.5250 -0.8108 -0.2588
vn 0.6426 -0.7211 -0.2588
vn -0.8559 -0.1322 -0.5000
vn 0.7451 -0.6146 -0.2592
vn 0.6773 -0.7357 -0.0000
vn 0.3951 -0.8814 -0.2588
vn 0.8958 0.3611 -0.2592
vn 0.8302 0.4936 -0.2592
vn 0.4707 0.7269 -0.5000
vn 0.3542 0.7902 -0.5001
vn 0.2893 0.6452 -0.7071
vn 0.3843 0.5935 -0.7072
vn -0.3031 -0.3976 -0.8660
vn -0.3602 -0.3467 -0.8661
vn -0.5095 -0.4903 -0.7071
vn -0.4286 -0.5623 -0.7071
vn 0.2718 0.4197 -0.8660
vn 0.2045 0.4562 -0.8660
vn 0.1059 -0.2362 -0.9659
vn 0.1407 -0.2172 -0.9659
vn 0.2401 -0.0967 -0.9659
vn -0.4481 -0.2219 -0.8660
vn -0.4767 -0.1509 -0.8660
vn -0.6741 -0.2133 -0.7071
vn -0.6337 -0.3138 -0.7071
vn 0.6681 0.5510 -0.5000
vn 0.5762 0.6465 -0.5000
vn 0.4704 0.5279 -0.7071
vn 0.5455 0.4499 -0.7071
vn 0.6427 0.7211 -0.2588
vn 0.5251 0.8108 -0.2588
vn 0.2225 -0.1323 -0.9659
vn 0.4637 -0.1869 -0.8660
vn 0.4868 -0.1139 -0.8661
vn 0.3327 0.3733 -0.8660
vn 0.3857 0.3181 -0.8661
vn 0.7444 -0.4425 -0.5001
vn 0.6078 -0.3613 -0.7071
vn 0.1997 -0.1647 -0.9659
vn 0.1722 -0.1932 -0.9659
vn 0.2718 -0.4197 -0.8660
vn 0.3327 -0.3733 -0.8660
vn 0.2718 -0.4197 0.8660
vn 0.3844 -0.5935 0.7071
vn 0.0686 -0.2496 -0.9659
vn 0.0297 -0.2572 -0.9659
vn -0.0000 -0.0001 -1.0000
vn -0.0099 -0.2587 -0.9659
vn -0.0493 -0.2541 -0.9659
vn -0.0875 -0.2436 -0.9659
vn -0.1237 -0.2274 -0.9659
vn -0.1569 -0.2058 -0.9659
vn -0.1865 -0.1795 -0.9659
vn -0.2117 -0.1489 -0.9659
vn -0.2320 -0.1148 -0.9659
vn -0.2467 -0.0781 -0.9659
vn -0.9209 -0.2914 -0.2589
vn -0.9458 -0.3247 -0.0000
vn -0.8656 -0.4285 -0.2592
vn -0.7900 -0.5556 -0.2592
vn -0.6959 -0.6697 -0.2592
vn -0.6773 -0.7357 0.0004
vn -0.5855 -0.7681 -0.2592
vn -0.5470 -0.8372 0.0005
vn -0.4614 -0.8485 -0.2592
vn -0.3265 -0.9090 -0.2593
vn -0.1838 -0.9481 -0.2593
vn -0.0826 -0.9966 0.0001
vn -0.0369 -0.9651 -0.2592
vn 0.0826 -0.9966 -0.0000
vn 0.1108 -0.9594 -0.2592
vn 0.2455 -0.9694 -0.0000
vn 0.2560 -0.9314 -0.2588
vn 0.8301 -0.4936 -0.2593
vn -0.1649 -0.8502 0.4999
vn -0.2927 -0.8151 0.5000
vn -0.3265 -0.9091 0.2588
vn -0.1839 -0.9483 0.2588
vn 0.8432 0.1973 -0.5000
vn 0.6885 0.1611 -0.7071
vn -0.1690 -0.4705 -0.8661
vn -0.2389 -0.4392 -0.8660
vn -0.4090 0.2876 -0.8660
vn 0.8958 -0.3611 -0.2592
vn 0.3951 0.8814 -0.2589
vn -0.4287 -0.5624 0.7071
vn -0.5095 -0.4904 0.7071
vn -0.6240 -0.6005 0.5000
vn -0.5250 -0.6887 0.5000
vn 0.4869 -0.1139 0.8660
vn 0.4638 -0.1869 0.8660
vn 0.6558 -0.2643 0.7071
vn 0.6888 -0.1612 0.7068
vn 0.4985 -0.0383 -0.8660
vn 0.9404 -0.2201 -0.2592
vn -0.8256 -0.2613 -0.5001
vn -0.6741 0.2133 -0.7071
vn -0.6336 0.3137 -0.7071
vn -0.7761 0.3843 -0.5000
vn -0.8257 0.2613 -0.5000
vn 0.7050 -0.0541 -0.7071
vn 0.2045 -0.4562 -0.8660
vn 0.9864 -0.1646 0.0004
vn 0.9630 -0.0739 -0.2593
vn 0.8634 -0.0663 -0.5002
vn 0.1325 -0.4821 -0.8661
vn 1.0000 -0.0000 0.0004
vn 0.9630 0.0739 -0.2593
vn 0.8635 0.0663 -0.5000
vn 0.5455 -0.4499 -0.7071
vn 0.4704 -0.5279 -0.7071
vn 0.6682 -0.5510 -0.4999
vn -0.3031 0.3977 0.8660
vn -0.2389 0.4393 0.8660
vn -0.3378 0.6212 0.7071
vn -0.4287 0.5624 0.7071
vn 0.3857 -0.3181 -0.8661
vn 0.4298 -0.2555 -0.8660
vn 0.9864 0.1646 0.0004
vn 0.9404 0.2201 -0.2593
vn 0.1874 -0.6818 -0.7071
vn 0.0811 -0.7021 -0.7074
vn 0.0993 -0.8603 -0.5000
vn 0.2295 -0.8350 -0.5001
vn 0.9458 0.3247 0.0001
vn -0.5784 0.4068 -0.7071
vn -0.5095 0.4903 -0.7071
vn -0.4287 0.5624 -0.7071
vn -0.6240 0.6005 -0.5000
vn 0.0573 -0.4967 0.8660
vn -0.0192 -0.4997 0.8660
vn -0.0271 -0.7066 0.7071
vn 0.0811 -0.7024 0.7071
vn 0.7451 0.6146 -0.2592
vn 0.3843 -0.5935 -0.7072
vn 0.2893 -0.6452 -0.7071
vn -0.1690 -0.4706 0.8660
vn -0.0952 -0.4909 0.8660
vn 0.6773 0.7357 -0.0000
vn -0.6959 0.6697 -0.2592
vn -0.4941 -0.0763 -0.8660
vn 0.5470 0.8372 -0.0001
vn 0.3543 -0.7902 -0.5001
vn -0.1346 -0.6942 0.7071
vn -0.2390 -0.6655 0.7071
vn 0.0573 -0.4967 -0.8660
vn 0.3858 0.3181 0.8660
vn 0.3327 0.3733 0.8660
vn 0.1722 0.1932 0.9659
vn 0.1997 0.1647 0.9659
vn 0.4017 0.9158 -0.0000
vn 0.2560 0.9314 -0.2588
vn 0.2455 0.9694 -0.0000
vn 0.1108 0.9594 -0.2593
vn 0.0826 0.9966 -0.0000
vn -0.0369 0.9651 -0.2592
vn -0.1838 0.9482 -0.2592
vn -0.3264 0.9090 -0.2593
vn -0.4017 0.9158 0.0004
vn -0.7900 0.5556 -0.2592
vn -0.8795 0.4760 -0.0000
vn -0.8656 0.4285 -0.2592
vn -0.9458 0.3247 -0.0000
vn -0.9209 0.2914 -0.2588
vn -0.9864 0.1646 -0.0000
vn -0.5000 -0.0000 -0.8660
vn -0.4089 -0.2876 -0.8661
vn -0.4941 0.0763 -0.8661
vn -0.0952 -0.4908 -0.8661
vn -0.0192 -0.4996 -0.8660
vn -0.6988 -0.1079 -0.7071
vn 0.4986 0.0383 0.8660
vn 0.4986 -0.0383 0.8660
vn 0.7051 -0.0541 0.7071
vn 0.7050 0.0541 0.7071
vn -0.3603 0.3467 -0.8660
vn -0.5784 -0.4068 -0.7071
vn -0.1346 -0.6941 -0.7071
vn -0.0271 -0.7066 -0.7071
vn 0.0573 0.4967 -0.8660
vn 0.0811 0.7024 -0.7071
vn -0.0271 0.7066 -0.7071
vn -0.0332 -0.8654 -0.5000
vn -0.1649 -0.8502 -0.5000
vn -0.1649 0.8502 -0.5000
vn -0.2927 0.8150 -0.5000
vn 0.8435 0.1974 0.4996
vn 0.8033 0.3237 0.5000
vn 0.6558 0.2643 0.7071
vn 0.6887 0.1612 0.7069
vn -0.7761 -0.3842 -0.5001
vn -0.7083 -0.4982 -0.5001
vn -0.6240 -0.6005 -0.5000
vn -0.5250 -0.6887 -0.5001
vn 0.0993 0.8603 -0.5000
vn -0.0332 0.8653 -0.5001
vn 0.3951 0.8814 0.2588
vn 0.2560 0.9314 0.2588
vn 0.2295 0.8351 0.5000
vn 0.3543 0.7903 0.4999
vn -0.7084 -0.4983 0.4999
vn -0.7901 -0.5557 0.2588
vn -0.6960 -0.6698 0.2588
vn 0.0993 -0.8603 0.5000
vn -0.0332 -0.8654 0.5000
vn -0.0370 -0.9652 0.2588
vn 0.1108 -0.9596 0.2588
vn 0.8959 0.3611 0.2588
vn 0.8303 0.4936 0.2588
vn 0.7445 0.4426 0.4999
vn 0.4708 -0.7269 0.5000
vn 0.3543 -0.7903 0.5000
vn 0.3951 -0.8814 0.2588
vn 0.5250 -0.8108 0.2588
vn 0.1325 0.4821 -0.8660
vn -0.3031 0.3976 -0.8661
vn -0.2389 0.4392 -0.8660
vn -0.1865 -0.1795 0.9659
vn -0.2118 -0.1490 0.9659
vn -0.4090 -0.2877 0.8660
vn -0.3603 -0.3467 0.8660
vn 0.7050 0.0541 -0.7071
vn -0.3378 0.6212 -0.7071
vn 0.4869 0.1139 0.8660
vn 0.1874 0.6818 -0.7071
vn 0.2295 0.8350 -0.5002
vn 0.8635 -0.0663 0.5000
vn 0.8635 0.0663 0.4999
vn -0.5784 0.4068 0.7071
vn -0.5095 0.4904 0.7071
vn -0.6240 0.6005 0.5000
vn -0.7084 0.4983 0.5000
vn -0.7083 0.4982 -0.5000
vn 0.0993 0.8603 0.5000
vn 0.0811 0.7024 0.7071
vn 0.1874 0.6818 0.7071
vn -0.0370 0.9652 0.2588
vn -0.1839 0.9483 0.2588
vn -0.1649 0.8504 0.4997
vn -0.0332 0.8655 0.4999
vn -0.5250 0.6888 0.4999
vn -0.4137 0.7608 0.5000
vn -0.4615 0.8486 0.2588
vn -0.5856 0.7682 0.2588
vn 0.0297 -0.2571 0.9659
vn 0.9864 0.1646 -0.0000
vn 0.9458 0.3247 -0.0000
vn -0.8795 0.4759 -0.0000
vn -0.4017 0.9158 -0.0000
vn -0.9659 0.2588 -0.0000
vn 0.5469 0.8372 -0.0000
vn 0.5000 -0.8660 -0.0000
vn -0.9645 0.2640 -0.0000
vn -0.0826 -0.9966 -0.0000
vn -0.6773 -0.7357 -0.0000
vn -0.5469 -0.8372 -0.0000
vn -0.2588 -0.9659 -0.0000
vn -0.5000 -0.8660 -0.0000
vn 1.0000 -0.0001 -0.0000
vn 0.9659 -0.2588 -0.0000
vn 0.2588 0.9659 -0.0000
vn 0.5000 0.8660 -0.0000
vn 0.7071 0.7071 -0.0000
vn 0.8660 0.5000 -0.0000
vn -0.5000 0.8660 -0.0000
vn -0.8660 0.5000 -0.0000
vn -0.2531 0.9674 -0.0000
vn 0.9864 -0.1646 -0.0000
vn 0.8660 -0.5000 -0.0000
vn -0.7071 0.7071 -0.0000
vn 0.9883 0.1526 0.0001
vn 0.9631 0.0739 0.2588
vn 1.0000 -0.0000 0.0001
vn 0.9631 -0.0739 0.2588
vn 0.9883 -0.1526 0.0001
vn 0.9405 -0.2201 0.2588
vn 0.9534 -0.3017 0.0001
vn 0.8959 -0.3611 0.2588
vn 0.8962 -0.4437 0.0001
vn 0.8303 -0.4936 0.2588
vn 0.8179 -0.5753 0.0001
vn 0.7452 -0.6146 0.2588
vn 0.7205 -0.6934 0.0001
vn 0.6427 -0.7211 0.2588
vn 0.6062 -0.7953 0.0001
vn 0.4777 -0.8785 0.0001
vn 0.3380 -0.9411 0.0001
vn 0.2560 -0.9314 0.2588
vn 0.1904 -0.9817 0.0001
vn 0.0383 -0.9993 0.0001
vn -0.1147 -0.9934 0.0001
vn -0.2650 -0.9643 0.0001
vn -0.4091 -0.9125 0.0001
vn -0.4614 -0.8486 0.2588
vn -0.5436 -0.8394 0.0001
vn -0.5856 -0.7682 0.2588
vn -0.6653 -0.7465 0.0001
vn -0.7715 -0.6362 0.0001
vn -0.8596 -0.5110 0.0001
vn -0.8656 -0.4286 0.2588
vn -0.9275 -0.3738 0.0001
vn -0.9209 -0.2914 0.2588
vn -0.9737 -0.2279 0.0001
vn -0.9546 -0.1474 0.2588
vn -0.9971 -0.0766 0.0001
vn -0.9659 -0.0000 0.2588
vn -0.9971 0.0765 0.0001
vn -0.9546 0.1474 0.2588
vn -0.9737 0.2279 0.0001
vn -0.9209 0.2914 0.2588
vn -0.9275 0.3738 0.0001
vn -0.8656 0.4286 0.2588
vn -0.8596 0.5110 0.0001
vn -0.7901 0.5557 0.2588
vn -0.7715 0.6362 0.0001
vn -0.6960 0.6698 0.2588
vn -0.6653 0.7465 0.0001
vn -0.3265 0.9091 0.2588
vn 0.1108 0.9596 0.2588
vn 0.1904 0.9817 -0.0000
vn 0.3380 0.9411 0.0001
vn 0.4777 0.8785 0.0001
vn 0.5251 0.8108 0.2588
vn 0.6062 0.7953 0.0001
vn 0.6427 0.7211 0.2588
vn 0.7205 0.6934 0.0001
vn 0.7452 0.6146 0.2588
vn 0.8179 0.5753 0.0001
vn 0.8962 0.4437 0.0001
vn 0.9534 0.3017 0.0001
vn 0.9405 0.2201 0.2588
vn 0.2585 -0.0199 0.9658
vn 0.2585 0.0199 0.9658
vn 0.2521 0.0590 0.9659
vn 0.2401 0.0968 0.9659
vn 0.2225 0.1323 0.9659
vn 0.1059 -0.2362 0.9659
vn 0.1407 -0.2173 0.9659
vn 0.0686 -0.2496 0.9659
vn -0.2468 -0.0781 0.9659
vn -0.2559 -0.0395 0.9659
vn -0.4942 -0.0763 0.8660
vn -0.4767 -0.1509 0.8660
vn 0.6681 0.5510 0.5000
vn 0.5763 0.6466 0.4998
vn 0.4705 0.5279 0.7071
vn 0.5455 0.4499 0.7071
vn 0.2521 -0.0590 0.9659
vn 0.2401 -0.0968 0.9659
vn 0.2225 -0.1323 0.9659
vn 0.1997 -0.1647 0.9659
vn 0.1722 -0.1933 0.9659
vn -0.0099 0.2587 0.9659
vn -0.0000 0.0001 1.0000
vn -0.0493 0.2541 0.9659
vn -0.0192 0.4997 0.8660
vn -0.0952 0.4909 0.8660
vn -0.0875 0.2436 0.9659
vn -0.1690 0.4706 0.8660
vn -0.1346 0.6942 0.7071
vn -0.2390 0.6655 0.7071
vn 0.4707 0.7269 0.5000
vn 0.3844 0.5935 0.7071
vn -0.2927 0.8150 0.5000
vn 0.3334 0.9428 -0.0000
vn 0.4091 0.9125 -0.0000
vn 0.3327 -0.3733 0.8660
vn -0.0271 0.7066 0.7071
vn -0.1236 0.2273 0.9659
vn -0.1569 0.2058 0.9659
vn -0.3603 0.3467 0.8660
vn -0.1569 -0.2058 0.9659
vn -0.4090 0.2877 0.8660
vn -0.8257 0.2613 0.5000
vn -0.7762 0.3843 0.4998
vn -0.2118 0.1490 0.9659
vn -0.1865 0.1795 0.9659
vn -0.4481 0.2219 0.8660
vn -0.6337 0.3138 0.7071
vn -0.6742 0.2133 0.7071
vn 0.6681 -0.5510 0.5000
vn 0.5762 -0.6466 0.5000
vn -0.2320 0.1149 0.9659
vn -0.6988 -0.1079 0.7071
vn -0.6742 -0.2133 0.7071
vn -0.2320 -0.1149 0.9659
vn -0.2589 -0.0000 0.9659
vn 0.0573 0.4967 0.8660
vn 0.1325 0.4822 0.8660
vn -0.8559 -0.1322 0.5000
vn -0.8661 -0.0000 0.4999
vn -0.2558 0.0395 0.9659
vn -0.2468 0.0781 0.9659
vn -0.4767 0.1509 0.8660
vn 0.2718 0.4197 0.8660
vn -0.8257 -0.2613 0.5000
vn 0.2893 0.6452 0.7071
vn 0.7445 -0.4426 0.4999
vn -0.3031 -0.3977 0.8660
vn -0.2389 -0.4393 0.8660
vn -0.4481 -0.2219 0.8660
vn -0.6337 -0.3138 0.7071
vn -0.5784 -0.4068 0.7071
vn -0.7762 -0.3843 0.4997
vn 0.3858 -0.3181 0.8660
vn 0.4705 -0.5279 0.7071
vn 0.5455 -0.4499 0.7071
vn 0.6078 -0.3613 0.7071
vn 0.8033 -0.3237 0.5000
vn -0.3378 -0.6212 0.7071
vn -0.4137 -0.7608 0.5000
vn 0.8435 -0.1974 0.4996
vn 0.6078 0.3613 0.7071
vn 0.4298 0.2555 0.8660
vn 0.4638 0.1869 0.8660
vn -0.8559 0.1322 0.5000
vn 0.2295 -0.8351 0.5000
vn 0.4298 -0.2555 0.8660
vn 0.2045 0.4563 0.8660
vn -0.9807 -0.1957 -0.0000
vn -0.9304 -0.3666 -0.0000
vn -0.9557 -0.2944 -0.0000
vn -0.9889 -0.1488 -0.0000
vn 0.3333 0.9428 -0.0000
vn -0.3334 0.9428 -0.0000
vn 0.2246 0.9744 -0.0000
vn 0.1130 0.9936 -0.0000
vn 0.9971 0.0766 -0.0000
vn 0.9971 -0.0765 -0.0000
vn -0.9883 0.1526 -0.0000
vn -0.9883 -0.1526 -0.0000
vn -0.9534 -0.3017 -0.0000
vn -0.8962 -0.4437 0.0001
vn -0.8962 0.4437 0.0009
vn -0.8179 -0.5753 -0.0000
vn -0.7205 -0.6935 -0.0000
vn 0.9737 0.2279 -0.0000
vn 0.5436 -0.8393 -0.0000
vn 0.4091 -0.9125 -0.0000
vn 0.2650 -0.9642 -0.0000
vn 0.1147 -0.9934 -0.0000
vn 0.5436 0.8393 -0.0000
vn -0.0383 -0.9993 -0.0000
vn 0.7715 0.6362 -0.0000
vn 0.6653 0.7466 -0.0000
vn 0.9737 -0.2279 0.0001
vn 0.9275 0.3738 -0.0000
vn -0.4777 -0.8785 -0.0000
vn -0.3380 -0.9411 -0.0000
vn -0.1904 -0.9817 0.0002
vn -0.6062 -0.7953 -0.0000
vn 0.7715 -0.6362 -0.0000
vn 0.6653 -0.7465 -0.0000
vn 0.9275 -0.3738 -0.0000
vn -0.7205 0.6935 -0.0000
vn -0.8179 0.5753 -0.0000
vn 0.8596 0.5110 -0.0000
vn 0.8596 -0.5110 -0.0000
vn -0.9534 0.3017 -0.0000
vn -0.4390 -0.0695 -0.8958
vn -0.2268 -0.0259 -0.9736
vn -0.4444 -0.0000 -0.8958
vn -0.2281 -0.0086 -0.9736
vn -0.2281 0.0086 -0.9736
vn -0.2268 0.0259 -0.9736
vn -0.2242 0.0429 -0.9736
vn -0.2203 0.0598 -0.9736
vn -0.4390 0.0695 -0.8958
vn -0.4227 0.1373 -0.8958
vn -0.2151 0.0763 -0.9736
vn -0.2092 0.0925 -0.9735
vn -0.4227 -0.1373 -0.8958
vn -0.2203 -0.0598 -0.9736
vn -0.2242 -0.0429 -0.9736
vn -0.3960 -0.2018 -0.8958
vn -0.2092 -0.0925 -0.9735
vn -0.2151 -0.0763 -0.9736
vn -0.3595 -0.2612 -0.8958
vn -0.1928 -0.1230 -0.9735
vn -0.2012 -0.1078 -0.9736
vn -0.3140 -0.3140 -0.8960
vn -0.1721 -0.1507 -0.9735
vn -0.1826 -0.1369 -0.9736
vn -0.2610 -0.3592 -0.8960
vn -0.1474 -0.1749 -0.9735
vn -0.1599 -0.1629 -0.9736
vn -0.2016 -0.3957 -0.8960
vn -0.1193 -0.1951 -0.9735
vn -0.1335 -0.1852 -0.9736
vn -0.1372 -0.4223 -0.8960
vn -0.0885 -0.2109 -0.9735
vn -0.1040 -0.2032 -0.9736
vn -0.0695 -0.4389 -0.8958
vn -0.0557 -0.2218 -0.9735
vn -0.0722 -0.2165 -0.9736
vn -0.0000 -0.4444 -0.8958
vn -0.0216 -0.2277 -0.9735
vn -0.0387 -0.2249 -0.9736
vn 0.0695 -0.4390 -0.8958
vn 0.0130 -0.2283 -0.9735
vn -0.0043 -0.2282 -0.9736
vn 0.1373 -0.4227 -0.8958
vn 0.0473 -0.2236 -0.9735
vn 0.0301 -0.2262 -0.9736
vn 0.2018 -0.3960 -0.8958
vn 0.0803 -0.2137 -0.9736
vn 0.0639 -0.2191 -0.9736
vn 0.2612 -0.3596 -0.8958
vn 0.1264 -0.1901 -0.9736
vn 0.1116 -0.1991 -0.9736
vn 0.0962 -0.2070 -0.9736
vn 0.3143 -0.3143 -0.8958
vn 0.1536 -0.1689 -0.9736
vn 0.1404 -0.1800 -0.9736
vn 0.3596 -0.2612 -0.8958
vn 0.1776 -0.1441 -0.9735
vn 0.1659 -0.1568 -0.9736
vn 0.3960 -0.2018 -0.8958
vn 0.1973 -0.1156 -0.9735
vn 0.1876 -0.1299 -0.9736
vn 0.4225 -0.1373 -0.8959
vn 0.2125 -0.0845 -0.9735
vn 0.2051 -0.1001 -0.9736
vn 0.4386 -0.0695 -0.8960
vn 0.2228 -0.0515 -0.9735
vn 0.2179 -0.0681 -0.9736
vn 0.4441 -0.0000 -0.8960
vn 0.2281 -0.0173 -0.9735
vn 0.2256 -0.0344 -0.9736
vn 0.4386 0.0695 -0.8960
vn 0.2281 0.0173 -0.9735
vn 0.2282 -0.0000 -0.9736
vn 0.4223 0.1373 -0.8960
vn 0.2228 0.0515 -0.9735
vn 0.2256 0.0344 -0.9736
vn 0.3960 0.2018 -0.8958
vn 0.2125 0.0845 -0.9735
vn 0.2178 0.0680 -0.9736
vn 0.3596 0.2612 -0.8958
vn 0.1973 0.1156 -0.9735
vn 0.2051 0.1001 -0.9736
vn 0.3143 0.3143 -0.8958
vn 0.1776 0.1441 -0.9735
vn 0.1876 0.1299 -0.9736
vn 0.2612 0.3596 -0.8958
vn 0.1536 0.1689 -0.9736
vn 0.1659 0.1568 -0.9736
vn 0.2018 0.3960 -0.8958
vn 0.1264 0.1901 -0.9736
vn 0.1404 0.1800 -0.9736
vn 0.1373 0.4227 -0.8958
vn 0.0803 0.2137 -0.9736
vn 0.0962 0.2070 -0.9736
vn 0.1116 0.1991 -0.9736
vn 0.0695 0.4390 -0.8958
vn 0.0472 0.2234 -0.9736
vn 0.0639 0.2191 -0.9736
vn -0.0000 0.4444 -0.8958
vn 0.0130 0.2283 -0.9735
vn 0.0301 0.2262 -0.9736
vn -0.0695 0.4389 -0.8958
vn -0.0216 0.2277 -0.9735
vn -0.0043 0.2282 -0.9736
vn -0.1372 0.4223 -0.8960
vn -0.0557 0.2218 -0.9735
vn -0.0387 0.2249 -0.9736
vn -0.2016 0.3957 -0.8960
vn -0.0885 0.2109 -0.9735
vn -0.0722 0.2165 -0.9736
vn -0.2610 0.3592 -0.8960
vn -0.1193 0.1951 -0.9735
vn -0.1040 0.2032 -0.9736
vn -0.3140 0.3140 -0.8960
vn -0.1474 0.1749 -0.9735
vn -0.1335 0.1852 -0.9736
vn -0.3595 0.2612 -0.8958
vn -0.1721 0.1506 -0.9735
vn -0.1599 0.1629 -0.9736
vn -0.3960 0.2018 -0.8958
vn -0.1928 0.1229 -0.9735
vn -0.1826 0.1369 -0.9736
vn -0.2012 0.1078 -0.9736
vn -0.0000 0.9974 -0.0714
vn -0.0010 0.6490 0.7608
vn -0.1015 0.6410 0.7608
vn -0.1560 0.9852 -0.0714
vn 0.1560 0.9852 -0.0714
vn 0.1005 0.6412 0.7608
vn 0.9486 -0.3082 -0.0714
vn 0.6176 -0.1996 0.7608
vn 0.6410 -0.1015 0.7608
vn 0.9852 -0.1560 -0.0714
vn -0.7053 0.7053 -0.0714
vn -0.4597 0.4582 0.7608
vn -0.5251 0.3815 0.7608
vn -0.8069 0.5863 -0.0714
vn 0.5863 0.8070 -0.0714
vn 0.3807 0.5257 0.7608
vn 0.2947 0.5783 0.7608
vn 0.4528 0.8887 -0.0714
vn 0.4589 0.4589 0.7608
vn 0.7053 0.7053 -0.0714
vn -0.7053 -0.7053 -0.0714
vn -0.4582 -0.4597 0.7608
vn -0.3815 -0.5251 0.7608
vn -0.5863 -0.8070 -0.0714
vn 0.4528 -0.8887 -0.0714
vn 0.2956 -0.5778 0.7608
vn 0.3815 -0.5251 0.7608
vn 0.5863 -0.8070 -0.0714
vn 0.9486 0.3082 -0.0714
vn 0.6169 0.2015 0.7608
vn 0.1560 -0.9852 -0.0714
vn 0.1025 -0.6409 0.7608
vn 0.2006 -0.6173 0.7608
vn 0.3082 -0.9486 -0.0714
vn -0.1560 -0.9852 -0.0714
vn -0.1005 -0.6412 0.7608
vn -0.0000 -0.6490 0.7608
vn -0.0000 -0.9974 -0.0714
vn -0.0000 0.1636 -0.9865
vn -0.0256 0.1616 -0.9865
vn -0.3082 -0.9486 -0.0714
vn -0.1996 -0.6176 0.7608
vn 0.8887 -0.4528 -0.0714
vn 0.5788 -0.2937 0.7608
vn 0.0962 0.1324 -0.9865
vn 0.0743 0.1458 -0.9865
vn -0.8070 -0.5863 -0.0714
vn -0.5245 -0.3823 0.7608
vn 0.7053 -0.7053 -0.0714
vn 0.4597 -0.4582 0.7608
vn 0.5251 -0.3815 0.7608
vn 0.8069 -0.5863 -0.0714
vn -0.8887 -0.4528 -0.0714
vn -0.5778 -0.2956 0.7608
vn 0.0256 -0.1616 -0.9865
vn 0.0506 -0.1556 -0.9865
vn -0.9852 0.1560 -0.0714
vn -0.6412 0.1005 0.7607
vn -0.6490 -0.0000 0.7608
vn -0.9974 -0.0000 -0.0714
vn -0.6410 -0.1016 0.7608
vn -0.9852 -0.1560 -0.0714
vn -0.2006 0.6173 0.7608
vn -0.3082 0.9486 -0.0714
vn -0.8887 0.4528 -0.0714
vn -0.5788 0.2937 0.7608
vn -0.6173 0.2006 0.7608
vn -0.9486 0.3082 -0.0714
vn -0.2947 -0.5783 0.7608
vn -0.4528 -0.8887 -0.0714
vn -0.6173 -0.2006 0.7608
vn -0.9486 -0.3082 -0.0714
vn 0.9974 -0.0000 -0.0714
vn 0.6490 0.0010 0.7608
vn 0.6410 0.1015 0.7608
vn 0.9852 0.1560 -0.0714
vn 0.2006 0.6173 0.7608
vn 0.3082 0.9486 -0.0714
vn -0.5863 0.8070 -0.0714
vn -0.3823 0.5245 0.7608
vn -0.4528 0.8887 -0.0714
vn -0.2956 0.5778 0.7608
vn -0.9659 -0.0093 -0.2588
vn -0.4999 -0.0145 -0.8659
vn -0.8594 -0.1086 -0.4997
vn -0.9604 0.1024 -0.2592
vn -0.9584 0.1211 -0.2584
vn -0.8516 0.1582 0.4997
vn -0.2501 -0.0668 0.9659
vn -0.8760 0.4070 -0.2588
vn -0.8510 0.4572 -0.2583
vn -0.2205 0.1355 -0.9659
vn -0.4160 0.2783 -0.8657
vn -0.8130 -0.5214 0.2592
vn -0.3377 -0.6213 0.7071
vn -0.1725 0.1929 0.9659
vn -0.2578 -0.0225 -0.9659
vn -0.1057 0.2363 0.9659
vn -0.1011 0.2382 0.9659
vn -0.1442 -0.9551 0.2588
vn -0.1627 -0.9522 -0.2584
vn -0.1127 0.8587 -0.4999
vn -0.1257 0.9578 -0.2584
vn -0.0237 -0.2577 0.9659
vn -0.0188 -0.2581 0.9659
vn -0.0514 -0.9644 0.2593
vn 0.0262 -0.2575 -0.9659
vn 0.1564 -0.9877 -0.0000
vn 0.0558 -0.2527 0.9659
vn 0.2356 0.8335 0.4997
vn 0.2985 -0.9187 0.2586
vn 0.3858 0.8854 0.2593
vn 0.4197 0.8701 -0.2584
vn 0.4364 0.8617 -0.2588
vn 0.1429 -0.2158 0.9659
vn 0.5175 -0.8155 0.2592
vn 0.5640 0.7842 -0.2588
vn 0.3154 0.3888 0.8657
vn 0.1630 0.2010 0.9659
vn 0.8080 0.5293 -0.2588
vn 0.7246 0.4747 -0.4997
vn 0.7869 -0.5602 -0.2588
vn 0.5761 0.4101 0.7071
vn 0.5918 0.3877 -0.7067
vn 0.6197 -0.3407 -0.7071
vn 0.8910 -0.4540 -0.0000
vn 0.8638 -0.4323 0.2588
vn 0.6327 -0.3166 -0.7067
vn 0.6387 -0.3043 -0.7067
vn 0.6651 0.2413 -0.7067
vn 0.2576 -0.0250 0.9659
vn 0.9652 -0.0374 0.2588
vn -0.0287 -0.2572 -0.9659
vn 0.2575 0.0250 0.9659
vn 0.9613 -0.0933 0.2592
vn 0.9201 -0.2940 -0.2588
vn 0.6697 -0.2284 -0.7067
vn 0.8198 -0.2796 -0.4997
vn 0.2378 0.1022 0.9659
vn 0.8910 0.4540 0.0001
vn 0.6265 -0.3288 -0.7067
vn 0.8090 0.5878 -0.0000
vn 0.2316 0.6686 -0.7067
vn 0.5791 0.7732 -0.2583
vn 0.2760 -0.4169 0.8660
vn 0.4855 -0.8349 -0.2592
vn 0.3162 -0.9128 -0.2584
vn 0.2985 -0.9187 -0.2586
vn 0.2807 -0.9243 -0.2584
vn 0.0558 0.2527 0.9659
vn 0.1719 -0.9506 -0.2584
vn 0.1534 -0.9537 -0.2588
vn 0.1534 0.9537 -0.2588
vn -0.0138 0.2584 -0.9659
vn -0.0287 -0.2572 0.9659
vn -0.0886 -0.9617 0.2592
vn -0.1564 0.9877 -0.0000
vn -0.0485 0.2543 -0.9659
vn -0.0534 0.2532 -0.9659
vn -0.3090 0.9511 0.0001
vn -0.2896 0.9215 0.2588
vn -0.3942 -0.8817 -0.2593
vn -0.3494 -0.6142 0.7076
vn -0.5253 0.8105 0.2591
vn -0.1688 0.1962 0.9659
vn -0.8054 0.3189 -0.4997
vn -0.7815 -0.5678 -0.2584
vn -0.7924 -0.5526 -0.2584
vn -0.7105 -0.4955 -0.4996
vn -0.2256 -0.1269 -0.9659
vn 0.1349 -0.9566 -0.2584
vn 0.0847 -0.2446 -0.9659
vn -0.9498 0.1764 0.2584
vn -0.9498 -0.1764 -0.2584
vn -0.9529 -0.1580 -0.2588
vn -0.9559 -0.1395 -0.2584
vn -0.9461 0.1947 -0.2588
vn -0.8229 -0.5056 0.2593
vn -0.8419 0.4736 -0.2588
vn -0.2357 0.9366 -0.2591
vn -0.0700 -0.9633 0.2592
vn -0.1072 0.9600 -0.2588
vn 0.0606 -0.9639 0.2592
vn 0.0420 -0.9650 0.2589
vn 0.3512 -0.8997 0.2592
vn 0.5016 -0.8254 0.2592
vn 0.4856 0.8348 -0.2592
vn 0.8180 0.5136 -0.2592
vn 0.9441 -0.2038 -0.2592
vn 0.9014 0.3468 -0.2592
vn 0.8277 0.4976 0.2592
vn 0.8372 0.4816 0.2592
vn 0.8466 0.4654 0.2584
vn 0.6370 0.7260 0.2592
vn 0.5333 0.8054 0.2588
vn 0.2628 0.9295 0.2589
vn 0.1164 -0.9589 -0.2587
vn 0.0978 -0.9609 -0.2592
vn -0.1810 -0.9489 -0.2583
vn -0.3425 -0.9031 -0.2588
vn -0.3599 -0.8963 -0.2592
vn -0.8028 -0.5371 -0.2588
vn -0.8760 -0.4071 -0.2588
vn -0.9622 0.0839 0.2592
vn -0.9584 -0.1211 -0.2584
vn 0.2314 -0.1158 0.9659
vn 0.9659 0.0187 -0.2584
vn 0.4985 -0.0386 -0.8660
vn -0.1611 0.2026 -0.9659
vn 0.4756 -0.1520 -0.8664
vn 0.4792 -0.1430 -0.8660
vn 0.9515 0.1673 0.2584
vn 0.2518 0.0595 -0.9659
vn 0.2465 -0.0788 -0.9659
vn 0.2315 0.1158 0.9659
vn 0.9143 -0.3118 -0.2584
vn 0.8945 -0.3643 -0.2592
vn 0.2292 0.1203 0.9659
vn 0.2137 -0.1460 0.9659
vn 0.1214 0.2286 0.9659
vn 0.0460 0.2547 -0.9659
vn 0.2807 0.9244 -0.2584
vn 0.2266 -0.9389 -0.2592
vn -0.0038 -0.2588 0.9659
vn -0.0386 0.2559 0.9659
vn -0.0728 -0.2483 0.9659
vn -0.3251 0.9097 0.2585
vn -0.3074 0.9157 0.2587
vn -0.2034 -0.1601 0.9659
vn -0.2151 0.1439 -0.9659
vn -0.6028 -0.3704 -0.7067
vn -0.2553 0.0423 0.9659
vn -0.2587 -0.0075 -0.9659
vn -0.9622 0.0839 -0.2592
vn -0.7048 -0.0615 0.7068
vn -0.2561 0.0374 -0.9659
vn -0.2567 0.0324 -0.9659
vn -0.5383 -0.4586 -0.7071
vn 0.1258 -0.2262 0.9659
vn 0.1214 -0.2286 0.9659
vn 0.0802 -0.2469 -0.9657
vn 0.3686 0.8927 -0.2592
vn 0.2841 -0.4116 -0.8660
vn 0.1344 0.2212 -0.9659
vn 0.6369 0.7260 -0.2592
vn 0.2108 -0.1501 -0.9659
vn -0.8980 0.3556 -0.2592
vn 0.2337 -0.1113 0.9659
vn 0.8532 0.1500 0.4996
vn 0.6968 0.1225 0.7067
vn -0.1571 -0.2056 -0.9659
vn -0.0871 -0.2437 -0.9659
vn -0.0824 -0.2454 -0.9659
vn 0.1470 -0.2130 -0.9659
vn 0.1781 0.1878 -0.9659
vn 0.2480 -0.0740 -0.9659
vn 0.2494 -0.0692 -0.9659
vn -0.2280 -0.1225 -0.9659
vn -0.6167 0.3468 0.7067
vn 0.5016 -0.8253 -0.2592
vn -0.0337 -0.2566 -0.9659
vn -0.0728 -0.2483 -0.9659
vn -0.3771 -0.8892 -0.2592
vn -0.9498 0.1764 -0.2584
vn -0.9636 -0.0653 -0.2592
vn -0.2178 0.1397 -0.9659
vn -0.7104 0.6544 -0.2588
vn -0.4775 0.8396 -0.2589
vn 0.1719 0.9506 -0.2584
vn 0.2843 0.4119 -0.8657
vn 0.1470 0.2130 -0.9659
vn 0.5836 0.6398 -0.5001
vn 0.6510 0.7136 -0.2589
vn 0.2580 -0.0200 -0.9659
vn 0.9994 0.0360 -0.0000
vn 0.9578 0.2873 -0.0000
vn -0.8660 -0.5000 -0.0000
vn -0.9659 -0.2588 -0.0000
vn 0.8539 0.5204 -0.0000
vn 0.6944 0.7196 -0.0000
vn 0.9511 -0.3090 -0.0001
vn -0.9877 -0.1564 -0.0000
vn 0.8910 0.4540 -0.0000
vn 0.8910 -0.4540 -0.0001
vn 0.8910 0.4540 -0.0001
vn 0.2920 0.4060 -0.8659
vn -0.0386 -0.2560 -0.9659
vn 0.1510 0.2100 -0.9660
vn 0.0656 -0.2503 -0.9659
vn 0.2586 0.0100 -0.9659
vn 0.0001 -0.0000 -1.0000
vn 0.1301 0.2237 -0.9659
vn -0.3090 0.9511 -0.0001
vn -0.0776 -0.2469 -0.9659
vn 0.0256 0.1616 -0.9865
vn -0.1616 -0.0256 -0.9865
vn -0.1636 -0.0000 -0.9865
vn 0.1556 -0.0505 -0.9865
vn 0.1616 -0.0256 -0.9865
vn -0.1458 -0.0743 -0.9865
vn -0.1324 -0.0962 -0.9865
vn 0.1157 -0.1157 -0.9865
vn 0.1324 -0.0962 -0.9865
vn 0.0962 -0.1324 -0.9865
vn 0.1458 -0.0743 -0.9865
vn 0.1616 0.0256 -0.9865
vn 0.1556 0.0506 -0.9865
vn -0.0000 -0.1636 -0.9865
vn -0.0256 -0.1616 -0.9865
vn -0.0505 -0.1556 -0.9865
vn -0.1458 0.0743 -0.9865
vn -0.1556 0.0505 -0.9865
vn -0.0962 -0.1324 -0.9865
vn -0.0743 -0.1458 -0.9865
vn 0.1458 0.0743 -0.9865
vn -0.1157 -0.1157 -0.9865
vn -0.1556 -0.0506 -0.9865
vn 0.1636 -0.0000 -0.9865
vn -0.1616 0.0256 -0.9865
vn 0.0505 0.1556 -0.9865
vn 0.0743 -0.1458 -0.9865
vn 0.1324 0.0962 -0.9865
vn 0.1157 0.1157 -0.9865
vn -0.0743 0.1458 -0.9865
vn -0.0962 0.1324 -0.9865
vn -0.0506 0.1556 -0.9865
vn -0.1157 0.1157 -0.9865
vn -0.1324 0.0962 -0.9865
vn -0.6421 0.7666 -0.0000
vn -0.9877 0.1564 -0.0000
vn -0.3090 0.9511 -0.0000
vn 0.9350 -0.3546 -0.0000
vn 0.9927 -0.1205 -0.0000
vn -0.9564 0.2919 0.0127
vn -0.9475 0.3196 -0.0000
vn -0.9991 0.0417 0.0116
vn -0.9999 0.0139 -0.0000
vn -0.9976 0.0695 -0.0000
vn -0.9428 0.3334 -0.0000
vn -0.6420 0.7667 -0.0000
vn -0.9521 0.3058 -0.0001
vn -0.9903 0.1389 -0.0000
vn -0.9807 0.1956 -0.0007
vn -0.9012 -0.4333 -0.0000
vn -0.9115 -0.4113 -0.0000
vn -0.9304 -0.3667 -0.0000
vn -0.9212 -0.3891 -0.0000
vn -0.9996 0.0279 -0.0004
vn -0.9965 0.0834 -0.0000
vn 0.9927 0.1205 -0.0000
vn -0.6631 0.7485 -0.0000
vn 0.2393 -0.9709 -0.0000
vn 0.4647 -0.8855 -0.0000
vn 0.6631 -0.7485 -0.0000
vn 0.8230 -0.5681 -0.0000
vt 0.000000 -10.270592
vt 0.200000 -10.270592
vt 0.200000 -9.859768
vt 0.000000 -9.859768
vt -0.007854 -2.163779
vt -0.007854 -2.107577
vt -0.010472 -2.107577
vt -0.010472 -2.163779
vt 0.005236 3.681234
vt 0.002618 3.681234
vt 0.002618 3.625032
vt 0.005236 3.625032
vt 1.000000 -0.055651
vt 1.700000 0.166860
vt 1.700000 0.250290
vt 1.000000 0.479659
vt -0.550000 5.287071
vt -1.050000 5.392063
vt -1.050000 5.052226
vt -0.550000 4.827325
vt 2.734287 -0.888424
vt 2.839604 -0.449749
vt 2.621307 -0.426004
vt 2.519026 -0.840974
vt -6.826531 -0.673749
vt -6.613669 -1.079323
vt -6.449073 -0.965710
vt -6.639528 -0.602828
vt -1.550000 5.392063
vt -1.750000 5.516943
vt -1.750000 5.057198
vt -1.550000 5.052226
vt -0.157080 -4.985678
vt -0.157080 -4.586824
vt -0.176715 -4.586824
vt -0.176715 -4.985678
vt -0.005236 -2.163779
vt -0.005236 -2.219981
vt -0.002618 -2.219981
vt -0.002618 -2.163779
vt -0.458149 3.330265
vt -0.458149 3.774301
vt -0.549779 3.734451
vt -0.549779 3.267645
vt -0.550000 5.746816
vt -1.050000 5.731900
vt -0.550000 4.367580
vt -1.050000 4.372552
vt -1.050000 4.032715
vt -0.550000 3.907835
vt -0.000000 3.673247
vt -0.000000 4.132403
vt -1.100000 4.132403
vt -1.100000 3.673247
vt -2.440868 0.837951
vt -2.269656 1.228276
vt -2.346458 1.231516
vt -2.513622 0.839170
vt 2.325924 1.689883
vt 2.123078 1.595390
vt 2.351503 1.234164
vt 2.561644 1.305223
vt 1.900000 2.955332
vt 0.800000 2.843855
vt 0.800000 2.732377
vt 1.900000 2.471377
vt -0.000000 4.591559
vt -0.000000 5.050714
vt -1.100000 5.050714
vt -1.100000 4.591559
vt 0.000000 -8.216473
vt 0.200000 -8.216473
vt 0.200000 -7.805650
vt 0.000000 -7.805650
vt -0.000000 5.509870
vt -0.000000 5.969026
vt -1.100000 5.969026
vt -1.100000 5.509870
vt 0.560809 -1.806416
vt 0.560809 -2.258020
vt 1.700000 -2.258020
vt 1.700000 -1.806416
vt 0.075000 -4.693816
vt 0.075000 -5.120527
vt 0.200000 -5.120527
vt 0.200000 -4.693816
vt -0.000000 0.000000
vt -0.000000 0.200000
vt -1.600000 0.200000
vt -1.600000 0.000000
vt 0.000000 -5.340708
vt -0.000000 -5.751531
vt 0.200000 -5.751531
vt 0.200000 -5.340708
vt 0.200000 -7.394826
vt 0.000000 -7.394826
vt 0.020000 -8.684933
vt 0.020000 -8.227831
vt -0.020000 -8.227831
vt -0.020000 -8.684933
vt 0.000000 -8.627297
vt 0.200000 -8.627297
vt -0.000000 -9.038121
vt 0.200000 -9.038121
vt 0.000000 -6.162355
vt 0.200000 -6.162355
vt 0.020000 0.000000
vt 0.020000 0.457102
vt -0.020000 0.457102
vt -0.020000 0.000000
vt 0.560809 4.516039
vt 0.560809 4.064435
vt 1.700000 4.064435
vt 1.700000 4.516039
vt -1.050000 0.818803
vt -1.050000 1.023503
vt -1.550000 1.023503
vt -1.550000 0.818803
vt -5.050000 -1.900000
vt 5.586442 -1.767366
vt 5.558943 -1.700000
vt -5.050000 -1.700000
vt -1.550000 4.712389
vt -1.750000 4.597453
vt -0.000000 -6.984002
vt 0.200000 -6.984002
vt 0.200000 -6.573179
vt -0.000000 -6.573179
vt -0.000000 2.875000
vt -0.106934 2.653544
vt 0.320109 2.636335
vt 0.449749 2.839604
vt -0.549779 -4.668064
vt -0.549779 -5.134871
vt -0.458149 -5.106407
vt -0.458149 -4.662371
vt 2.561644 -1.305223
vt 2.351503 -1.234164
vt 1.700000 0.758041
vt 1.700000 0.845197
vt 1.000000 1.014969
vt 0.020000 -3.199712
vt 0.020000 -2.742610
vt -0.020000 -2.742610
vt -0.020000 -3.199712
vt 0.560809 -6.322455
vt 0.560809 -6.774059
vt 1.700000 -6.774059
vt 1.700000 -6.322455
vt 0.020000 1.371305
vt 0.020000 1.828407
vt -0.020000 1.828407
vt -0.020000 1.371305
vt 0.499580 -5.419247
vt 0.499580 -4.967643
vt 0.354689 -4.967643
vt 0.354689 -5.419247
vt 0.499580 -1.806416
vt 0.499580 -1.354812
vt 0.354689 -1.354812
vt 0.354689 -1.806416
vt -1.000000 0.200000
vt -1.000000 0.000000
vt 1.550000 0.204701
vt 1.550000 0.409401
vt 1.050000 0.409401
vt 1.050000 0.204701
vt -10.500000 0.200000
vt -10.500000 0.000000
vt 0.075000 -6.400658
vt 0.075000 -6.827369
vt 0.200000 -6.827369
vt 0.200000 -6.400658
vt 0.499580 5.419247
vt 0.499580 5.870851
vt 0.354689 5.870851
vt 0.354689 5.419247
vt 2.688497 1.331160
vt 2.579464 1.314302
vt 2.753309 0.894604
vt 2.860189 0.905162
vt -0.888424 2.734287
vt -0.941723 2.483120
vt -0.531208 2.602028
vt -0.449749 2.839604
vt 0.560809 8.128871
vt 0.560809 7.677267
vt 1.700000 7.677267
vt 1.700000 8.128871
vt -1.000000 0.500000
vt -0.000000 0.500000
vt 0.020000 6.399424
vt 0.020000 6.856526
vt -0.020000 6.856526
vt -0.020000 6.399424
vt -0.500000 0.500000
vt -0.500000 0.000000
vt 0.020000 -5.942322
vt 0.020000 -5.485221
vt -0.020000 -5.485221
vt -0.020000 -5.942322
vt 0.020000 0.914203
vt -0.020000 0.914203
vt 1.550000 0.000000
vt 1.050000 0.000000
vt 0.075000 -0.853421
vt 0.075000 -1.280132
vt 0.200000 -1.280132
vt 0.200000 -0.853421
vt 0.500000 -0.026180
vt 0.500000 0.000000
vt 0.000000 -0.026180
vt 0.560809 3.161228
vt 0.560809 2.709624
vt 1.700000 2.709624
vt 1.700000 3.161228
vt 0.560809 -0.451604
vt 0.560809 -0.903208
vt 1.700000 -0.903208
vt 1.700000 -0.451604
vt 0.020000 5.942322
vt -0.020000 5.942322
vt -1.050000 4.712389
vt -0.157080 -0.199427
vt -0.157080 -0.598281
vt -0.137445 -0.598281
vt -0.137445 -0.199427
vt 2.859358 0.452878
vt 2.964841 0.457948
vt -1.689883 2.325924
vt -1.679584 2.057117
vt -1.327849 2.299902
vt -1.305223 2.561644
vt -0.458149 2.886230
vt -0.549779 2.800838
vt -0.196350 -5.783387
vt -0.196350 -5.384532
vt -0.215984 -5.384532
vt -0.215984 -5.783387
vt 10.696299 -0.000000
vt 10.696299 1.100000
vt 2.900000 0.300000
vt 2.900000 0.000000
vt 1.900000 1.987422
vt 1.000000 2.085590
vt 1.000000 1.550279
vt 1.900000 1.503466
vt -0.007854 -0.084303
vt -0.007854 -0.140505
vt -0.005236 -0.140505
vt -0.005236 -0.084303
vt 0.002618 0.140505
vt 0.002618 0.084303
vt 0.005236 0.084303
vt 0.005236 0.140505
vt 0.005236 -0.084303
vt 0.005236 -0.028101
vt 0.002618 -0.028101
vt 0.002618 -0.084303
vt -0.005236 -0.028101
vt -0.007854 -0.028101
vt -0.010472 0.309111
vt -0.010472 0.365313
vt -0.013090 0.365313
vt -0.013090 0.309111
vt 0.007854 -0.309111
vt 0.007854 -0.365313
vt 0.010472 -0.365313
vt 0.010472 -0.309111
vt -0.005236 0.309111
vt -0.005236 0.365313
vt -0.007854 0.365313
vt -0.007854 0.309111
vt -0.002618 0.309111
vt -0.002618 0.365313
vt -0.002618 -0.421515
vt -0.005236 -0.421515
vt -0.005236 -0.477717
vt -0.002618 -0.477717
vt 0.007854 8.964227
vt 0.007854 9.020429
vt 0.005236 9.020429
vt 0.005236 8.964227
vt -0.005236 0.590122
vt -0.007854 0.590122
vt -0.007854 0.533919
vt -0.005236 0.533919
vt -0.010472 0.533919
vt -0.010472 0.590122
vt -0.007854 0.646324
vt -0.010472 0.646324
vt 0.010472 0.646324
vt 0.010472 0.590122
vt 0.013090 0.590122
vt 0.013090 0.646324
vt -0.010472 0.702526
vt -0.013090 0.702526
vt -0.013090 0.646324
vt -0.007854 0.758728
vt -0.007854 0.814930
vt -0.010472 0.814930
vt -0.010472 0.758728
vt -0.005236 0.758728
vt -0.005236 0.814930
vt 0.002618 -0.758728
vt 0.002618 -0.814930
vt 0.005236 -0.814930
vt 0.005236 -0.758728
vt 0.007854 0.927334
vt 0.007854 0.983536
vt 0.005236 0.983536
vt 0.005236 0.927334
vt -0.005236 1.039738
vt -0.007854 1.039738
vt -0.007854 0.983536
vt -0.005236 0.983536
vt -0.010472 1.152142
vt -0.013090 1.152142
vt -0.013090 1.095940
vt -0.010472 1.095940
vt 0.010472 -1.208344
vt 0.010472 -1.264546
vt 0.013090 -1.264546
vt 0.013090 -1.208344
vt 0.007854 -1.208344
vt 0.007854 -1.264546
vt -0.007854 -1.208344
vt -0.007854 -1.264546
vt -0.005236 -1.264546
vt -0.005236 -1.208344
vt 0.005236 -1.320748
vt 0.002618 -1.320748
vt 0.002618 -1.376950
vt 0.005236 -1.376950
vt 0.005236 -1.433152
vt 0.005236 -1.489354
vt 0.007854 -1.489354
vt 0.007854 -1.433152
vt -0.013090 1.545556
vt -0.013090 1.489354
vt -0.010472 1.489354
vt -0.010472 1.545556
vt -0.010472 1.601758
vt -0.013090 1.601758
vt -0.010472 1.657960
vt -0.010472 1.714162
vt -0.013090 1.714162
vt -0.013090 1.657960
vt -0.007854 1.657960
vt -0.007854 1.714162
vt -0.005236 1.657960
vt -0.005236 1.714162
vt 0.002618 -1.657960
vt 0.002618 -1.714162
vt 0.005236 -1.714162
vt 0.005236 -1.657960
vt -0.002618 1.826567
vt -0.002618 1.882769
vt -0.005236 1.882769
vt -0.005236 1.826567
vt -0.007854 1.882769
vt -0.007854 1.826567
vt -0.005236 1.938971
vt -0.007854 1.938971
vt 0.010472 -1.938971
vt 0.010472 -1.882769
vt 0.007854 -1.882769
vt 0.007854 -1.938971
vt -0.010472 2.051375
vt -0.013090 2.051375
vt -0.013090 1.995173
vt -0.010472 1.995173
vt -0.010472 2.107577
vt -0.010472 2.163779
vt -0.013090 2.163779
vt -0.013090 2.107577
vt -0.007854 2.107577
vt -0.007854 2.163779
vt -0.002618 2.332385
vt -0.005236 2.332385
vt -0.005236 2.276183
vt -0.002618 2.276183
vt 0.007854 2.276183
vt 0.007854 2.332385
vt 0.005236 2.332385
vt 0.005236 2.276183
vt 0.010472 -2.388587
vt 0.010472 -2.332385
vt 0.007854 -2.332385
vt 0.007854 -2.388587
vt -0.007854 -2.444789
vt -0.007854 -2.388587
vt -0.010472 -2.388587
vt -0.010472 -2.444789
vt -0.013090 2.444789
vt -0.013090 2.388587
vt -0.010472 2.388587
vt -0.010472 2.444789
vt -0.010472 2.500991
vt -0.013090 2.500991
vt -0.013090 -2.557193
vt -0.013090 -2.613395
vt -0.010472 -2.613395
vt -0.010472 -2.557193
vt 0.007854 -2.557193
vt 0.007854 -2.613395
vt 0.010472 -2.613395
vt 0.010472 -2.557193
vt -0.005236 2.557193
vt -0.005236 2.613395
vt -0.007854 2.613395
vt -0.007854 2.557193
vt 0.005236 2.557193
vt 0.005236 2.613395
vt 0.002618 2.613395
vt 0.002618 2.557193
vt -0.005236 -2.782001
vt -0.005236 -2.725799
vt -0.007854 -2.725799
vt -0.007854 -2.782001
vt 0.007854 -5.704508
vt 0.007854 -5.648306
vt 0.005236 -5.648306
vt 0.005236 -5.704508
vt -0.007854 2.838203
vt -0.007854 2.894406
vt -0.010472 2.894406
vt -0.010472 2.838203
vt 0.013090 -2.894406
vt 0.013090 -2.838203
vt 0.010472 -2.838203
vt 0.010472 -2.894406
vt -0.010472 3.006810
vt -0.010472 3.063012
vt -0.013090 3.063012
vt -0.013090 3.006810
vt 0.007854 -3.006810
vt 0.007854 -3.063012
vt 0.010472 -3.063012
vt 0.010472 -3.006810
vt 0.007854 3.006810
vt 0.007854 3.063012
vt 0.005236 3.063012
vt 0.005236 3.006810
vt -0.002618 3.006810
vt -0.002618 3.063012
vt -0.005236 3.063012
vt -0.005236 3.006810
vt -0.002618 3.231618
vt -0.005236 3.231618
vt -0.005236 3.175416
vt -0.002618 3.175416
vt -0.007854 3.175416
vt -0.007854 3.231618
vt 0.007854 -3.287820
vt 0.007854 -3.231618
vt 0.005236 -3.231618
vt 0.005236 -3.287820
vt -0.010472 3.231618
vt -0.007854 3.287820
vt -0.010472 3.287820
vt -0.013090 3.344022
vt -0.013090 3.287820
vt -0.010472 3.344022
vt -0.010472 3.400224
vt -0.013090 3.400224
vt -0.010472 3.456426
vt -0.010472 3.512628
vt -0.013090 3.512628
vt -0.013090 3.456426
vt -0.007854 3.456426
vt -0.007854 3.512628
vt -0.005236 3.456426
vt -0.005236 3.512628
vt -0.002618 3.456426
vt -0.002618 3.512628
vt -0.007854 3.625032
vt -0.005236 3.625032
vt -0.005236 3.681234
vt -0.007854 3.681234
vt -0.005236 3.737436
vt -0.007854 3.737436
vt -0.007854 3.793638
vt -0.010472 3.793638
vt -0.010472 3.737436
vt -0.010472 3.849840
vt -0.013090 3.849840
vt -0.013090 3.793638
vt -0.010472 3.906042
vt -0.010472 3.962244
vt -0.013090 3.962244
vt -0.013090 3.906042
vt 0.007854 -3.906042
vt 0.007854 -3.962244
vt 0.010472 -3.962244
vt 0.010472 -3.906042
vt -0.002618 3.906042
vt -0.002618 3.962244
vt -0.005236 3.962244
vt -0.005236 3.906042
vt -0.007854 4.130851
vt -0.005236 4.130851
vt -0.005236 4.187053
vt -0.007854 4.187053
vt -0.010472 -4.187053
vt -0.010472 -4.243255
vt -0.007854 -4.243255
vt -0.007854 -4.187053
vt -0.007854 4.355659
vt -0.007854 4.411861
vt -0.010472 4.411861
vt -0.010472 4.355659
vt 0.005236 4.355659
vt 0.005236 4.411861
vt 0.002618 4.411861
vt 0.002618 4.355659
vt -0.007854 -4.580467
vt -0.005236 -4.580467
vt -0.005236 -4.524265
vt -0.007854 -4.524265
vt -0.007854 4.580467
vt -0.007854 4.636669
vt -0.010472 4.636669
vt -0.010472 4.580467
vt -0.010472 -4.749073
vt -0.010472 -4.692871
vt -0.013090 -4.692871
vt -0.013090 -4.749073
vt 0.010472 -4.805275
vt 0.010472 -4.861477
vt 0.013090 -4.861477
vt 0.013090 -4.805275
vt 0.007854 -4.805275
vt 0.007854 -4.861477
vt 0.007854 4.805275
vt 0.007854 4.861477
vt 0.005236 4.861477
vt 0.005236 4.805275
vt -0.002618 4.805275
vt -0.002618 4.861477
vt -0.005236 4.861477
vt -0.005236 4.805275
vt 0.005236 -4.973881
vt 0.005236 -4.917679
vt 0.002618 -4.917679
vt 0.002618 -4.973881
vt 0.007854 3.962244
vt 0.007854 4.018446
vt 0.005236 4.018446
vt 0.005236 3.962244
vt 0.010472 -5.254892
vt 0.010472 -5.311094
vt 0.013090 -5.311094
vt 0.013090 -5.254892
vt 0.007854 -6.940953
vt 0.007854 -6.884751
vt 0.005236 -6.884751
vt 0.005236 -6.940953
vt -0.002618 5.254892
vt -0.002618 5.311094
vt -0.005236 5.311094
vt -0.005236 5.254892
vt -0.007854 5.479700
vt -0.007854 5.423498
vt -0.005236 5.423498
vt -0.005236 5.479700
vt -0.007854 -5.479700
vt -0.007854 -5.535902
vt -0.005236 -5.535902
vt -0.005236 -5.479700
vt 0.013090 -5.648306
vt 0.013090 -5.592104
vt 0.010472 -5.592104
vt 0.010472 -5.648306
vt -0.010472 -5.704508
vt -0.013090 -5.704508
vt -0.013090 -5.760710
vt -0.010472 -5.760710
vt -0.005236 -5.760710
vt -0.005236 -5.704508
vt -0.007854 -5.704508
vt -0.007854 -5.760710
vt -0.007854 -5.929316
vt -0.005236 -5.929316
vt -0.005236 -5.873114
vt -0.007854 -5.873114
vt -0.007854 -6.041720
vt -0.007854 -5.985518
vt -0.010472 -5.985518
vt -0.010472 -6.041720
vt 0.010472 6.041720
vt 0.010472 5.985518
vt 0.013090 5.985518
vt 0.013090 6.041720
vt -0.010472 -6.154124
vt -0.013090 -6.154124
vt -0.013090 -6.210326
vt -0.010472 -6.210326
vt 0.007854 -0.028101
vt 0.007854 0.028101
vt 0.005236 0.028101
vt 0.005236 -6.322730
vt 0.005236 -6.266528
vt 0.002618 -6.266528
vt 0.002618 -6.322730
vt 0.007854 6.378933
vt 0.010472 6.378933
vt 0.010472 6.435135
vt 0.007854 6.435135
vt -0.010472 -6.491337
vt -0.010472 -6.435135
vt -0.013090 -6.435135
vt -0.013090 -6.491337
vt 0.013090 -6.659943
vt 0.013090 -6.603741
vt 0.010472 -6.603741
vt 0.010472 -6.659943
vt 0.005236 -6.828549
vt 0.005236 -6.772347
vt 0.002618 -6.772347
vt 0.002618 -6.828549
vt -0.002618 6.884751
vt -0.005236 6.884751
vt -0.005236 6.828549
vt -0.002618 6.828549
vt -0.007854 6.828549
vt -0.007854 6.884751
vt 0.007854 4.411861
vt 0.007854 4.468063
vt 0.005236 4.468063
vt -0.013090 6.997155
vt -0.013090 6.940953
vt -0.010472 6.940953
vt -0.010472 6.997155
vt -0.010472 7.053357
vt -0.013090 7.053357
vt 0.007854 -7.109559
vt 0.007854 -7.165761
vt 0.010472 -7.165761
vt 0.010472 -7.109559
vt -0.002618 7.109559
vt -0.002618 7.165761
vt -0.005236 7.165761
vt -0.005236 7.109559
vt 0.010472 0.533919
vt 0.013090 0.533919
vt -0.005236 5.929316
vt -0.005236 5.873114
vt -0.002618 5.873114
vt -0.002618 5.929316
vt -0.005236 -0.365313
vt -0.007854 -0.365313
vt -0.007854 -0.421515
vt 0.010472 0.309111
vt 0.010472 0.365313
vt 0.007854 0.365313
vt 0.007854 0.309111
vt 0.010472 -0.252909
vt 0.013090 -0.309111
vt 0.013090 -0.252909
vt 0.010472 -0.196707
vt 0.013090 -0.196707
vt 0.013090 -8.177398
vt 0.010472 -8.177398
vt 0.010472 -8.233600
vt 0.013090 -8.233600
vt 0.005236 -0.871132
vt 0.002618 -0.871132
vt -0.005236 0.871132
vt -0.007854 0.871132
vt 0.013090 0.702526
vt 0.013090 0.758728
vt 0.010472 0.758728
vt 0.010472 0.702526
vt -0.010472 1.433152
vt -0.013090 1.433152
vt -0.005236 1.489354
vt -0.007854 1.489354
vt -0.007854 1.433152
vt -0.005236 1.433152
vt -0.002618 1.264546
vt -0.002618 1.320748
vt -0.005236 1.320748
vt -0.005236 1.264546
vt -0.005236 1.208344
vt -0.007854 1.264546
vt -0.007854 1.208344
vt -0.010472 -1.208344
vt -0.010472 -1.264546
vt -0.010472 -1.152142
vt -0.013090 -1.152142
vt -0.013090 -1.208344
vt 0.013090 1.095940
vt 0.013090 1.152142
vt 0.010472 1.152142
vt 0.010472 1.095940
vt -0.005236 -1.938971
vt -0.005236 -1.882769
vt -0.007854 -1.882769
vt -0.007854 -1.938971
vt -0.002618 1.938971
vt 0.002618 5.648306
vt 0.002618 5.592104
vt 0.005236 5.592104
vt 0.005236 5.648306
vt -0.005236 -1.770365
vt -0.005236 -1.714162
vt -0.007854 -1.714162
vt -0.007854 -1.770365
vt -0.010472 -1.601758
vt -0.010472 -1.657960
vt -0.007854 -1.657960
vt -0.007854 -1.601758
vt 0.013090 -4.074649
vt 0.010472 -4.074649
vt 0.010472 -4.130851
vt 0.013090 -4.130851
vt -0.007854 -2.332385
vt -0.010472 -2.332385
vt -0.005236 -2.388587
vt -0.005236 -2.332385
vt 0.005236 -2.388587
vt 0.005236 -2.332385
vt 0.002618 -2.332385
vt 0.002618 -2.388587
vt 0.005236 2.219981
vt 0.002618 2.276183
vt 0.002618 2.219981
vt -0.007854 -2.219981
vt -0.005236 -2.107577
vt 0.010472 2.107577
vt 0.010472 2.163779
vt 0.007854 2.163779
vt 0.007854 2.107577
vt 0.010472 2.051375
vt 0.013090 2.051375
vt 0.013090 2.107577
vt -0.010472 -2.838203
vt -0.010472 -2.782001
vt -0.013090 -2.782001
vt -0.013090 -2.838203
vt -0.007854 -2.838203
vt -0.005236 -2.838203
vt 0.005236 2.669597
vt 0.002618 2.669597
vt 0.007854 2.557193
vt 0.007854 2.500991
vt 0.010472 2.500991
vt 0.010472 2.557193
vt -0.010472 -3.287820
vt -0.010472 -3.231618
vt -0.013090 -3.231618
vt -0.013090 -3.287820
vt 0.010472 -3.287820
vt 0.010472 -3.231618
vt -0.005236 -3.287820
vt -0.005236 -3.231618
vt -0.007854 -3.231618
vt -0.007854 -3.287820
vt 0.002618 -3.231618
vt 0.002618 -3.287820
vt 0.005236 3.119214
vt 0.005236 3.175416
vt 0.002618 3.175416
vt 0.002618 3.119214
vt 0.005236 -3.906042
vt 0.002618 -3.906042
vt 0.002618 -3.962244
vt 0.005236 -3.962244
vt 0.010472 6.997155
vt 0.010472 6.940953
vt 0.013090 6.940953
vt 0.013090 6.997155
vt -0.010472 -3.737436
vt -0.010472 -3.681234
vt -0.013090 -3.681234
vt -0.013090 -3.737436
vt 0.010472 -3.737436
vt 0.010472 -3.681234
vt 0.007854 -3.681234
vt 0.007854 -3.737436
vt -0.005236 -3.737436
vt -0.005236 -3.681234
vt -0.007854 -3.681234
vt -0.007854 -3.737436
vt -0.010472 4.130851
vt -0.010472 4.187053
vt -0.013090 4.187053
vt -0.013090 4.130851
vt -0.005236 -4.187053
vt -0.005236 -4.130851
vt -0.007854 -4.130851
vt -0.002618 -4.187053
vt -0.002618 -4.130851
vt -0.005236 -4.636669
vt -0.007854 -4.636669
vt -0.010472 -5.086285
vt -0.010472 -5.030083
vt -0.013090 -5.030083
vt -0.013090 -5.086285
vt 0.007854 5.030083
vt 0.010472 5.030083
vt 0.010472 5.086285
vt 0.007854 5.086285
vt -0.005236 -5.086285
vt -0.005236 -5.030083
vt -0.007854 -5.030083
vt -0.007854 -5.086285
vt -0.005236 -4.861477
vt -0.005236 -4.917679
vt -0.002618 -4.917679
vt -0.002618 -4.861477
vt -0.007854 4.861477
vt -0.007854 4.805275
vt -0.007854 4.749073
vt -0.010472 4.805275
vt -0.010472 4.749073
vt -0.013090 4.749073
vt -0.013090 4.692871
vt -0.010472 4.692871
vt 0.010472 4.692871
vt 0.010472 4.636669
vt 0.013090 4.636669
vt 0.013090 4.692871
vt 0.007854 5.535902
vt 0.007854 5.479700
vt 0.010472 5.479700
vt 0.010472 5.535902
vt -0.005236 -5.254892
vt -0.005236 -5.311094
vt -0.002618 -5.311094
vt -0.002618 -5.254892
vt -0.007854 -5.254892
vt -0.007854 -5.311094
vt -0.007854 -5.198689
vt -0.007854 -5.142487
vt -0.010472 -5.142487
vt -0.010472 -5.198689
vt 0.010472 5.142487
vt 0.013090 5.086285
vt 0.013090 5.142487
vt 0.010472 -5.985518
vt 0.013090 -5.985518
vt 0.013090 -5.929316
vt 0.010472 -5.929316
vt -0.010472 -5.929316
vt 0.007854 -5.985518
vt 0.007854 -5.929316
vt 0.005236 -5.929316
vt 0.005236 -5.985518
vt 0.005236 5.985518
vt 0.002618 5.985518
vt 0.002618 5.929316
vt 0.005236 5.929316
vt 0.002618 5.760710
vt 0.002618 5.704508
vt 0.005236 5.704508
vt 0.005236 5.760710
vt 0.007854 5.704508
vt 0.007854 5.648306
vt 0.010472 5.648306
vt 0.010472 5.704508
vt -0.007854 -5.648306
vt -0.007854 -5.592104
vt -0.010472 -5.592104
vt -0.010472 -5.648306
vt -0.013090 5.648306
vt -0.013090 5.592104
vt -0.010472 5.592104
vt -0.010472 5.648306
vt -0.010472 -5.535902
vt -0.013090 -5.535902
vt -0.013090 -5.592104
vt -0.010472 -6.378933
vt -0.010472 -6.322730
vt -0.013090 -6.322730
vt -0.013090 -6.378933
vt -0.002618 -6.378933
vt -0.002618 -6.322730
vt -0.005236 -6.322730
vt -0.005236 -6.378933
vt -0.010472 -6.828549
vt -0.010472 -6.772347
vt -0.013090 -6.772347
vt -0.013090 -6.828549
vt 0.007854 -4.636669
vt 0.007854 -4.580467
vt 0.005236 -4.580467
vt 0.005236 -4.636669
vt -0.002618 -6.603741
vt -0.002618 -6.547539
vt -0.005236 -6.547539
vt -0.005236 -6.603741
vt -0.007854 -6.547539
vt -0.007854 -6.603741
vt -0.007854 6.547539
vt -0.007854 6.491337
vt -0.005236 6.491337
vt -0.005236 6.547539
vt 0.010472 1.320748
vt 0.010472 1.376950
vt 0.007854 1.376950
vt 0.007854 1.320748
vt -0.007854 -6.491337
vt -0.007854 -6.435135
vt 0.013090 -6.491337
vt 0.013090 -6.435135
vt 0.010472 -6.435135
vt 0.010472 -6.491337
vt -0.010472 -7.278165
vt -0.010472 -7.221963
vt -0.013090 -7.221963
vt -0.013090 -7.278165
vt -0.005236 -7.278165
vt -0.005236 -7.221963
vt -0.007854 -7.221963
vt -0.007854 -7.278165
vt -0.002618 -7.053357
vt -0.002618 -6.997155
vt -0.005236 -6.997155
vt -0.005236 -7.053357
vt -0.005236 -6.940953
vt -0.007854 -6.940953
vt -0.007854 -6.997155
vt 0.010472 -6.997155
vt 0.010472 -6.940953
vt 0.007854 -6.997155
vt -0.007854 -6.884751
vt -0.010472 -6.884751
vt -0.010472 -6.940953
vt 0.010472 6.884751
vt 0.013090 6.884751
vt -0.013090 -6.884751
vt -0.005236 -7.727782
vt -0.005236 -7.671580
vt -0.007854 -7.671580
vt -0.007854 -7.727782
vt 0.005236 7.559176
vt 0.002618 7.559176
vt 0.002618 7.502973
vt 0.005236 7.502973
vt -0.002618 -7.502973
vt -0.002618 -7.446771
vt -0.005236 -7.446771
vt -0.005236 -7.502973
vt -0.007854 -7.446771
vt -0.007854 -7.502973
vt -0.007854 -7.390569
vt -0.005236 -7.390569
vt -0.010472 -8.177398
vt -0.010472 -8.121196
vt -0.013090 -8.121196
vt -0.013090 -8.177398
vt -0.007854 -8.177398
vt -0.007854 -8.121196
vt -0.005236 -8.177398
vt -0.005236 -8.121196
vt 0.005236 -8.177398
vt 0.005236 -8.121196
vt 0.002618 -8.121196
vt 0.002618 -8.177398
vt -0.005236 -7.952590
vt -0.005236 -8.008792
vt -0.002618 -8.008792
vt -0.002618 -7.952590
vt -0.002618 -7.896388
vt -0.005236 -7.896388
vt 0.007854 -5.086285
vt 0.007854 -5.030083
vt 0.005236 -5.030083
vt 0.005236 -5.086285
vt -0.007854 -7.840186
vt -0.007854 -7.896388
vt -0.005236 -7.840186
vt 0.007854 1.545556
vt 0.007854 1.489354
vt 0.010472 1.489354
vt 0.010472 1.545556
vt 0.010472 4.243255
vt 0.007854 4.243255
vt 0.007854 4.187053
vt 0.010472 4.187053
vt 0.013090 7.783984
vt 0.013090 7.840186
vt 0.010472 7.840186
vt 0.010472 7.783984
vt -0.010472 -8.627014
vt -0.010472 -8.570812
vt -0.013090 -8.570812
vt -0.013090 -8.627014
vt -0.002618 8.570812
vt -0.002618 8.627014
vt -0.005236 8.627014
vt -0.005236 8.570812
vt -0.007854 -8.402206
vt -0.007854 -8.458408
vt -0.005236 -8.458408
vt -0.005236 -8.402206
vt -0.007854 2.444789
vt -0.007854 2.388587
vt -0.005236 2.388587
vt -0.005236 2.444789
vt -0.010472 -8.289802
vt -0.010472 -8.233600
vt -0.013090 -8.233600
vt -0.013090 -8.289802
vt -0.005236 -8.908025
vt -0.005236 -8.964227
vt -0.002618 -8.964227
vt -0.002618 -8.908025
vt 0.002618 -8.851823
vt 0.002618 -8.908025
vt 0.005236 -8.908025
vt 0.005236 -8.851823
vt -0.005236 8.851823
vt -0.005236 8.908025
vt -0.007854 8.908025
vt -0.007854 8.851823
vt 0.010472 -1.095940
vt 0.010472 -1.039738
vt 0.007854 -1.039738
vt 0.007854 -1.095940
vt -0.010472 -8.739419
vt -0.010472 -8.683217
vt -0.013090 -8.683217
vt -0.013090 -8.739419
vt -0.010472 8.739419
vt -0.010472 8.795621
vt -0.013090 8.795621
vt -0.013090 8.739419
vt -0.007854 8.739419
vt -0.007854 8.795621
vt -0.005236 8.795621
vt -0.005236 8.739419
vt -0.002618 8.739419
vt -0.002618 8.795621
vt -0.005236 8.964227
vt -0.005236 9.020429
vt -0.007854 9.020429
vt -0.007854 8.964227
vt 0.013090 -7.727782
vt 0.010472 -7.727782
vt 0.010472 -7.783984
vt 0.013090 -7.783984
vt -0.010472 8.289802
vt -0.010472 8.346004
vt -0.013090 8.346004
vt -0.013090 8.289802
vt -0.007854 8.289802
vt -0.007854 8.346004
vt -0.002618 8.458408
vt -0.002618 8.514610
vt -0.005236 8.514610
vt -0.005236 8.458408
vt -0.010472 5.367296
vt -0.010472 5.423498
vt -0.013090 5.423498
vt -0.013090 5.367296
vt -0.010472 8.683217
vt -0.013090 8.683217
vt -0.013090 8.627014
vt -0.010472 8.627014
vt 0.010472 -7.840186
vt 0.010472 -7.896388
vt 0.013090 -7.896388
vt 0.013090 -7.840186
vt 0.007854 -7.840186
vt 0.007854 -7.896388
vt 0.002618 -7.952590
vt 0.002618 -8.008792
vt 0.005236 -8.008792
vt 0.005236 -7.952590
vt -0.007854 -8.008792
vt -0.007854 -8.064994
vt -0.005236 -8.064994
vt 0.010472 8.064994
vt 0.010472 8.121196
vt 0.007854 8.121196
vt 0.007854 8.064994
vt -0.010472 8.121196
vt -0.010472 8.177398
vt -0.013090 8.177398
vt -0.013090 8.121196
vt -0.010472 8.233600
vt -0.013090 8.233600
vt -0.007854 7.446771
vt -0.010472 7.446771
vt -0.010472 7.390569
vt -0.007854 7.390569
vt -0.002618 7.559176
vt -0.002618 7.615378
vt -0.005236 7.615378
vt -0.005236 7.559176
vt -0.007854 -7.615378
vt -0.005236 -7.615378
vt 0.007854 -7.615378
vt 0.007854 -7.671580
vt 0.010472 -7.671580
vt 0.010472 -7.615378
vt -0.007854 7.671580
vt -0.007854 7.727782
vt -0.010472 7.727782
vt -0.010472 7.671580
vt -0.013090 7.727782
vt -0.013090 7.671580
vt -0.010472 -9.076631
vt -0.010472 -9.020429
vt -0.013090 -9.020429
vt -0.013090 -9.076631
vt -0.010472 6.322730
vt -0.010472 6.378933
vt -0.013090 6.378933
vt -0.013090 6.322730
vt -0.005236 6.210326
vt -0.005236 6.266528
vt -0.007854 6.266528
vt -0.007854 6.210326
vt 0.010472 5.929316
vt 0.013090 5.929316
vt -0.005236 -5.816912
vt -0.007854 -5.816912
vt 0.002618 -5.760710
vt 0.002618 -5.816912
vt 0.005236 -5.816912
vt 0.005236 -5.760710
vt -0.010472 5.479700
vt -0.010472 5.535902
vt -0.013090 5.535902
vt -0.013090 5.479700
vt 0.002618 -5.311094
vt 0.002618 -5.367296
vt 0.005236 -5.367296
vt 0.005236 -5.311094
vt -0.013090 4.636669
vt -0.013090 4.580467
vt -0.010472 -8.851823
vt -0.010472 -8.908025
vt -0.007854 -8.908025
vt -0.007854 -8.851823
vt 0.007854 4.524265
vt 0.005236 4.524265
vt -0.007854 4.074649
vt -0.010472 4.074649
vt -0.002618 4.018446
vt -0.005236 4.018446
vt -0.005236 3.568830
vt -0.007854 3.568830
vt -0.013090 3.231618
vt 0.010472 -3.175416
vt 0.007854 -3.175416
vt -0.005236 -2.669597
vt -0.007854 -2.669597
vt 0.005236 -2.669597
vt 0.005236 -2.613395
vt 0.002618 -2.613395
vt 0.002618 -2.669597
vt -0.010472 2.332385
vt -0.013090 2.332385
vt 0.010472 -2.276183
vt 0.007854 -2.276183
vt 0.007854 2.219981
vt -0.010472 -1.938971
vt -0.010472 -1.882769
vt -0.013090 -1.882769
vt -0.013090 -1.938971
vt 0.007854 -1.826567
vt 0.010472 -1.826567
vt -0.007854 1.770365
vt -0.005236 1.770365
vt -0.002618 -1.770365
vt -0.002618 -1.714162
vt 0.005236 1.376950
vt 0.005236 1.320748
vt -0.010472 0.983536
vt -0.010472 1.039738
vt -0.013090 1.039738
vt -0.013090 0.983536
vt -0.010472 -0.533919
vt -0.013090 -0.533919
vt -0.013090 -0.590122
vt -0.010472 -0.590122
vt -0.007854 0.477717
vt -0.010472 0.477717
vt -0.007854 -0.477717
vt -0.010472 -0.084303
vt -0.013090 -0.084303
vt -0.013090 -0.140505
vt -0.010472 -0.140505
vt 0.005236 -7.278165
vt 0.007854 -7.278165
vt 0.007854 -7.221963
vt 0.005236 -7.221963
vt -0.002618 -0.084303
vt -0.002618 -0.028101
vt 0.005236 -0.983536
vt 0.002618 -0.983536
vt 0.002618 -1.039738
vt 0.005236 -1.039738
vt -0.002618 1.433152
vt -0.002618 1.489354
vt -0.005236 3.793638
vt -0.002618 3.737436
vt -0.002618 3.793638
vt 0.007854 -3.849840
vt 0.007854 -3.793638
vt 0.005236 -3.793638
vt 0.005236 -3.849840
vt -0.005236 3.849840
vt -0.007854 3.906042
vt -0.007854 3.849840
vt -0.005236 4.243255
vt -0.002618 4.187053
vt -0.002618 4.243255
vt -0.005236 -4.692871
vt -0.002618 -4.692871
vt -0.002618 -4.636669
vt 0.005236 -1.601758
vt 0.002618 -1.601758
vt -0.005236 4.749073
vt -0.007854 0.927334
vt -0.010472 0.927334
vt -0.010472 0.871132
vt -0.002618 5.030083
vt -0.002618 5.086285
vt -0.005236 5.086285
vt -0.005236 5.030083
vt -0.005236 5.142487
vt -0.007854 5.142487
vt -0.007854 5.086285
vt -0.007854 5.198689
vt -0.010472 5.198689
vt -0.010472 5.142487
vt 0.013090 5.198689
vt 0.013090 5.254892
vt 0.010472 5.254892
vt 0.010472 5.198689
vt 0.002618 -5.479700
vt 0.002618 -5.535902
vt 0.005236 -5.535902
vt 0.005236 -5.479700
vt -0.005236 5.535902
vt -0.005236 5.592104
vt -0.007854 5.592104
vt -0.007854 5.535902
vt -0.010472 5.704508
vt -0.013090 5.704508
vt -0.010472 6.154124
vt -0.013090 6.154124
vt -0.013090 6.097922
vt -0.010472 6.097922
vt -0.005236 6.435135
vt -0.007854 6.435135
vt -0.010472 6.547539
vt -0.010472 6.491337
vt -0.010472 6.603741
vt -0.013090 6.603741
vt -0.013090 6.547539
vt 0.005236 -7.727782
vt 0.005236 -7.671580
vt 0.002618 -7.671580
vt 0.002618 -7.727782
vt 0.007854 -7.783984
vt -0.002618 -8.177398
vt -0.005236 -8.233600
vt -0.002618 -8.233600
vt -0.007854 8.233600
vt -0.005236 8.233600
vt -0.005236 8.289802
vt 0.010472 -8.289802
vt 0.007854 -8.233600
vt 0.007854 -8.289802
vt 0.005236 -3.119214
vt 0.007854 -3.119214
vt 0.005236 -3.063012
vt 0.007854 -8.683217
vt 0.010472 -8.683217
vt 0.010472 -8.627014
vt 0.007854 -8.627014
vt 0.013090 8.683217
vt 0.013090 8.739419
vt 0.010472 8.739419
vt 0.010472 8.683217
vt -0.007854 9.076631
vt -0.005236 9.076631
vt 0.010472 -4.636669
vt 0.010472 -4.580467
vt 0.013090 -9.132833
vt 0.013090 -9.076631
vt 0.010472 -9.076631
vt 0.010472 -9.132833
vt -0.002618 -8.851823
vt -0.002618 -8.795621
vt -0.005236 -8.795621
vt -0.005236 -8.851823
vt 0.010472 -8.739419
vt 0.007854 -8.739419
vt 0.002618 8.402206
vt 0.002618 8.346004
vt 0.005236 8.346004
vt 0.005236 8.402206
vt 0.005236 8.289802
vt 0.007854 8.289802
vt 0.007854 8.346004
vt 0.007854 -3.400224
vt 0.007854 -3.344022
vt 0.005236 -3.344022
vt 0.005236 -3.400224
vt -0.007854 3.344022
vt -0.007854 3.400224
vt -0.007854 -3.512628
vt -0.010472 -3.512628
vt -0.010472 -3.568830
vt -0.007854 -3.568830
vt 0.010472 3.568830
vt 0.010472 3.625032
vt 0.007854 3.625032
vt 0.007854 3.568830
vt -0.005236 -3.625032
vt -0.005236 -3.568830
vt -0.007854 -3.625032
vt 0.007854 -5.816912
vt 0.007854 -5.760710
vt -0.005236 -2.950608
vt -0.005236 -2.894406
vt -0.007854 -2.894406
vt -0.007854 -2.950608
vt -0.010472 2.950608
vt -0.007854 2.950608
vt 0.005236 2.500991
vt 0.002618 2.500991
vt 0.002618 2.444789
vt 0.005236 2.444789
vt -0.007854 2.500991
vt -0.005236 2.500991
vt 0.010472 -2.500991
vt 0.010472 -2.444789
vt 0.007854 -2.444789
vt 0.007854 -2.500991
vt -0.007854 1.995173
vt -0.007854 2.051375
vt 0.005236 1.601758
vt 0.005236 1.657960
vt 0.002618 1.657960
vt 0.002618 1.601758
vt -0.005236 -1.657960
vt -0.005236 -1.601758
vt 0.005236 1.152142
vt 0.005236 1.208344
vt 0.002618 1.208344
vt 0.002618 1.152142
vt -0.007854 -1.152142
vt -0.005236 -1.152142
vt -0.007854 -0.702526
vt -0.007854 -0.758728
vt -0.005236 -0.758728
vt -0.005236 -0.702526
vt -0.007854 -0.252909
vt -0.007854 -0.309111
vt -0.005236 -0.309111
vt -0.005236 -0.252909
vt 0.002618 9.132833
vt 0.002618 9.076631
vt 0.005236 9.076631
vt 0.005236 9.132833
vt -0.007854 9.132833
vt -0.005236 9.132833
vt -0.010472 9.132833
vt -0.010472 9.076631
vt -0.010472 8.908025
vt -0.010472 8.964227
vt -0.013090 8.964227
vt -0.013090 8.908025
vt 0.010472 -8.851823
vt 0.010472 -8.908025
vt 0.013090 -8.908025
vt 0.013090 -8.851823
vt 0.007854 -8.851823
vt 0.007854 -8.908025
vt 0.005236 -8.739419
vt 0.005236 -8.683217
vt 0.002618 -8.683217
vt 0.002618 -8.739419
vt -0.010472 8.458408
vt -0.010472 8.514610
vt -0.013090 8.514610
vt -0.013090 8.458408
vt -0.013090 8.402206
vt -0.010472 8.402206
vt -0.010472 -8.402206
vt -0.010472 -8.458408
vt 0.010472 -8.402206
vt 0.010472 -8.346004
vt 0.007854 -8.346004
vt 0.007854 -8.402206
vt -0.010472 2.669597
vt -0.013090 2.669597
vt -0.013090 2.613395
vt -0.010472 2.613395
vt -0.010472 -7.952590
vt -0.010472 -8.008792
vt -0.007854 -7.952590
vt -0.005236 -7.783984
vt -0.002618 -7.840186
vt -0.002618 -7.783984
vt -0.010472 7.559176
vt -0.010472 7.615378
vt -0.013090 7.615378
vt -0.013090 7.559176
vt -0.013090 -4.805275
vt -0.010472 -4.805275
vt 0.007854 -7.502973
vt 0.007854 -7.559176
vt 0.010472 -7.559176
vt 0.010472 -7.502973
vt 0.005236 7.446771
vt 0.007854 7.446771
vt 0.007854 7.502973
vt -0.005236 7.390569
vt -0.005236 7.334367
vt -0.002618 7.334367
vt -0.002618 7.390569
vt 0.007854 -7.390569
vt 0.007854 -7.334367
vt 0.005236 -7.334367
vt 0.005236 -7.390569
vt 0.013090 0.814930
vt 0.013090 0.871132
vt 0.010472 0.871132
vt 0.010472 0.814930
vt -0.005236 7.221963
vt -0.002618 7.221963
vt -0.007854 7.221963
vt -0.007854 7.165761
vt -0.010472 7.221963
vt -0.010472 7.165761
vt 0.010472 -7.221963
vt 0.013090 -7.221963
vt 0.013090 -7.165761
vt 0.005236 -7.053357
vt 0.005236 -6.997155
vt 0.002618 -6.997155
vt 0.002618 -7.053357
vt -0.007854 7.053357
vt -0.007854 6.997155
vt -0.005236 6.997155
vt -0.005236 7.053357
vt 0.010472 -7.053357
vt 0.007854 -7.053357
vt 0.005236 -6.603741
vt 0.005236 -6.547539
vt 0.002618 -6.547539
vt 0.002618 -6.603741
vt -0.007854 6.603741
vt -0.005236 6.603741
vt 0.010472 -6.547539
vt 0.007854 -6.547539
vt 0.007854 -6.603741
vt -0.010472 6.659943
vt -0.010472 6.716145
vt -0.013090 6.716145
vt -0.013090 6.659943
vt -0.002618 6.491337
vt -0.002618 6.547539
vt -0.007854 6.154124
vt -0.007854 6.097922
vt -0.005236 6.097922
vt -0.005236 6.154124
vt -0.010472 5.760710
vt -0.010472 5.816912
vt -0.013090 5.816912
vt -0.013090 5.760710
vt -0.010472 5.311094
vt -0.013090 5.311094
vt 0.002618 -5.198689
vt 0.002618 -5.254892
vt 0.005236 -5.254892
vt 0.005236 -5.198689
vt -0.013090 -4.411861
vt -0.013090 -4.468063
vt -0.010472 -4.468063
vt -0.010472 -4.411861
vt -0.010472 4.018446
vt -0.013090 4.018446
vt -0.002618 3.849840
vt -0.010472 3.568830
vt -0.013090 3.568830
vt -0.010472 3.119214
vt -0.013090 3.119214
vt 0.005236 -2.950608
vt 0.002618 -2.950608
vt 0.002618 -3.006810
vt 0.005236 -3.006810
vt -0.007854 3.006810
vt -0.005236 2.950608
vt -0.013090 2.950608
vt 0.013090 -2.725799
vt 0.013090 -2.669597
vt 0.010472 -2.669597
vt 0.010472 -2.725799
vt -0.010472 -2.669597
vt -0.007854 -2.613395
vt -0.013090 2.557193
vt -0.010472 2.557193
vt -0.010472 2.219981
vt -0.010472 2.276183
vt -0.013090 2.276183
vt -0.013090 2.219981
vt -0.005236 1.995173
vt -0.002618 1.995173
vt -0.013090 1.826567
vt -0.013090 1.770365
vt -0.010472 1.770365
vt -0.010472 1.826567
vt -0.013090 7.502973
vt -0.010472 7.502973
vt -0.010472 1.376950
vt -0.013090 1.376950
vt -0.013090 1.320748
vt -0.010472 1.320748
vt -0.010472 -1.320748
vt -0.013090 -1.264546
vt -0.013090 -1.320748
vt -0.007854 1.320748
vt -0.010472 1.264546
vt -0.013090 0.927334
vt -0.013090 0.871132
vt -0.013090 0.477717
vt -0.013090 0.421515
vt -0.010472 0.421515
vt -0.007854 0.421515
vt -0.007854 -0.196707
vt -0.005236 -0.196707
vt 0.007854 0.477717
vt 0.010472 0.477717
vt 0.007854 0.533919
vt -0.010472 -0.871132
vt -0.013090 -0.871132
vt -0.013090 -0.927334
vt -0.010472 -0.927334
vt -0.002618 -1.095940
vt -0.002618 -1.039738
vt -0.005236 -1.039738
vt -0.005236 -1.095940
vt 0.013090 1.320748
vt 0.013090 1.376950
vt 0.010472 1.433152
vt 0.007854 1.433152
vt 0.002618 7.952590
vt 0.002618 7.896388
vt 0.005236 7.896388
vt 0.005236 7.952590
vt 0.010472 -1.545556
vt 0.010472 -1.489354
vt 0.007854 -1.545556
vt -0.010472 -1.826567
vt -0.010472 -1.770365
vt -0.013090 -1.770365
vt -0.013090 -1.826567
vt 0.013090 -1.882769
vt 0.013090 -1.826567
vt -0.002618 -2.107577
vt 0.010472 2.276183
vt 0.010472 2.332385
vt -0.002618 -2.557193
vt -0.002618 -2.500991
vt -0.005236 -2.500991
vt -0.005236 -2.557193
vt -0.007854 -2.500991
vt -0.007854 -2.557193
vt -0.010472 -2.725799
vt -0.013090 -2.669597
vt -0.013090 -2.725799
vt 0.007854 2.725799
vt 0.010472 2.725799
vt 0.010472 2.782001
vt 0.007854 2.782001
vt -0.002618 2.950608
vt 0.007854 -2.950608
vt 0.002618 3.063012
vt 0.002618 3.006810
vt -0.007854 -3.175416
vt -0.007854 -3.119214
vt -0.010472 -3.119214
vt -0.010472 -3.175416
vt -0.005236 -3.175416
vt 0.010472 -3.456426
vt 0.010472 -3.400224
vt 0.007854 -3.456426
vt 0.013090 -3.456426
vt 0.013090 -3.400224
vt -0.005236 -3.456426
vt -0.005236 -3.512628
vt -0.002618 -3.512628
vt -0.002618 -3.456426
vt -0.005236 -3.849840
vt -0.005236 -3.906042
vt -0.002618 -3.906042
vt -0.002618 -3.849840
vt -0.007854 -3.849840
vt -0.007854 -3.906042
vt -0.013090 -3.849840
vt -0.013090 -3.906042
vt -0.010472 -3.906042
vt -0.010472 -3.849840
vt 0.013090 -1.770365
vt 0.010472 -1.770365
vt 0.007854 4.074649
vt 0.007854 4.130851
vt 0.005236 4.130851
vt 0.005236 4.074649
vt -0.010472 -3.625032
vt -0.013090 -3.568830
vt -0.013090 -3.625032
vt -0.005236 -4.299457
vt -0.005236 -4.355659
vt -0.002618 -4.355659
vt -0.002618 -4.299457
vt -0.002618 -4.243255
vt -0.005236 -4.243255
vt -0.005236 -1.995173
vt -0.007854 -1.995173
vt 0.007854 1.152142
vt 0.007854 1.208344
vt -0.005236 4.524265
vt -0.002618 4.524265
vt -0.002618 4.580467
vt -0.005236 4.580467
vt 0.010472 -4.524265
vt 0.007854 -4.524265
vt -0.010472 -4.524265
vt -0.013090 -4.524265
vt -0.013090 -4.580467
vt -0.010472 -4.580467
vt 0.013090 4.411861
vt 0.013090 4.468063
vt 0.010472 4.468063
vt 0.010472 4.411861
vt 0.013090 4.524265
vt 0.010472 4.524265
vt -0.002618 -4.749073
vt -0.005236 -4.749073
vt -0.007854 4.692871
vt -0.005236 4.692871
vt -0.005236 -4.805275
vt -0.002618 -4.805275
vt -0.010472 4.861477
vt -0.010472 4.917679
vt -0.013090 4.917679
vt -0.013090 4.861477
vt 0.010472 4.917679
vt 0.010472 4.973881
vt 0.007854 4.973881
vt 0.007854 4.917679
vt -0.005236 4.973881
vt -0.007854 5.030083
vt -0.007854 4.973881
vt 0.002618 5.198689
vt 0.002618 5.142487
vt 0.005236 5.142487
vt 0.005236 5.198689
vt -0.005236 -5.198689
vt -0.002618 -5.198689
vt 0.013090 5.367296
vt 0.013090 5.423498
vt 0.010472 5.423498
vt 0.010472 5.367296
vt -0.010472 -5.367296
vt -0.010472 -5.423498
vt -0.007854 -5.423498
vt -0.007854 -5.367296
vt 0.007854 -5.423498
vt 0.007854 -5.479700
vt 0.010472 -5.479700
vt 0.010472 -5.423498
vt 0.005236 -5.592104
vt 0.002618 -5.592104
vt 0.002618 -5.648306
vt -0.010472 -1.095940
vt -0.010472 -1.039738
vt -0.013090 -1.039738
vt -0.013090 -1.095940
vt -0.010472 5.873114
vt -0.013090 5.873114
vt 0.010472 -5.873114
vt 0.007854 -5.873114
vt 0.005236 6.041720
vt 0.002618 6.041720
vt 0.007854 5.985518
vt 0.007854 6.041720
vt 0.007854 -0.983536
vt -0.010472 -6.266528
vt -0.013090 -6.266528
vt -0.002618 6.435135
vt -0.005236 -6.491337
vt -0.005236 -6.435135
vt 0.010472 6.603741
vt 0.010472 6.547539
vt 0.013090 6.547539
vt 0.013090 6.603741
vt 0.013090 6.659943
vt 0.013090 6.716145
vt 0.010472 6.716145
vt 0.010472 6.659943
vt -0.010472 -6.716145
vt -0.013090 -6.716145
vt 0.007854 6.772347
vt 0.007854 6.716145
vt 0.010472 6.772347
vt 0.005236 6.884751
vt 0.005236 6.940953
vt 0.002618 6.940953
vt 0.002618 6.884751
vt -0.005236 6.940953
vt -0.007854 6.940953
vt -0.002618 -6.940953
vt 0.007854 7.109559
vt 0.007854 7.053357
vt 0.010472 7.053357
vt 0.010472 7.109559
vt -0.007854 7.109559
vt -0.010472 -7.165761
vt -0.010472 -7.109559
vt -0.013090 -7.109559
vt -0.013090 -7.165761
vt -0.010472 -4.636669
vt -0.013090 -4.636669
vt -0.007854 -7.165761
vt 0.002618 -7.334367
vt 0.002618 -7.390569
vt 0.002618 7.446771
vt 0.002618 7.390569
vt 0.005236 7.390569
vt -0.013090 -7.502973
vt -0.013090 -7.559176
vt -0.010472 -7.559176
vt -0.010472 -7.502973
vt -0.007854 7.502973
vt -0.007854 7.559176
vt 0.010472 7.559176
vt 0.010472 7.615378
vt 0.007854 7.615378
vt 0.007854 7.559176
vt -0.013090 -7.615378
vt -0.010472 -7.615378
vt -0.013090 -7.671580
vt -0.010472 -7.671580
vt -0.010472 -0.421515
vt -0.010472 -0.477717
vt 0.005236 7.783984
vt 0.005236 7.840186
vt 0.002618 7.840186
vt 0.002618 7.783984
vt -0.002618 -7.727782
vt -0.007854 -7.783984
vt -0.013090 7.952590
vt -0.013090 7.896388
vt -0.010472 7.896388
vt -0.010472 7.952590
vt 0.013090 7.952590
vt 0.013090 8.008792
vt 0.010472 8.008792
vt 0.010472 7.952590
vt 0.007854 8.008792
vt -0.005236 8.064994
vt -0.005236 8.121196
vt -0.007854 8.121196
vt -0.007854 8.064994
vt 0.005236 -2.725799
vt 0.002618 -2.725799
vt 0.002618 -2.782001
vt 0.005236 -2.782001
vt -0.007854 -8.233600
vt -0.013090 -8.008792
vt -0.013090 -8.064994
vt -0.010472 -8.064994
vt -0.010472 8.064994
vt -0.013090 8.064994
vt -0.005236 -8.289802
vt -0.002618 -8.289802
vt -0.007854 8.627014
vt -0.007854 8.683217
vt -0.013090 -8.458408
vt -0.013090 -8.514610
vt -0.010472 -8.514610
vt -0.007854 -8.570812
vt -0.007854 -8.514610
vt 0.005236 8.683217
vt 0.005236 8.739419
vt 0.002618 8.739419
vt 0.002618 8.683217
vt -0.010472 9.020429
vt -0.013090 9.020429
vt 0.010472 -0.028101
vt 0.010472 0.028101
vt 0.005236 -8.458408
vt 0.005236 -8.514610
vt 0.007854 -8.514610
vt 0.007854 -8.458408
vt -0.010472 0.028101
vt -0.010472 0.084303
vt -0.013090 0.084303
vt -0.013090 0.028101
vt 0.010472 0.421515
vt 0.007854 0.421515
vt 0.007854 -0.533919
vt 0.007854 -0.477717
vt 0.005236 -0.477717
vt 0.005236 -0.533919
vt -0.010472 -0.365313
vt -0.013090 -0.365313
vt -0.013090 -0.421515
vt -0.013090 -0.309111
vt -0.010472 -0.309111
vt 0.010472 -0.871132
vt 0.010472 -0.814930
vt 0.007854 -0.814930
vt 0.007854 -0.871132
vt -0.005236 0.927334
vt -0.005236 -0.983536
vt -0.005236 -0.927334
vt -0.007854 -0.927334
vt -0.007854 -0.983536
vt -0.010472 -0.814930
vt -0.013090 -0.814930
vt -0.013090 -0.758728
vt -0.010472 -0.758728
vt -0.007854 -1.376950
vt -0.007854 -1.320748
vt -0.010472 -1.376950
vt 0.010472 1.264546
vt 0.007854 1.264546
vt 0.007854 -1.376950
vt 0.007854 -1.320748
vt -0.005236 -1.433152
vt -0.005236 -1.376950
vt -0.007854 -1.433152
vt 0.013090 1.264546
vt -0.010472 1.208344
vt -0.013090 1.264546
vt -0.013090 1.208344
vt -0.007854 -1.826567
vt 0.010472 1.714162
vt 0.010472 1.770365
vt 0.007854 1.770365
vt 0.007854 1.714162
vt -0.002618 -1.882769
vt -0.002618 -1.826567
vt -0.005236 -1.826567
vt -0.010472 -1.714162
vt -0.013090 -1.714162
vt -0.013090 -1.657960
vt 0.010472 -2.163779
vt 0.010472 -2.219981
vt 0.013090 -2.219981
vt 0.013090 -2.163779
vt 0.010472 -2.107577
vt 0.013090 -2.107577
vt 0.010472 2.219981
vt 0.007854 2.669597
vt 0.007854 2.613395
vt 0.010472 2.613395
vt 0.010472 2.669597
vt 0.005236 2.725799
vt 0.007854 3.119214
vt 0.010472 3.063012
vt 0.010472 3.119214
vt -0.005236 -3.119214
vt -0.002618 -3.231618
vt -0.002618 -3.175416
vt 0.013090 -3.063012
vt 0.013090 -3.006810
vt -0.002618 3.568830
vt -0.005236 -4.074649
vt -0.005236 -4.018446
vt -0.007854 -4.018446
vt -0.007854 -4.074649
vt -0.002618 -4.074649
vt -0.013090 -3.962244
vt -0.010472 -3.962244
vt -0.010472 -4.355659
vt -0.007854 -4.411861
vt -0.007854 -4.355659
vt -0.007854 -4.299457
vt -0.010472 -4.299457
vt 0.007854 -4.468063
vt 0.007854 -4.411861
vt 0.005236 -4.411861
vt 0.005236 -4.468063
vt -0.005236 4.355659
vt -0.005236 4.411861
vt -0.005236 4.299457
vt -0.007854 4.299457
vt -0.005236 -4.468063
vt -0.002618 -4.524265
vt -0.002618 -4.468063
vt 0.010472 -4.299457
vt 0.010472 -4.355659
vt 0.013090 -4.355659
vt 0.013090 -4.299457
vt -0.007854 -4.917679
vt -0.007854 -4.861477
vt -0.010472 -4.861477
vt -0.010472 -4.917679
vt 0.007854 -4.917679
vt 0.005236 -4.861477
vt -0.005236 -4.973881
vt -0.007854 -4.973881
vt -0.005236 1.545556
vt -0.002618 1.545556
vt 0.013090 -7.559176
vt 0.013090 -7.502973
vt -0.010472 -5.311094
vt 0.007854 -5.254892
vt 0.007854 -5.311094
vt -0.005236 5.367296
vt -0.007854 5.367296
vt -0.010472 -5.254892
vt -0.013090 -5.254892
vt -0.013090 -5.311094
vt 0.010472 -5.198689
vt 0.013090 -5.198689
vt -0.010472 -5.816912
vt -0.007854 5.704508
vt -0.007854 5.760710
vt 0.013090 -5.760710
vt 0.013090 -5.704508
vt 0.010472 -5.704508
vt 0.010472 -5.760710
vt 0.007854 -6.210326
vt 0.007854 -6.266528
vt 0.010472 -6.266528
vt 0.010472 -6.210326
vt 0.007854 6.154124
vt 0.007854 6.097922
vt 0.010472 6.097922
vt 0.010472 6.154124
vt 0.010472 -6.097922
vt 0.010472 -6.041720
vt 0.007854 -6.041720
vt 0.007854 -6.097922
vt -0.005236 -6.210326
vt -0.005236 -6.154124
vt -0.007854 -6.154124
vt -0.007854 -6.210326
vt 0.007854 -2.669597
vt 0.005236 -4.805275
vt 0.002618 -4.805275
vt 0.002618 -4.861477
vt -0.002618 -6.210326
vt -0.002618 -6.154124
vt -0.002618 -6.097922
vt -0.005236 -6.097922
vt -0.002618 6.659943
vt -0.002618 6.716145
vt -0.005236 6.716145
vt -0.005236 6.659943
vt -0.005236 -6.884751
vt -0.002618 -6.884751
vt -0.002618 -6.828549
vt -0.005236 -6.828549
vt -0.007854 -6.828549
vt -0.005236 -6.659943
vt -0.007854 -6.659943
vt 0.007854 6.603741
vt 0.007854 6.547539
vt 0.013090 -6.547539
vt -0.005236 -7.109559
vt -0.007854 -7.053357
vt -0.007854 -7.109559
vt -0.010472 -6.997155
vt -0.010472 -7.053357
vt 0.005236 -7.502973
vt 0.005236 -7.559176
vt -0.010472 -7.446771
vt -0.010472 -7.390569
vt -0.013090 -7.390569
vt -0.013090 -7.446771
vt 0.007854 7.952590
vt 0.007854 7.896388
vt 0.010472 7.896388
vt -0.010472 -7.840186
vt -0.013090 -7.840186
vt -0.013090 -7.896388
vt -0.010472 -7.896388
vt 0.007854 -2.894406
vt 0.005236 -2.894406
vt -0.005236 -8.570812
vt -0.005236 -8.514610
vt -0.013090 -8.402206
vt -0.010472 -8.964227
vt -0.007854 -8.964227
vt 0.010472 -8.458408
vt 0.007854 5.142487
vt 0.007854 5.198689
vt 0.002618 -8.964227
vt 0.002618 -9.020429
vt 0.005236 -9.020429
vt 0.005236 -8.964227
vt -0.010472 -3.793638
vt -0.013090 -3.793638
vt -0.013090 -8.964227
vt 0.010472 -8.514610
vt -0.005236 8.402206
vt -0.005236 8.346004
vt -0.002618 8.346004
vt -0.002618 8.402206
vt -0.010472 8.570812
vt -0.013090 8.570812
vt -0.007854 8.008792
vt -0.010472 8.008792
vt -0.005236 7.952590
vt -0.005236 8.008792
vt -0.007854 7.952590
vt -0.005236 7.896388
vt -0.002618 7.896388
vt -0.002618 7.952590
vt 0.002618 -7.615378
vt 0.005236 -7.615378
vt 0.013090 7.053357
vt 0.013090 7.109559
vt 0.005236 5.030083
vt 0.005236 4.973881
vt 0.005236 3.793638
vt 0.005236 3.849840
vt 0.002618 3.849840
vt 0.002618 3.793638
vt 0.010472 -7.278165
vt -0.005236 7.278165
vt -0.007854 7.278165
vt 0.005236 7.221963
vt 0.005236 7.278165
vt 0.002618 7.278165
vt 0.002618 7.221963
vt -0.007854 -6.716145
vt -0.010472 -6.659943
vt -0.007854 6.772347
vt -0.010472 6.828549
vt -0.010472 6.772347
vt 0.007854 -4.018446
vt 0.010472 -4.018446
vt -0.013090 6.772347
vt -0.013090 6.828549
vt 0.005236 6.210326
vt 0.005236 6.266528
vt 0.002618 6.266528
vt 0.002618 6.210326
vt -0.010472 6.435135
vt -0.013090 6.435135
vt -0.007854 5.816912
vt -0.007854 5.311094
vt 0.010472 -5.367296
vt 0.007854 -5.367296
vt 0.013090 -5.423498
vt 0.013090 -5.367296
vt -0.010472 4.973881
vt -0.013090 4.973881
vt -0.010472 5.030083
vt -0.013090 5.030083
vt -0.007854 4.468063
vt -0.007854 4.524265
vt -0.010472 4.524265
vt -0.010472 4.468063
vt -0.005236 4.468063
vt -0.007854 3.962244
vt -0.007854 4.018446
vt 0.007854 -4.074649
vt -0.013090 4.074649
vt 0.007854 -3.512628
vt 0.007854 -3.568830
vt 0.010472 -3.568830
vt 0.010472 -3.512628
vt 0.010472 -3.625032
vt 0.013090 -3.625032
vt 0.013090 -3.568830
vt 0.010472 -3.119214
vt -0.010472 3.175416
vt -0.013090 3.175416
vt 0.007854 -2.725799
vt -0.007854 2.669597
vt -0.005236 2.669597
vt -0.010472 2.782001
vt -0.013090 2.782001
vt -0.013090 2.725799
vt -0.010472 2.725799
vt -0.007854 2.219981
vt -0.007854 2.276183
vt 0.013090 1.826567
vt 0.013090 1.882769
vt 0.010472 1.882769
vt 0.010472 1.826567
vt 0.010472 -1.376950
vt 0.010472 -1.320748
vt 0.005236 1.264546
vt -0.013090 0.533919
vt 0.005236 -0.702526
vt 0.002618 -0.702526
vt 0.007854 -0.702526
vt 0.007854 -0.758728
vt 0.010472 -0.758728
vt 0.010472 -0.702526
vt 0.010472 1.208344
vt 0.013090 1.208344
vt 0.005236 5.311094
vt 0.005236 5.367296
vt 0.002618 5.367296
vt 0.002618 5.311094
vt 0.007854 -1.601758
vt 0.007854 -1.657960
vt 0.010472 -1.657960
vt 0.010472 -1.601758
vt 0.005236 -2.051375
vt 0.002618 -2.051375
vt 0.002618 -2.107577
vt 0.005236 -2.107577
vt -0.005236 2.051375
vt -0.005236 2.107577
vt 0.010472 -2.051375
vt 0.007854 -2.051375
vt 0.007854 -2.107577
vt 0.013090 -2.051375
vt 0.005236 -2.500991
vt 0.005236 -2.444789
vt 0.002618 -2.444789
vt 0.002618 -2.500991
vt -0.005236 -2.444789
vt 0.007854 2.444789
vt 0.010472 2.444789
vt -0.005236 2.894406
vt -0.002618 2.894406
vt 0.010472 -2.950608
vt 0.002618 -3.344022
vt 0.002618 -3.400224
vt -0.005236 3.344022
vt -0.005236 3.400224
vt 0.010472 -3.344022
vt -0.013090 -4.299457
vt -0.013090 -4.355659
vt 0.005236 0.702526
vt 0.005236 0.758728
vt 0.002618 0.758728
vt 0.002618 0.702526
vt 0.013090 7.502973
vt 0.013090 7.559176
vt 0.010472 7.502973
vt 0.010472 -4.749073
vt 0.010472 -4.692871
vt 0.007854 -4.692871
vt 0.007854 -4.749073
vt 0.007854 1.657960
vt 0.005236 1.714162
vt 0.002618 -4.580467
vt 0.002618 -4.636669
vt 0.007854 6.940953
vt 0.007854 6.997155
vt 0.005236 6.997155
vt -0.005236 5.198689
vt -0.002618 5.142487
vt -0.002618 5.198689
vt -0.005236 -5.648306
vt 0.007854 5.592104
vt -0.007854 5.648306
vt 0.002618 -7.559176
vt -0.002618 5.535902
vt -0.002618 5.592104
vt -0.005236 -6.041720
vt -0.007854 -6.097922
vt 0.005236 -6.041720
vt 0.002618 -5.985518
vt 0.002618 -6.041720
vt 0.007854 -6.491337
vt 0.005236 -6.491337
vt -0.002618 -6.491337
vt -0.002618 -6.435135
vt 0.002618 -6.884751
vt 0.002618 -6.940953
vt -0.013090 7.446771
vt -0.005236 8.177398
vt -0.007854 8.177398
vt -0.005236 8.683217
vt 0.005236 -8.627014
vt 0.002618 -8.627014
vt 0.005236 -8.570812
vt 0.002618 -8.570812
vt -0.005236 -8.739419
vt -0.005236 -8.683217
vt -0.007854 -8.683217
vt -0.007854 -8.739419
vt -0.002618 -8.739419
vt -0.005236 -8.346004
vt -0.002618 -8.346004
vt -0.010472 -7.727782
vt -0.010472 -7.783984
vt -0.010472 -6.097922
vt -0.013090 -6.041720
vt -0.013090 -6.097922
vt -0.013090 -4.243255
vt -0.013090 -4.187053
vt -0.005236 -0.814930
vt -0.002618 -0.814930
vt -0.002618 -0.758728
vt 0.005236 5.873114
vt 0.002618 5.873114
vt -0.010472 -5.873114
vt -0.013090 -5.873114
vt -0.013090 -5.929316
vt -0.002618 -5.592104
vt -0.002618 -5.535902
vt -0.005236 -5.592104
vt 0.010472 5.592104
vt -0.010472 -5.479700
vt -0.013090 -5.423498
vt -0.013090 -5.479700
vt -0.005236 -5.142487
vt -0.002618 -5.142487
vt -0.002618 -5.086285
vt 0.005236 -5.142487
vt 0.007854 -5.142487
vt -0.010472 -4.973881
vt -0.013090 -4.973881
vt -0.005236 4.636669
vt -0.002618 -3.793638
vt -0.005236 -3.793638
vt 0.010472 3.344022
vt 0.010472 3.287820
vt 0.013090 3.287820
vt 0.013090 3.344022
vt -0.013090 -3.175416
vt -0.002618 4.917679
vt -0.005236 4.917679
vt 0.010472 2.894406
vt 0.010472 2.838203
vt 0.013090 2.838203
vt 0.013090 2.894406
vt -0.005236 -2.051375
vt -0.007854 -2.051375
vt 0.002618 1.995173
vt 0.002618 1.938971
vt 0.005236 1.938971
vt 0.005236 1.995173
vt -0.010472 -1.995173
vt -0.013090 -1.995173
vt -0.005236 -1.545556
vt -0.002618 -1.601758
vt -0.002618 -1.545556
vt -0.007854 -1.545556
vt -0.002618 -1.152142
vt -0.007854 -1.095940
vt 0.007854 1.095940
vt 0.002618 0.646324
vt 0.002618 0.590122
vt 0.005236 0.590122
vt 0.005236 0.646324
vt -0.005236 -0.646324
vt -0.005236 -0.590122
vt -0.007854 -0.590122
vt -0.007854 -0.646324
vt 0.007854 0.646324
vt 0.007854 0.590122
vt -0.013090 0.590122
vt -0.002618 -0.196707
vt -0.002618 -0.140505
vt -0.007854 0.196707
vt -0.007854 0.140505
vt -0.005236 0.140505
vt -0.005236 0.196707
vt 0.010472 0.196707
vt 0.010472 0.252909
vt 0.007854 0.252909
vt 0.007854 0.196707
vt 0.010472 -0.140505
vt 0.007854 -0.140505
vt 0.007854 -0.196707
vt -0.010472 0.140505
vt -0.010472 0.196707
vt -0.013090 0.196707
vt -0.013090 0.140505
vt 0.005236 -0.196707
vt 0.005236 -0.140505
vt 0.002618 -0.140505
vt 0.002618 -0.196707
vt 0.002618 0.927334
vt 0.002618 0.871132
vt 0.005236 0.871132
vt 0.007854 -0.252909
vt 0.002618 -0.646324
vt 0.005236 -0.646324
vt -0.005236 0.646324
vt -0.005236 0.702526
vt -0.007854 0.702526
vt 0.007854 -0.646324
vt 0.010472 -0.646324
vt -0.002618 1.095940
vt -0.002618 1.152142
vt -0.005236 1.152142
vt -0.005236 1.095940
vt 0.005236 -2.557193
vt -0.007854 1.095940
vt -0.007854 1.152142
vt 0.002618 -1.545556
vt 0.005236 -1.545556
vt -0.007854 1.545556
vt -0.007854 1.601758
vt 0.002618 -7.165761
vt 0.002618 -7.221963
vt 0.005236 -7.165761
vt -0.002618 2.051375
vt -0.010472 -2.051375
vt -0.002618 -2.838203
vt -0.002618 -2.782001
vt 0.007854 2.838203
vt 0.007854 2.894406
vt 0.005236 2.894406
vt 0.005236 2.838203
vt -0.002618 -3.287820
vt 0.002618 2.950608
vt 0.005236 2.950608
vt -0.010472 6.884751
vt -0.013090 6.884751
vt -0.010472 7.334367
vt -0.013090 7.334367
vt -0.013090 7.278165
vt -0.010472 7.278165
vt 0.010472 -7.334367
vt -0.002618 7.278165
vt 0.013090 -7.952590
vt 0.010472 -7.952590
vt 0.013090 -8.795621
vt 0.010472 -8.795621
vt 0.020000 -0.457102
vt -0.020000 -0.457102
vt 0.020000 8.684933
vt 0.020000 9.142034
vt -0.020000 9.142034
vt -0.020000 8.684933
vt 0.020000 3.656814
vt 0.020000 4.113915
vt -0.020000 4.113915
vt -0.020000 3.656814
vt 0.020000 3.199712
vt -0.020000 3.199712
vt 0.075000 -1.706842
vt 0.200000 -1.706842
vt 0.020000 -5.028119
vt -0.020000 -5.028119
vt 0.075000 1.706842
vt 0.075000 1.280132
vt 0.200000 1.280132
vt 0.200000 1.706842
vt 0.075000 6.400658
vt 0.075000 5.973948
vt 0.200000 5.973948
vt 0.200000 6.400658
vt 0.075000 5.547237
vt 0.200000 5.547237
vt -0.005236 0.084303
vt -0.002618 0.084303
vt -0.002618 0.140505
vt -0.007854 0.084303
vt 0.013090 0.028101
vt 0.013090 -0.028101
vt 0.007854 0.140505
vt 0.007854 0.084303
vt -0.002618 0.196707
vt -0.002618 0.252909
vt -0.005236 0.252909
vt -0.002618 -0.365313
vt -0.002618 -0.309111
vt 0.013090 0.309111
vt 0.013090 0.365313
vt 0.013090 0.421515
vt 0.013090 0.477717
vt -0.007854 -0.533919
vt -0.002618 -0.646324
vt -0.002618 -0.590122
vt -0.002618 -0.702526
vt 0.005236 0.814930
vt 0.002618 0.814930
vt 0.007854 0.758728
vt 0.007854 0.814930
vt 0.013090 -0.871132
vt 0.010472 -0.927334
vt 0.013090 -0.927334
vt 0.013090 0.927334
vt 0.013090 0.983536
vt 0.010472 0.983536
vt 0.010472 0.927334
vt -0.010472 -0.983536
vt -0.007854 -1.039738
vt 0.005236 6.322730
vt 0.007854 6.266528
vt 0.007854 6.322730
vt 0.007854 1.039738
vt 0.005236 1.095940
vt 0.005236 1.039738
vt 0.002618 1.095940
vt 0.002618 1.039738
vt -0.002618 -1.264546
vt -0.002618 -1.208344
vt -0.010472 -1.433152
vt -0.013090 -1.376950
vt -0.013090 -1.433152
vt 0.005236 1.433152
vt 0.005236 1.489354
vt 0.005236 1.545556
vt -0.002618 -1.489354
vt -0.005236 -1.489354
vt -0.002618 -1.657960
vt 0.010472 1.657960
vt 0.013090 1.657960
vt 0.013090 1.714162
vt 0.013090 1.770365
vt -0.013090 -4.917679
vt 0.007854 1.882769
vt 0.007854 1.826567
vt 0.010472 1.938971
vt 0.007854 1.938971
vt 0.005236 1.882769
vt 0.007854 1.995173
vt 0.005236 -1.995173
vt 0.005236 -1.938971
vt 0.002618 -1.938971
vt 0.002618 -1.995173
vt -0.002618 -2.051375
vt -0.002618 -1.995173
vt 0.005236 2.107577
vt 0.005236 2.163779
vt 0.002618 2.163779
vt 0.002618 2.107577
vt -0.005236 -7.165761
vt 0.013090 2.219981
vt 0.013090 2.276183
vt 0.013090 2.332385
vt -0.007854 -2.276183
vt -0.010472 -2.276183
vt 0.007854 2.388587
vt 0.005236 2.388587
vt -0.007854 -8.346004
vt -0.002618 -2.444789
vt -0.002618 -2.388587
vt -0.002618 2.444789
vt -0.002618 2.500991
vt -0.005236 -2.613395
vt -0.002618 -2.613395
vt 0.013090 2.557193
vt 0.013090 2.613395
vt 0.013090 2.782001
vt 0.013090 2.725799
vt 0.005236 2.782001
vt -0.005236 2.838203
vt 0.002618 2.894406
vt 0.002618 2.838203
vt -0.005236 -3.006810
vt -0.005236 -3.063012
vt -0.002618 -3.063012
vt -0.002618 -3.006810
vt -0.007854 -3.006810
vt -0.007854 -3.063012
vt -0.013090 -3.006810
vt -0.013090 -3.063012
vt -0.010472 -3.063012
vt -0.010472 -3.006810
vt 0.010472 3.175416
vt 0.013090 3.119214
vt 0.013090 3.175416
vt 0.013090 3.231618
vt 0.010472 3.231618
vt -0.007854 -4.468063
vt 0.005236 3.231618
vt 0.007854 3.231618
vt 0.007854 3.287820
vt 0.005236 3.287820
vt 0.007854 3.344022
vt 0.005236 3.344022
vt -0.002618 -3.344022
vt -0.005236 -3.344022
vt 0.002618 -7.109559
vt 0.005236 -7.109559
vt 0.005236 -3.456426
vt 0.005236 -3.512628
vt -0.010472 -3.456426
vt -0.007854 -3.456426
vt -0.013090 -3.456426
vt -0.013090 -3.512628
vt 0.013090 -4.973881
vt 0.010472 -4.973881
vt 0.010472 -5.030083
vt 0.013090 -5.030083
vt -0.010472 3.681234
vt -0.013090 3.681234
vt -0.013090 3.625032
vt -0.010472 3.625032
vt 0.007854 -3.625032
vt 0.010472 3.681234
vt 0.010472 3.737436
vt 0.007854 3.737436
vt 0.007854 3.681234
vt 0.005236 -3.681234
vt 0.005236 -3.737436
vt -0.002618 -3.737436
vt 0.005236 3.906042
vt 0.002618 3.962244
vt 0.002618 3.906042
vt 0.007854 3.906042
vt 0.013090 4.018446
vt 0.013090 4.074649
vt 0.010472 4.074649
vt 0.010472 4.018446
vt -0.013090 -2.332385
vt -0.013090 -2.388587
vt -0.010472 -4.074649
vt -0.010472 -4.130851
vt 0.010472 4.130851
vt 0.007854 4.355659
vt 0.010472 4.355659
vt 0.010472 -4.468063
vt 0.013090 -4.524265
vt 0.013090 -4.468063
vt 0.013090 4.580467
vt 0.010472 4.580467
vt 0.007854 4.580467
vt 0.007854 4.636669
vt 0.005236 4.636669
vt 0.005236 4.580467
vt 0.005236 -4.692871
vt 0.005236 4.692871
vt 0.002618 4.692871
vt 0.002618 4.636669
vt 0.005236 -4.749073
vt 0.002618 -4.692871
vt 0.002618 -4.749073
vt -0.007854 -4.805275
vt 0.013090 4.917679
vt 0.013090 4.973881
vt 0.013090 5.030083
vt -0.007854 1.376950
vt 0.005236 5.086285
vt 0.010472 5.311094
vt 0.007854 5.311094
vt 0.007854 5.254892
vt -0.010472 5.254892
vt -0.013090 5.254892
vt -0.013090 -5.367296
vt 0.002618 -3.737436
vt 0.002618 -3.793638
vt 0.007854 5.760710
vt -0.007854 7.783984
vt -0.010472 7.783984
vt 0.010472 5.873114
vt 0.010472 5.816912
vt 0.013090 5.816912
vt 0.013090 5.873114
vt -0.010472 5.929316
vt -0.013090 5.929316
vt -0.005236 5.985518
vt -0.005236 6.041720
vt -0.007854 6.041720
vt -0.007854 5.985518
vt -0.002618 -6.041720
vt -0.002618 -5.985518
vt -0.005236 -5.985518
vt -0.010472 6.210326
vt 0.010472 6.210326
vt 0.013090 6.154124
vt 0.013090 6.210326
vt 0.005236 6.435135
vt 0.007854 6.491337
vt 0.005236 6.491337
vt 0.002618 6.547539
vt 0.002618 6.491337
vt 0.005236 6.547539
vt -0.007854 6.659943
vt -0.010472 -6.603741
vt -0.013090 -6.603741
vt -0.013090 -6.659943
vt 0.007854 6.884751
vt -0.002618 -7.109559
vt 0.010472 7.221963
vt 0.010472 7.165761
vt 0.013090 7.165761
vt 0.013090 7.221963
vt 0.010472 7.278165
vt 0.013090 7.278165
vt 0.007854 -6.435135
vt 0.007854 7.278165
vt 0.007854 7.334367
vt 0.005236 7.334367
vt -0.007854 7.334367
vt -0.005236 -7.334367
vt -0.002618 -7.390569
vt -0.002618 -7.334367
vt -0.007854 -7.559176
vt 0.013090 -7.671580
vt 0.013090 -7.615378
vt 0.007854 -7.727782
vt 0.005236 -7.783984
vt 0.005236 8.008792
vt -0.013090 8.008792
vt 0.013090 8.121196
vt 0.013090 8.177398
vt 0.010472 8.177398
vt 0.007854 3.793638
vt 0.007854 3.849840
vt -0.007854 -8.289802
vt -0.002618 8.233600
vt -0.002618 8.289802
vt 0.002618 8.289802
vt 0.005236 8.458408
vt 0.002618 8.458408
vt 0.007854 8.402206
vt 0.007854 8.458408
vt -0.013090 -4.861477
vt 0.013090 8.514610
vt 0.013090 8.570812
vt 0.010472 8.570812
vt 0.010472 8.514610
vt 0.007854 8.683217
vt 0.007854 8.739419
vt -0.002618 -8.683217
vt 0.007854 8.851823
vt 0.007854 8.908025
vt 0.005236 8.908025
vt 0.005236 8.851823
vt 0.013090 8.964227
vt 0.013090 9.020429
vt 0.010472 9.020429
vt 0.010472 8.964227
vt -0.007854 -9.132833
vt -0.007854 -9.076631
vt -0.010472 -9.132833
vt 0.007854 9.076631
vt 0.007854 9.132833
vt -0.002618 8.908025
vt -0.002618 8.964227
vt -0.013090 -8.795621
vt -0.010472 -8.795621
vt 0.013090 -8.739419
vt 0.002618 8.627014
vt 0.005236 8.627014
vt -0.002618 -8.514610
vt -0.002618 -8.458408
vt 0.013090 -8.402206
vt 0.013090 -8.346004
vt 0.007854 8.233600
vt 0.005236 8.233600
vt 0.007854 -8.177398
vt 0.005236 -8.233600
vt 0.007854 -8.008792
vt 0.007854 -7.952590
vt 0.010472 -8.008792
vt 0.013090 -8.008792
vt -0.007854 7.840186
vt -0.010472 7.840186
vt -0.002618 7.671580
vt -0.005236 7.671580
vt -0.005236 -7.559176
vt 0.013090 4.749073
vt 0.013090 4.805275
vt 0.010472 4.805275
vt 0.010472 4.749073
vt 0.010472 -7.390569
vt 0.010472 -7.446771
vt 0.013090 -7.446771
vt 0.013090 -7.390569
vt 0.013090 -5.479700
vt 0.010472 7.334367
vt 0.010472 7.390569
vt 0.007854 7.390569
vt 0.005236 -3.175416
vt 0.002618 -3.175416
vt -0.002618 7.053357
vt -0.010472 7.109559
vt -0.013090 7.109559
vt -0.013090 -6.940953
vt -0.013090 -6.997155
vt 0.013090 -6.940953
vt 0.013090 -6.884751
vt 0.010472 -6.884751
vt 0.010472 -6.828549
vt 0.007854 -6.828549
vt 0.007854 6.828549
vt 0.005236 6.828549
vt 0.007854 -6.772347
vt -0.005236 6.772347
vt -0.002618 6.772347
vt -0.002618 6.603741
vt -0.010472 5.086285
vt -0.013090 6.491337
vt 0.007854 -6.378933
vt 0.005236 -6.378933
vt 0.005236 -6.435135
vt 0.007854 -6.322730
vt -0.005236 6.322730
vt -0.002618 6.266528
vt -0.002618 6.322730
vt 0.005236 -6.154124
vt 0.002618 -6.154124
vt 0.002618 -6.210326
vt 0.005236 -6.210326
vt 0.007854 -6.154124
vt 0.013090 -6.041720
vt 0.007854 5.929316
vt 0.005236 -5.873114
vt -0.005236 5.816912
vt -0.002618 5.816912
vt -0.005236 5.760710
vt -0.005236 5.704508
vt -0.002618 5.704508
vt -0.002618 5.760710
vt 0.010472 5.760710
vt 0.013090 5.704508
vt 0.013090 5.760710
vt -0.013090 -0.646324
vt -0.013090 -0.702526
vt -0.010472 -0.702526
vt -0.010472 -0.646324
vt 0.005236 5.535902
vt 0.005236 5.479700
vt 0.005236 5.254892
vt -0.007854 5.254892
vt 0.013090 -5.142487
vt 0.010472 -5.142487
vt -0.013090 5.142487
vt -0.013090 5.086285
vt 0.010472 -5.086285
vt -0.002618 4.973881
vt -0.013090 4.805275
vt 0.013090 -4.749073
vt 0.013090 -4.692871
vt 0.002618 4.580467
vt 0.002618 4.524265
vt -0.002618 4.468063
vt 0.005236 -4.355659
vt 0.002618 -4.355659
vt 0.002618 -4.411861
vt 0.007854 -4.355659
vt 0.010472 -4.411861
vt 0.013090 4.355659
vt 0.013090 -4.243255
vt 0.010472 -4.243255
vt 0.010472 -4.187053
vt 0.007854 -4.130851
vt 0.007854 -4.187053
vt 0.005236 4.187053
vt 0.005236 -4.074649
vt 0.005236 -4.130851
vt 0.005236 -4.018446
vt 0.002618 -4.018446
vt 0.002618 -4.074649
vt -0.007854 -3.962244
vt -0.005236 -3.962244
vt 0.013090 3.906042
vt 0.013090 3.962244
vt 0.010472 3.962244
vt 0.010472 3.906042
vt 0.010472 3.849840
vt 0.010472 3.793638
vt 0.013090 3.793638
vt 0.013090 3.849840
vt -0.002618 3.681234
vt -0.002618 3.625032
vt 0.002618 -3.456426
vt 0.002618 -3.512628
vt 0.013090 3.456426
vt 0.013090 3.512628
vt 0.010472 3.512628
vt 0.010472 3.456426
vt 0.013090 -3.344022
vt 0.013090 -3.287820
vt 0.002618 -3.119214
vt 0.013090 3.006810
vt 0.013090 3.063012
vt 0.010472 3.006810
vt -0.010472 -2.950608
vt -0.010472 -2.894406
vt -0.013090 -2.894406
vt -0.013090 -2.950608
vt 0.007854 -2.838203
vt -0.007854 2.782001
vt 0.007854 -2.782001
vt -0.002618 -2.725799
vt -0.002618 -2.669597
vt -0.002618 2.557193
vt -0.002618 2.613395
vt 0.013090 -2.500991
vt 0.013090 -2.444789
vt 0.013090 -2.388587
vt 0.010472 2.388587
vt -0.007854 2.332385
vt 0.005236 -2.276183
vt 0.002618 2.332385
vt 0.005236 -2.219981
vt 0.002618 -2.219981
vt 0.002618 -2.276183
vt 0.007854 -2.163779
vt 0.005236 -2.163779
vt -0.013090 -2.107577
vt -0.013090 -2.163779
vt 0.013090 -1.995173
vt 0.010472 -1.995173
vt 0.013090 -1.938971
vt -0.010472 1.938971
vt 0.002618 -1.826567
vt 0.002618 -1.882769
vt 0.005236 -1.882769
vt 0.005236 -1.826567
vt 0.013090 1.545556
vt 0.013090 1.601758
vt 0.010472 1.601758
vt 0.013090 -1.545556
vt 0.013090 -1.489354
vt -0.007854 -6.378933
vt -0.005236 1.376950
vt -0.002618 1.376950
vt -0.002618 1.208344
vt 0.007854 -4.243255
vt 0.007854 -4.299457
vt -0.013090 2.894406
vt -0.013090 2.838203
vt 0.013090 -1.095940
vt 0.013090 -1.039738
vt 0.007854 -0.927334
vt 0.005236 -0.927334
vt -0.002618 0.927334
vt -0.002618 0.983536
vt 0.002618 -0.927334
vt -0.007854 -0.814930
vt 0.013090 -0.814930
vt 0.013090 -0.758728
vt -0.013090 7.221963
vt -0.013090 7.165761
vt 0.007854 -0.590122
vt 0.010472 -0.590122
vt 0.010472 -0.533919
vt 0.005236 -0.590122
vt -0.005236 0.477717
vt -0.002618 0.477717
vt -0.002618 0.533919
vt -0.005236 0.421515
vt -0.002618 0.421515
vt 0.005236 -0.309111
vt 0.005236 -0.365313
vt -0.010472 0.252909
vt -0.013090 0.252909
vt 0.010472 0.140505
vt -0.002618 0.590122
vt -0.002618 1.039738
vt -0.002618 -1.433152
vt 0.002618 3.737436
vt 0.005236 3.737436
vt -0.007854 -3.793638
vt 0.002618 4.299457
vt 0.002618 4.243255
vt 0.005236 4.243255
vt 0.005236 4.299457
vt 0.007854 4.299457
vt -0.010472 4.299457
vt -0.007854 -4.749073
vt -0.005236 -4.411861
vt 0.013090 5.648306
vt -0.002618 5.985518
vt -0.010472 6.041720
vt 0.005236 -8.795621
vt 0.002618 -8.795621
vt 0.007854 -8.795621
vt -0.002618 -8.570812
vt 0.007854 8.514610
vt 0.007854 8.570812
vt 0.005236 8.570812
vt 0.005236 8.514610
vt -0.002618 8.121196
vt -0.002618 8.177398
vt 0.005236 7.671580
vt 0.005236 7.727782
vt 0.002618 7.727782
vt 0.002618 7.671580
vt 0.007854 7.221963
vt 0.005236 6.772347
vt 0.002618 6.828549
vt 0.002618 6.772347
vt -0.002618 -5.929316
vt -0.002618 -5.479700
vt -0.002618 -5.030083
vt -0.005236 3.119214
vt -0.002618 3.119214
vt 0.005236 1.826567
vt -0.002618 2.782001
vt -0.005236 2.782001
vt -0.005236 2.725799
vt -0.002618 2.725799
vt 0.002618 2.725799
vt -0.007854 2.725799
vt -0.002618 -2.332385
vt -0.002618 -2.276183
vt -0.005236 -2.276183
vt -0.005236 2.163779
vt -0.005236 2.219981
vt 0.007854 -2.219981
vt -0.002618 -8.402206
vt -0.002618 1.770365
vt 0.002618 0.983536
vt -0.007854 -0.871132
vt -0.010472 -7.334367
vt -0.013090 -7.334367
vt 0.005236 0.533919
vt 0.005236 0.477717
vt 0.007854 -0.084303
vt -0.007854 0.028101
vt -0.010472 -0.028101
vt 0.010472 -0.084303
vt 0.013090 -0.084303
vt 0.013090 -0.140505
vt 0.010472 -0.983536
vt 0.013090 -0.983536
vt 0.010472 -1.433152
vt 0.013090 -1.433152
vt 0.013090 1.938971
vt 0.013090 -4.187053
vt 0.013090 -4.636669
vt 0.013090 -4.580467
vt 0.013090 7.615378
vt 0.013090 7.671580
vt 0.010472 7.671580
vt -0.007854 7.615378
vt 0.013090 -7.278165
vt 0.013090 6.772347
vt 0.007854 -6.659943
vt 0.007854 -6.716145
vt 0.010472 -6.716145
vt -0.007854 6.716145
vt -0.007854 5.873114
vt 0.010472 -5.535902
vt 0.013090 -5.535902
vt 0.007854 5.367296
vt 0.007854 5.423498
vt 0.005236 5.423498
vt -0.013090 6.210326
vt -0.005236 4.074649
vt 0.013090 -2.782001
vt 0.010472 -2.782001
vt 0.013090 -2.332385
vt -0.002618 2.163779
vt -0.002618 2.219981
vt 0.007854 -1.770365
vt 0.005236 -1.770365
vt 0.002618 -1.770365
vt 0.005236 6.603741
vt 0.002618 6.603741
vt 0.010472 1.039738
vt 0.013090 1.039738
vt -0.005236 -0.871132
vt -0.013090 -5.142487
vt 0.010472 -0.477717
vt 0.005236 0.421515
vt -0.005236 -9.076631
vt -0.002618 -9.076631
vt -0.002618 -9.020429
vt -0.005236 -9.020429
vt -0.002618 9.076631
vt -0.002618 9.132833
vt 0.010472 9.076631
vt 0.010472 9.132833
vt 0.010472 -9.020429
vt 0.007854 -9.020429
vt 0.007854 -9.076631
vt 0.013090 9.076631
vt -0.013090 9.132833
vt -0.013090 9.076631
vt -0.013090 -1.545556
vt -0.013090 -1.601758
vt -0.010472 -1.545556
vt -0.002618 -8.064994
vt 0.005236 8.064994
vt 0.013090 8.064994
vt 0.007854 5.873114
vt 0.010472 6.491337
vt 0.013090 6.435135
vt 0.013090 6.491337
vt 0.002618 6.322730
vt -0.007854 -6.322730
vt -0.007854 -6.266528
vt -0.002618 -4.018446
vt -0.002618 -3.962244
vt -0.010472 -4.018446
vt -0.002618 -3.119214
vt 0.013090 2.444789
vt 0.013090 2.500991
vt -0.010472 -2.500991
vt 0.010472 1.995173
vt 0.013090 1.995173
vt -0.002618 1.714162
vt -0.005236 -1.320748
vt -0.002618 -1.320748
vt 0.010472 -1.152142
vt 0.013090 -1.152142
vt -0.002618 0.814930
vt -0.002618 0.871132
vt -0.002618 2.669597
vt -0.002618 0.028101
vt -0.005236 0.028101
vt 0.010472 8.627014
vt 0.007854 8.627014
vt 0.005236 -0.421515
vt 0.007854 -0.421515
vt 0.005236 0.252909
vt 0.005236 0.196707
vt 0.013090 -7.334367
vt 0.013090 -1.320748
vt 0.005236 -1.264546
vt 0.013090 -1.376950
vt 0.007854 -1.714162
vt -0.013090 -4.018446
vt -0.013090 -4.074649
vt -0.010472 -2.219981
vt -0.013090 -2.219981
vt -0.013090 -2.276183
vt 0.013090 2.388587
vt 0.002618 -2.557193
vt 0.013090 -2.557193
vt -0.013090 -5.648306
vt 0.013090 -3.119214
vt 0.013090 -3.512628
vt -0.013090 -1.489354
vt -0.010472 -1.489354
vt -0.002618 -0.871132
vt -0.013090 -5.816912
vt -0.002618 6.041720
vt -0.002618 6.097922
vt 0.002618 2.782001
vt 0.013090 -6.266528
vt 0.013090 -6.210326
vt 0.002618 -6.491337
vt 0.013090 -6.716145
vt -0.002618 6.940953
vt -0.002618 6.997155
vt 0.005236 7.053357
vt 0.002618 7.053357
vt 0.002618 6.997155
vt 0.013090 -7.109559
vt -0.002618 -8.121196
vt 0.005236 -7.840186
vt 0.002618 -7.783984
vt 0.002618 -7.840186
vt -0.005236 7.840186
vt -0.002618 7.840186
vt 0.005236 -7.896388
vt 0.010472 -8.064994
vt 0.013090 -8.064994
vt 0.005236 -8.289802
vt 0.002618 -8.233600
vt 0.002618 -8.289802
vt 0.005236 -8.346004
vt 0.010472 -8.570812
vt 0.013090 -8.570812
vt 0.013090 -8.514610
vt -0.007854 8.514610
vt -0.007854 8.570812
vt -0.002618 8.683217
vt 0.010472 -0.421515
vt 0.013090 -0.533919
vt 0.013090 -0.477717
vt 0.007854 0.871132
vt -0.005236 1.601758
vt -0.002618 2.107577
vt 0.002618 9.020429
vt 0.002618 8.964227
vt 0.002618 1.882769
vt 0.007854 2.950608
vt 0.005236 -3.568830
vt -0.002618 3.344022
vt -0.002618 3.400224
vt 0.010472 -3.849840
vt 0.013090 -3.906042
vt 0.013090 -3.849840
vt 0.013090 4.299457
vt 0.010472 4.299457
vt -0.007854 4.243255
vt -0.010472 4.243255
vt 0.013090 -3.737436
vt 0.013090 -3.681234
vt 0.007854 4.692871
vt -0.002618 4.636669
vt 0.007854 -5.198689
vt 0.002618 -5.142487
vt -0.005236 5.648306
vt 0.007854 -5.592104
vt 0.005236 -6.097922
vt 0.010472 -6.154124
vt 0.013090 -7.053357
vt 0.013090 -6.997155
vt -0.005236 7.446771
vt -0.013090 -2.051375
vt 0.002618 -7.278165
vt -0.005236 7.783984
vt -0.007854 7.896388
vt 0.013090 7.896388
vt 0.013090 -8.289802
vt 0.010472 -8.121196
vt 0.013090 -8.121196
vt 0.013090 -8.683217
vt 0.013090 -8.627014
vt 0.013090 8.627014
vt -0.007854 -8.795621
vt 0.007854 8.795621
vt 0.005236 8.795621
vt -0.013090 -0.983536
vt -0.013090 -8.346004
vt -0.010472 -8.346004
vt 0.010472 8.346004
vt 0.010472 8.402206
vt -0.007854 8.458408
vt -0.007854 8.402206
vt 0.010472 7.727782
vt 0.013090 7.727782
vt -0.005236 7.502973
vt 0.010472 7.446771
vt 0.013090 7.390569
vt 0.013090 7.446771
vt -0.013090 -7.053357
vt 0.013090 -6.828549
vt 0.005236 6.154124
vt 0.005236 6.097922
vt 0.010472 4.861477
vt 0.013090 6.097922
vt -0.002618 -5.704508
vt -0.002618 -5.648306
vt 0.013090 5.592104
vt 0.005236 5.816912
vt 0.002618 5.816912
vt 0.007854 5.816912
vt 0.002618 4.805275
vt 0.002618 4.749073
vt 0.005236 4.749073
vt 0.007854 4.749073
vt -0.007854 -4.692871
vt -0.007854 4.917679
vt -0.013090 -0.196707
vt -0.013090 -0.252909
vt -0.010472 -0.252909
vt -0.010472 -0.196707
vt 0.002618 -4.299457
vt 0.005236 -4.299457
vt 0.005236 -4.243255
vt -0.002618 -4.411861
vt -0.013090 4.468063
vt -0.013090 4.411861
vt -0.002618 -3.400224
vt -0.005236 -3.400224
vt 0.005236 3.456426
vt 0.005236 3.400224
vt 0.007854 3.400224
vt 0.007854 3.456426
vt -0.007854 -3.400224
vt -0.007854 -3.344022
vt -0.010472 -3.344022
vt -0.010472 -3.400224
vt 0.010472 3.400224
vt 0.013090 3.400224
vt 0.005236 3.568830
vt 0.002618 3.568830
vt -0.002618 -2.950608
vt 0.013090 -2.950608
vt -0.013090 -3.119214
vt 0.005236 -4.524265
vt 0.002618 -4.468063
vt 0.002618 -4.524265
vt 0.013090 2.163779
vt 0.002618 2.051375
vt 0.005236 2.051375
vt 0.002618 2.388587
vt -0.002618 -1.938971
vt 0.007854 -1.152142
vt 0.005236 -1.152142
vt 0.002618 -1.152142
vt 0.002618 -1.208344
vt 0.005236 -1.208344
vt 0.002618 1.376950
vt 0.002618 1.320748
vt 0.002618 1.433152
vt 0.007854 0.702526
vt -0.002618 0.702526
vt -0.002618 0.758728
vt -0.002618 -0.927334
vt -0.002618 -0.983536
vt -0.002618 2.838203
vt 0.007854 3.175416
vt 0.002618 3.287820
vt 0.002618 3.231618
vt 0.005236 -3.625032
vt 0.002618 -3.625032
vt 0.002618 -3.681234
vt 0.007854 -4.973881
vt 0.005236 -5.423498
vt -0.002618 5.367296
vt -0.002618 5.423498
vt -0.002618 -5.873114
vt -0.002618 -5.816912
vt 0.013090 6.266528
vt 0.010472 6.266528
vt 0.007854 6.210326
vt -0.007854 -6.772347
vt 0.007854 6.659943
vt 0.005236 6.716145
vt 0.005236 6.659943
vt -0.005236 -6.716145
vt -0.005236 -6.772347
vt 0.002618 6.716145
vt 0.002618 6.659943
vt -0.002618 -6.772347
vt -0.002618 -6.716145
vt 0.007854 7.165761
vt 0.005236 7.165761
vt 0.005236 7.109559
vt 0.002618 7.165761
vt 0.002618 7.109559
vt -0.002618 -7.221963
vt -0.002618 -7.165761
vt 0.005236 7.615378
vt 0.002618 7.615378
vt 0.005236 8.121196
vt 0.013090 8.458408
vt 0.010472 8.458408
vt 0.002618 8.570812
vt 0.007854 -8.570812
vt 0.010472 -8.964227
vt 0.013090 -8.964227
vt 0.002618 8.908025
vt -0.010472 8.851823
vt 0.007854 -8.964227
vt 0.013090 8.402206
vt 0.005236 -8.402206
vt 0.007854 -8.064994
vt 0.005236 -8.064994
vt -0.002618 8.008792
vt -0.002618 8.064994
vt 0.002618 -3.568830
vt 0.010472 8.795621
vt 0.010472 8.851823
vt 0.010472 -6.772347
vt 0.010472 6.828549
vt 0.013090 6.828549
vt -0.007854 6.322730
vt -0.007854 6.378933
vt 0.010472 -5.816912
vt 0.013090 -5.873114
vt 0.013090 -5.816912
vt 0.005236 4.917679
vt 0.010472 -4.917679
vt 0.013090 -4.917679
vt -0.013090 0.814930
vt 0.013090 8.795621
vt 0.013090 8.851823
vt 0.013090 -3.175416
vt 0.013090 -3.231618
vt 0.013090 -2.276183
vt -0.010472 1.882769
vt -0.013090 1.882769
vt -0.013090 -8.908025
vt 0.002618 -7.896388
vt -0.005236 3.287820
vt -0.002618 3.287820
vt 0.005236 -2.838203
vt 0.002618 -2.838203
vt 0.002618 -2.894406
vt -0.002618 2.388587
vt 0.007854 -1.995173
vt 0.002618 1.545556
vt 0.002618 1.489354
vt -0.002618 0.646324
vt 0.005236 -0.252909
vt 0.013090 0.140505
vt 0.013090 0.196707
vt 0.005236 0.309111
vt 0.002618 0.309111
vt 0.002618 0.252909
vt 0.013090 -0.646324
vt 0.013090 -0.590122
vt 0.010472 2.950608
vt 0.013090 2.950608
vt 0.010472 -3.793638
vt 0.013090 -3.793638
vt 0.002618 4.187053
vt 0.002618 4.130851
vt -0.002618 -4.580467
vt -0.002618 -4.973881
vt -0.002618 -5.423498
vt -0.005236 -5.423498
vt 0.005236 6.378933
vt -0.005236 6.378933
vt -0.002618 6.378933
vt 0.013090 6.378933
vt -0.002618 -7.278165
vt 0.002618 -8.346004
vt 0.002618 -8.402206
vt 0.002618 8.851823
vt 0.002618 8.795621
vt -0.052147 -7.683919
vt -0.047124 -7.683919
vt -0.047124 -7.231924
vt -0.052147 -7.231924
vt -0.176715 4.985678
vt -0.176715 5.384532
vt -0.196350 5.384532
vt -0.196350 4.985678
vt 2.859358 -0.452878
vt 2.964841 -0.457948
vt 3.000000 -0.000000
vt 2.895000 -0.000000
vt -0.013090 -0.028101
vt 0.013090 -0.702526
vt -0.007854 -9.020429
vt 0.002618 6.435135
vt -0.007854 5.929316
vt -0.010472 5.985518
vt -0.005236 -6.266528
vt 0.002618 -8.458408
vt 0.002618 -8.514610
vt -0.002618 7.727782
vt -0.005236 7.727782
vt 0.002618 6.378933
vt 0.007854 3.512628
vt 0.005236 3.512628
vt 0.002618 -0.421515
vt 0.002618 -0.477717
vt -0.002618 -9.132833
vt -0.005236 -9.132833
vt 0.002618 8.121196
vt 0.002618 8.064994
vt 0.005236 -6.659943
vt 0.002618 -4.130851
vt -0.002618 7.446771
vt -0.002618 7.502973
vt -0.002618 -1.376950
vt 0.002618 4.468063
vt -0.002618 4.074649
vt 0.005236 -9.076631
vt -2.036533 1.585097
vt -1.747859 1.898681
vt -1.835720 1.911186
vt -2.118523 1.591967
vt -1.750000 6.436434
vt -1.750000 5.976688
vt -0.550000 6.206561
vt -0.550000 6.666306
vt 0.075000 4.693816
vt 0.075000 4.267106
vt 0.200000 4.267106
vt 0.200000 4.693816
vt 0.075000 -7.680790
vt 0.075000 -8.107501
vt 0.200000 -8.107501
vt 0.200000 -7.680790
vt -0.200000 0.500000
vt -0.200000 0.000000
vt 0.020000 7.313628
vt -0.020000 7.313628
vt 1.550000 0.614102
vt 1.550000 0.818803
vt 1.050000 0.818803
vt 1.050000 0.614102
vt 0.200505 -0.250000
vt 0.200505 0.250000
vt -0.200505 0.250000
vt -0.200505 -0.250000
vt 0.020000 -9.142034
vt -0.020000 -9.142034
vt 0.075000 -2.560263
vt 0.075000 -2.986974
vt 0.200000 -2.986974
vt 0.200000 -2.560263
vt -2.269656 -1.228276
vt -2.346458 -1.231516
vt -2.118523 -1.591967
vt -2.036533 -1.585097
vt -0.458149 4.218336
vt -0.549779 4.201258
vt -1.305223 -2.561644
vt -0.888424 -2.734287
vt -0.941723 -2.483120
vt -1.327849 -2.299902
vt -0.117810 -7.757204
vt -0.137445 -7.777658
vt -0.117810 -8.176512
vt -0.137445 -8.176512
vt -0.117810 8.176512
vt -0.137445 8.176512
vt -0.137445 7.777658
vt -0.137445 -7.378804
vt -0.137445 -6.979949
vt -0.157080 -6.979949
vt -0.157080 -7.378804
vt -0.366519 9.102725
vt -0.366519 8.658690
vt -0.274889 8.658690
vt -0.274889 9.102725
vt -0.176715 -8.176512
vt -0.176715 -7.777658
vt -0.196350 -7.777658
vt -0.196350 -8.176512
vt -0.215984 -7.777658
vt -0.215984 -8.176512
vt -0.215984 7.777658
vt -0.215984 8.176512
vt -0.235619 8.176512
vt -0.235619 7.746169
vt -0.117810 -7.337895
vt -0.117810 -6.918587
vt -0.137445 -6.581095
vt -0.117810 -6.499279
vt -0.137445 -6.182241
vt -0.117810 -6.079970
vt -0.137445 -5.783387
vt -0.117810 -5.660662
vt -0.137445 -5.384532
vt -0.117810 -5.241354
vt -0.137445 -4.985678
vt -0.117810 -4.822046
vt -0.137445 -4.586824
vt -0.117810 -4.402737
vt -0.137445 -4.187970
vt -0.117810 -3.983429
vt -0.137445 -3.789115
vt -0.117810 -3.564121
vt -0.137445 -3.390261
vt -0.117810 -3.144812
vt -0.137445 -2.991407
vt -0.117810 -2.725504
vt -0.137445 -2.592553
vt -0.117810 -2.306196
vt -0.137445 -2.193698
vt -0.117810 -1.886887
vt -0.137445 -1.794844
vt -0.117810 -1.467579
vt -0.137445 -1.395990
vt -0.117810 -1.048271
vt -0.137445 -0.997136
vt -0.117810 -0.628962
vt -0.117810 -0.209654
vt -0.549779 -5.601677
vt -0.549779 -6.068483
vt -0.458149 -5.994477
vt -0.458149 -5.550442
vt -0.137445 0.199427
vt -0.117810 0.209654
vt -0.137445 0.598281
vt -0.157080 -4.187970
vt -0.157080 -0.997136
vt -0.366519 -3.330265
vt -0.366519 -3.774301
vt -0.274889 -3.774301
vt -0.274889 -3.330265
vt -0.176715 -0.997136
vt -0.176715 -1.395990
vt -0.157080 -1.395990
vt -0.196350 -0.997136
vt -0.196350 -1.395990
vt -0.196350 0.997136
vt -0.196350 0.598281
vt -0.176715 0.598281
vt -0.176715 0.997136
vt -0.196350 2.193698
vt -0.196350 2.592553
vt -0.215984 2.592553
vt -0.215984 2.193698
vt -0.196350 7.777658
vt -0.196350 8.176512
vt -0.215984 1.794844
vt -0.235619 2.151714
vt -0.235619 2.582056
vt -0.215984 2.991407
vt -0.215984 -0.997136
vt -0.215984 -1.395990
vt -0.196350 -2.592553
vt -0.196350 -2.991407
vt -0.176715 -2.991407
vt -0.176715 -2.592553
vt -0.157080 5.783387
vt -0.157080 6.182241
vt -0.176715 6.182241
vt -0.176715 5.783387
vt -0.157080 -2.592553
vt -0.157080 -2.991407
vt -0.137445 2.991407
vt -0.137445 2.592553
vt -0.117810 2.725504
vt -0.117810 3.144812
vt -0.117810 0.628962
vt -0.137445 0.997136
vt -0.157080 6.979949
vt -0.157080 7.378804
vt -0.176715 7.378804
vt -0.176715 6.979949
vt -0.196350 -1.794844
vt -0.196350 -2.193698
vt -0.176715 -2.193698
vt -0.176715 -1.794844
vt -0.215984 -2.193698
vt -0.215984 -2.592553
vt -0.117810 1.048271
vt -0.137445 1.395990
vt -0.157080 0.997136
vt -0.157080 0.598281
vt -0.157080 -2.193698
vt -0.157080 -1.794844
vt -0.196350 1.395990
vt -0.176715 1.395990
vt -0.117810 1.467579
vt -0.137445 1.794844
vt -0.137445 2.193698
vt -0.157080 2.592553
vt -0.157080 2.193698
vt -0.366519 -2.886230
vt -0.274889 -2.886230
vt -0.117810 1.886887
vt -0.117810 2.306196
vt -0.137445 3.390261
vt -0.117810 3.564121
vt -0.137445 3.789115
vt -0.117810 3.983429
vt -0.137445 4.187970
vt -0.117810 4.402737
vt -0.137445 4.586824
vt -0.117810 4.822046
vt -0.137445 4.985678
vt -0.117810 5.241354
vt -0.137445 5.384532
vt -0.117810 5.660662
vt -0.137445 5.783387
vt -0.117810 6.079970
vt -0.137445 6.182241
vt -0.117810 6.499279
vt -0.137445 6.581095
vt -0.117810 6.918587
vt -0.137445 6.979949
vt -0.117810 7.337895
vt -0.137445 7.378804
vt -0.117810 7.757204
vt -0.215984 7.378804
vt -0.235619 7.315827
vt -0.215984 6.979949
vt -0.235619 6.885484
vt -0.215984 6.581095
vt -0.235619 6.455141
vt -0.215984 6.182241
vt -0.235619 6.024798
vt -0.215984 5.783387
vt -0.235619 5.594456
vt -0.215984 5.384532
vt -0.235619 5.164113
vt -0.215984 4.985678
vt -0.235619 4.733770
vt -0.215984 4.586824
vt -0.235619 4.303427
vt -0.215984 4.187970
vt -0.235619 3.873085
vt -0.215984 3.789115
vt -0.235619 3.442742
vt -0.215984 3.390261
vt -0.235619 3.012399
vt -0.235619 1.721371
vt -0.215984 1.395990
vt -0.183260 -5.106407
vt -0.183260 -5.550442
vt -0.091630 -5.550442
vt -0.091630 -5.106407
vt -0.196350 -0.598281
vt -0.176715 -0.598281
vt -0.157080 4.985678
vt -0.157080 5.384532
vt -0.157080 -6.581095
vt -0.235619 1.291028
vt -0.215984 0.997136
vt -0.215984 -2.991407
vt -0.274889 -6.438513
vt -0.274889 -6.882548
vt -0.183260 -6.882548
vt -0.183260 -6.438513
vt -0.366519 -0.666053
vt -0.366519 -1.110088
vt -0.274889 -1.110088
vt -0.274889 -0.666053
vt -0.157080 0.199427
vt -0.235619 0.860685
vt -0.215984 0.598281
vt -0.196350 7.378804
vt -0.176715 -7.378804
vt -0.176715 -6.979949
vt -0.196350 -6.979949
vt -0.196350 -7.378804
vt -0.176715 0.199427
vt -0.157080 2.991407
vt -0.235619 0.430343
vt -0.215984 0.199427
vt -0.196350 0.199427
vt -0.157080 3.390261
vt -0.235619 0.000000
vt -0.215984 -0.199427
vt -0.196350 -0.199427
vt -0.176715 1.794844
vt -0.176715 2.193698
vt -0.196350 1.794844
vt -0.366519 6.438513
vt -0.366519 5.994477
vt -0.274889 5.994477
vt -0.274889 6.438513
vt -0.157080 1.794844
vt -0.157080 1.395990
vt -0.235619 -0.430343
vt -0.215984 -0.598281
vt -0.176715 3.390261
vt -0.176715 3.789115
vt -0.196350 3.789115
vt -0.196350 3.390261
vt -0.235619 -0.860685
vt -0.176715 -6.581095
vt -0.235619 -1.291028
vt -0.176715 -6.182241
vt -0.176715 -5.783387
vt -0.196350 -6.182241
vt -0.366519 -4.218336
vt -0.366519 -4.662371
vt -0.274889 -4.662371
vt -0.274889 -4.218336
vt -0.235619 -1.721371
vt -0.215984 -1.794844
vt -0.176715 2.592553
vt -0.176715 2.991407
vt -0.366519 -5.550442
vt -0.366519 -5.106407
vt -0.235619 -2.151714
vt -0.215984 -6.182241
vt -0.157080 7.777658
vt -0.235619 -2.582056
vt -0.196350 2.991407
vt -0.274889 -5.106407
vt -0.274889 -5.550442
vt -0.157080 3.789115
vt -0.366519 1.998159
vt -0.366519 2.442195
vt -0.458149 2.442195
vt -0.458149 1.998159
vt -0.235619 -3.012399
vt -0.215984 -3.390261
vt -0.235619 -3.442742
vt -0.215984 -3.789115
vt -0.235619 -3.873085
vt -0.215984 -4.187970
vt -0.235619 -4.303427
vt -0.215984 -4.586824
vt -0.235619 -4.733770
vt -0.215984 -4.985678
vt -0.235619 -5.164113
vt -0.235619 -5.594456
vt -0.235619 -6.024798
vt -0.235619 -6.455141
vt -0.215984 -6.581095
vt -0.235619 -6.885484
vt -0.215984 -6.979949
vt -0.235619 -7.315827
vt -0.215984 -7.378804
vt -0.235619 -7.746169
vt -0.235619 -8.176512
vt -0.157080 8.176512
vt -0.157080 6.581095
vt -0.157080 -7.777658
vt -0.157080 -8.176512
vt -0.157080 4.586824
vt -0.157080 4.187970
vt -0.176715 8.176512
vt -0.176715 7.777658
vt -0.366519 0.222018
vt -0.366519 -0.222018
vt -0.274889 -0.222018
vt -0.274889 0.222018
vt -0.157080 -6.182241
vt -0.176715 6.581095
vt -0.176715 4.586824
vt -0.176715 4.187970
vt -0.157080 -3.789115
vt -0.176715 -3.789115
vt -0.176715 -4.187970
vt -0.196350 4.187970
vt -0.196350 4.586824
vt -0.196350 -4.586824
vt -0.196350 -4.985678
vt -0.183260 0.666053
vt -0.183260 1.110088
vt -0.274889 1.110088
vt -0.274889 0.666053
vt -0.196350 6.979949
vt -0.196350 6.581095
vt -0.196350 6.182241
vt -0.196350 5.783387
vt -0.196350 -3.789115
vt -0.196350 -4.187970
vt -0.091630 3.330265
vt -0.091630 3.774301
vt -0.183260 3.774301
vt -0.183260 3.330265
vt -0.183260 -7.326584
vt -0.091630 -7.326584
vt -0.091630 -6.882548
vt -0.183260 -4.218336
vt -0.183260 -4.662371
vt -0.091630 -4.662371
vt -0.091630 -4.218336
vt -0.091630 1.110088
vt -0.091630 1.554124
vt -0.183260 1.554124
vt -0.183260 -2.886230
vt -0.183260 -3.330265
vt -0.091630 -3.330265
vt -0.091630 -2.886230
vt -0.157080 -3.390261
vt -0.157080 -5.783387
vt -0.157080 -5.384532
vt -0.458149 -6.882548
vt -0.458149 -7.326584
vt -0.366519 -7.326584
vt -0.366519 -6.882548
vt -0.176715 -0.199427
vt -0.176715 -5.384532
vt -0.366519 0.666053
vt -0.176715 -3.390261
vt -0.196350 -3.390261
vt -0.183260 -0.222018
vt -0.183260 0.222018
vt -0.274889 7.326584
vt -0.274889 6.882548
vt -0.183260 6.882548
vt -0.183260 7.326584
vt -0.196350 -6.581095
vt -0.183260 4.218336
vt -0.274889 4.218336
vt -0.274889 3.774301
vt -0.091630 4.662371
vt -0.091630 5.106407
vt -0.183260 5.106407
vt -0.183260 4.662371
vt -0.183260 6.438513
vt -0.183260 5.994477
vt -0.091630 5.994477
vt -0.091630 6.438513
vt -0.458149 -4.218336
vt -0.549779 -4.201258
vt 2.875000 -0.000000
vt 2.655698 0.000000
vt 2.325924 -1.689883
vt 2.123078 -1.595390
vt 2.032932 -2.032932
vt 1.839666 -1.915296
vt 0.400000 0.500000
vt 0.403407 0.525882
vt 0.033225 0.570152
vt 0.116346 0.383698
vt 1.305223 -2.561644
vt 1.689883 -2.325924
vt 1.508608 -2.185596
vt 1.138478 -2.399291
vt 0.449749 -2.839604
vt 0.888424 -2.734287
vt 0.738861 -2.550846
vt 0.320109 -2.636335
vt -0.000000 -2.875000
vt -0.106934 -2.653544
vt -0.449749 -2.839604
vt -0.531208 -2.602028
vt -1.689883 -2.325924
vt -1.679584 -2.057117
vt -2.032932 2.032932
vt -1.987818 1.761053
vt -2.325924 1.689883
vt -2.244569 1.419380
vt -2.561644 1.305223
vt -2.443187 1.040945
vt -2.734287 0.888424
vt -2.578528 0.635550
vt -2.839604 0.449749
vt -2.647086 0.213695
vt -2.875000 0.000000
vt -2.647086 -0.213695
vt -2.839604 -0.449749
vt -2.578528 -0.635550
vt -2.734287 -0.888424
vt -2.443187 -1.040945
vt -2.561644 -1.305223
vt -2.244569 -1.419380
vt -2.325924 -1.689883
vt -1.987818 -1.761053
vt -2.032932 -2.032932
vt 1.433159 -2.635537
vt 1.818676 -2.385879
vt 1.701638 -2.342104
vt 1.314302 -2.579464
vt 2.161565 -2.080298
vt 2.047074 -2.047074
vt 2.161565 2.080298
vt 2.047074 2.047074
vt 2.342104 1.701638
vt 2.453788 1.725956
vt 0.888424 2.734287
vt 0.738861 2.550846
vt 1.138478 2.399291
vt 1.305223 2.561644
vt 1.689883 2.325924
vt 1.508608 2.185596
vt 1.839666 1.915296
vt 2.032932 2.032932
vt 2.519026 0.840974
vt 2.734287 0.888424
vt 2.621307 0.426004
vt 2.839604 0.449749
vt 0.075000 8.107501
vt 0.075000 7.680790
vt 0.200000 7.680790
vt 0.200000 8.107501
vt 0.075000 0.853421
vt 0.075000 0.426711
vt 0.200000 0.426711
vt 0.200000 0.853421
vt 0.075000 7.254080
vt 0.075000 6.827369
vt 0.200000 6.827369
vt 0.200000 7.254080
vt 0.075000 5.120527
vt 0.200000 5.120527
vt 0.500000 -0.157080
vt 0.500000 -0.130900
vt 0.000000 -0.130900
vt 0.000000 -0.157080
vt 0.075000 3.840395
vt 0.075000 3.413684
vt 0.200000 3.413684
vt 0.200000 3.840395
vt 0.075000 2.986974
vt 0.200000 2.986974
vt 0.075000 2.560263
vt 0.200000 2.560263
vt 0.075000 2.133553
vt 0.200000 2.133553
vt 0.020000 2.285509
vt -0.020000 2.285509
vt 0.075000 0.000000
vt 0.200000 0.000000
vt 0.500000 -0.078540
vt 0.500000 -0.052360
vt 0.000000 -0.052360
vt 0.000000 -0.078540
vt 0.075000 -2.133553
vt 0.200000 -2.133553
vt 0.075000 -3.413684
vt 0.075000 -3.840395
vt 0.200000 -3.840395
vt 0.200000 -3.413684
vt 0.075000 -4.267106
vt 0.200000 -4.267106
vt 0.075000 -7.254080
vt 0.200000 -7.254080
vt 0.075000 -5.547237
vt 0.075000 -5.973948
vt 0.200000 -5.973948
vt 0.200000 -5.547237
vt 0.560809 7.225663
vt 1.700000 7.225663
vt 0.500000 -0.104720
vt 0.000000 -0.104720
vt 6.129156 0.000000
vt 6.129156 1.100000
vt 0.258312 1.100000
vt 0.258312 -0.000000
vt 0.020000 2.742610
vt -0.020000 2.742610
vt -0.000000 -0.078540
vt 0.000000 0.771573
vt 0.326126 0.676664
vt 0.429289 0.570711
vt 0.450000 0.586603
vt 1.966775 0.570152
vt 1.596593 0.525882
vt 1.600000 0.500000
vt 1.883654 0.383698
vt 0.413397 0.550000
vt 0.400000 0.300000
vt 0.243951 0.224352
vt 0.403407 0.274118
vt 0.413397 0.250000
vt 0.429289 0.229289
vt 0.450000 0.213398
vt 0.407731 0.102490
vt 0.474118 0.203407
vt 0.500000 0.200000
vt 0.597021 0.026046
vt 0.799495 0.000000
vt 1.200505 0.000000
vt 1.500000 0.200000
vt 1.402980 0.026046
vt 1.592269 0.102490
vt 1.756049 0.224352
vt 1.550000 0.213398
vt 1.525882 0.203407
vt 1.600000 0.300000
vt 1.596593 0.274118
vt 1.586603 0.250000
vt 1.586603 0.550000
vt 1.570711 0.570711
vt 1.673874 0.676664
vt 1.550000 0.586603
vt 1.525882 0.596593
vt 1.500000 0.600000
vt 1.339111 0.619228
vt 1.000000 0.600000
vt 2.000000 0.771573
vt 1.570711 0.229289
vt 0.474118 0.596593
vt 0.500000 0.600000
vt 0.660889 0.619228
vt 1.550000 1.023503
vt 1.050000 1.023503
vt 0.075000 -0.426711
vt 0.200000 -0.426711
vt 1.550000 1.228204
vt 1.050000 1.228204
vt -0.000000 0.444035
vt -0.091630 0.222018
vt -0.091630 -0.222018
vt -0.000000 -0.444035
vt -0.091630 -0.666053
vt -0.000000 -0.888071
vt -0.091630 -1.110088
vt -0.000000 -1.332106
vt -0.091630 -1.554124
vt -0.000000 -1.776141
vt -0.091630 -1.998159
vt -0.000000 -2.220177
vt -0.091630 -2.442195
vt -0.000000 -2.664212
vt -0.000000 -3.108248
vt -0.000000 -3.552283
vt -0.091630 -3.774301
vt -0.000000 -3.996318
vt -0.000000 -4.440354
vt -0.000000 -4.884389
vt -0.000000 -5.328424
vt -0.000000 -5.772460
vt -0.091630 -5.994477
vt -0.000000 -6.216495
vt -0.091630 -6.438513
vt -0.000000 -6.660531
vt -0.000000 -7.104566
vt -0.000000 -7.548601
vt -0.091630 -7.770619
vt -0.000000 -7.992637
vt -0.091630 -8.214654
vt -0.000000 -8.436672
vt -0.091630 -8.658690
vt -0.000000 -8.880707
vt -0.091630 -9.102725
vt 0.000000 -9.324743
vt -0.000000 8.880707
vt -0.091630 9.102725
vt -0.091630 8.658690
vt -0.000000 8.436672
vt -0.091630 8.214654
vt -0.000000 7.992637
vt -0.091630 7.770619
vt -0.000000 7.548601
vt -0.091630 7.326584
vt -0.000000 7.104566
vt -0.091630 6.882548
vt -0.000000 6.660531
vt -0.000000 6.216495
vt -0.000000 5.772460
vt -0.091630 5.550442
vt -0.000000 5.328424
vt -0.000000 4.884389
vt -0.000000 4.440354
vt -0.091630 4.218336
vt -0.000000 3.996318
vt -0.000000 3.552283
vt -0.000000 3.108248
vt -0.091630 2.886230
vt -0.000000 2.664212
vt -0.091630 2.442195
vt -0.000000 2.220177
vt -0.091630 1.998159
vt -0.000000 1.776141
vt -0.000000 1.332106
vt -0.000000 0.888071
vt -0.091630 0.666053
vt -0.549779 -0.466806
vt -0.458149 -0.222018
vt -0.549779 -0.000000
vt -0.458149 0.222018
vt -0.549779 0.466806
vt -0.458149 0.666053
vt -0.549779 0.933613
vt -0.458149 1.110088
vt -0.549779 1.400419
vt -0.458149 1.554124
vt -0.549779 1.867226
vt -0.549779 2.334032
vt -0.549779 -3.267645
vt -0.458149 -3.330265
vt -0.458149 -2.886230
vt -0.549779 -2.800838
vt -0.549779 -3.734451
vt -0.458149 -3.774301
vt -0.458149 -8.214654
vt -0.458149 -8.658690
vt -0.366519 -8.658690
vt -0.366519 -8.214654
vt -0.183260 1.998159
vt -0.183260 2.442195
vt -0.274889 2.442195
vt -0.274889 1.998159
vt -0.458149 -0.666053
vt -0.549779 -0.933613
vt -0.458149 -1.110088
vt -0.549779 -1.400419
vt -0.458149 -1.554124
vt -0.549779 -1.867226
vt -0.458149 -1.998159
vt -0.549779 -2.334032
vt -0.458149 -2.442195
vt -0.458149 4.662371
vt -0.549779 4.668064
vt -0.549779 5.134871
vt -0.458149 5.106407
vt -0.366519 4.662371
vt -0.366519 5.106407
vt -0.458149 5.550442
vt -0.366519 5.550442
vt -0.274889 5.106407
vt -0.274889 5.550442
vt -0.183260 2.886230
vt -0.274889 2.886230
vt -0.183260 5.550442
vt -1.050000 3.692878
vt -0.550000 3.448089
vt -0.366519 -2.442195
vt -0.274889 4.662371
vt -0.549779 5.601677
vt -0.458149 5.994477
vt -0.549779 6.068483
vt -0.458149 6.438513
vt -0.366519 6.882548
vt -0.458149 -6.438513
vt -0.366519 7.326584
vt -0.183260 8.214654
vt -0.183260 7.770619
vt -0.549779 -6.535290
vt -0.458149 7.326584
vt -0.458149 6.882548
vt -0.366519 7.770619
vt -0.274889 7.770619
vt -0.274889 8.214654
vt -0.183260 -1.998159
vt -0.183260 -2.442195
vt -0.549779 -7.002096
vt -0.458149 7.770619
vt -0.274889 -8.658690
vt -0.274889 -8.214654
vt -0.549779 -7.468903
vt -0.458149 -7.770619
vt -0.458149 -9.102725
vt -0.366519 -9.102725
vt -0.366519 4.218336
vt -0.366519 3.774301
vt -0.183260 -8.658690
vt -0.183260 -9.102725
vt -0.549779 -7.935709
vt -0.458149 8.658690
vt -0.458149 8.214654
vt -0.366519 8.214654
vt -0.366519 2.886230
vt -0.274889 -9.102725
vt -0.183260 -8.214654
vt -0.549779 -8.402515
vt -0.458149 9.102725
vt -0.549779 -8.869322
vt -0.274889 3.330265
vt -0.183260 -1.554124
vt -0.549779 9.336128
vt -0.549779 8.869322
vt -0.366519 -6.438513
vt -0.366519 -5.994477
vt -0.366519 -7.770619
vt -0.274889 -7.770619
vt -0.274889 -7.326584
vt -0.183260 -7.770619
vt -0.549779 8.402515
vt -0.366519 -1.998159
vt -0.274889 -2.442195
vt -0.274889 -1.998159
vt -0.549779 7.935709
vt -0.274889 -1.554124
vt -0.183260 -1.110088
vt -0.549779 7.468903
vt -0.274889 -5.994477
vt -0.183260 -5.994477
vt -0.549779 7.002096
vt -0.183260 -0.666053
vt -0.549779 6.535290
vt -0.274889 1.554124
vt -0.366519 1.554124
vt -0.366519 1.110088
vt -0.183260 8.658690
vt -0.183260 -3.774301
vt -0.183260 9.102725
vt -0.366519 -1.554124
vt -0.366519 3.330265
vt -2.615683 -0.425090
vt -2.545500 -0.424769
vt -2.580698 -0.000000
vt -2.650000 0.000000
vt -2.513622 -0.839170
vt -2.440868 -0.837951
vt -1.835720 -1.911186
vt -1.747859 -1.898681
vt -1.505372 2.180907
vt -1.411508 2.160474
vt -1.136035 2.394144
vt -1.036654 2.363334
vt -0.737276 2.545373
vt -0.633524 2.501729
vt -0.319422 2.630679
vt -0.213112 2.571883
vt 0.106705 2.647851
vt 0.213112 2.571883
vt 0.530068 2.596445
vt 0.633524 2.501729
vt 0.939703 2.477793
vt 1.036654 2.363334
vt 1.325000 2.294967
vt 1.411508 2.160474
vt 1.675980 2.052703
vt 1.747859 1.898681
vt 1.983553 1.757275
vt 2.036533 1.585097
vt 2.239754 1.416334
vt 2.269656 1.228276
vt 2.437946 1.038712
vt 2.440868 0.837951
vt 2.572996 0.634187
vt 2.545500 0.424769
vt 2.641407 0.213236
vt 2.580698 0.000000
vt 2.641407 -0.213236
vt 2.545500 -0.424769
vt 2.572996 -0.634187
vt 2.440868 -0.837951
vt 2.437946 -1.038712
vt 2.269656 -1.228276
vt 2.239754 -1.416334
vt 2.036533 -1.585097
vt 1.983553 -1.757275
vt 1.747859 -1.898681
vt 1.675980 -2.052703
vt 1.411508 -2.160474
vt 1.325000 -2.294967
vt 1.036654 -2.363334
vt 0.939703 -2.477793
vt 0.633524 -2.501729
vt 0.530068 -2.596445
vt 0.213112 -2.571883
vt 0.106705 -2.647851
vt -0.213112 -2.571883
vt -0.319422 -2.630679
vt -0.633524 -2.501729
vt -0.737276 -2.545373
vt -1.036654 -2.363334
vt -1.136035 -2.394144
vt -1.411508 -2.160474
vt -1.505372 -2.180907
vt 1.000000 -0.590961
vt 1.000000 -1.126271
vt 1.900000 -0.896376
vt 1.900000 -0.448188
vt -1.550000 3.692878
vt 1.900000 0.000000
vt -1.550000 5.731900
vt -1.750000 3.677962
vt -1.750000 4.137707
vt -1.550000 4.032715
vt -1.550000 4.372552
vt -5.050000 1.900000
vt -5.050000 1.700000
vt 0.686932 1.700000
vt 0.820844 1.900000
vt -0.550000 0.229873
vt -1.750000 0.459745
vt -1.750000 0.000000
vt -0.550000 -0.229873
vt -0.550000 9.424778
vt -1.750000 9.194905
vt -0.550000 8.965033
vt -0.550000 -8.965033
vt -0.550000 -8.505287
vt -1.750000 -8.735160
vt -1.750000 -9.194905
vt -0.550000 -8.045542
vt -1.750000 -8.275415
vt -0.550000 8.045542
vt -1.750000 8.275415
vt -1.750000 7.815670
vt -0.550000 -7.585797
vt -1.750000 -7.355924
vt -1.750000 -7.815670
vt -0.550000 -7.126052
vt -1.750000 -6.896179
vt -0.550000 0.689618
vt -1.750000 0.919491
vt -0.550000 -2.988344
vt -1.750000 -2.758472
vt -1.750000 -3.218217
vt -0.550000 -3.448089
vt -0.550000 -3.907835
vt -1.750000 -3.677962
vt -1.750000 -4.137707
vt -0.550000 -4.367580
vt -0.550000 2.988344
vt -1.750000 3.218217
vt -1.750000 2.758472
vt -1.750000 -4.597453
vt -0.550000 -4.827325
vt -0.550000 2.068854
vt -0.550000 2.528599
vt -1.750000 2.298726
vt -1.750000 1.838981
vt -1.750000 -0.459745
vt -0.550000 -0.689618
vt -0.550000 1.149363
vt -1.750000 1.379236
vt -1.750000 -5.976688
vt -0.550000 -6.206561
vt -0.550000 -5.746816
vt -1.750000 -5.516943
vt -0.550000 -5.287071
vt -1.750000 -5.057198
vt -0.550000 -6.666306
vt -1.750000 -6.436434
vt -0.550000 -2.068854
vt -1.750000 -1.838981
vt -1.750000 -2.298726
vt -0.550000 -2.528599
vt -0.550000 -1.149363
vt -1.750000 -0.919491
vt -1.750000 -1.379236
vt -1.750000 6.896179
vt -0.550000 7.126052
vt -1.750000 7.355924
vt -0.550000 7.585797
vt -0.550000 1.609108
vt -0.550000 -1.609108
vt -2.545500 0.424769
vt -2.615683 0.425090
vt -1.750000 8.735160
vt -0.550000 8.505287
vt -1.750000 9.654651
vt -0.550000 -9.424778
vt 0.091411 0.453132
vt 0.081048 0.327565
vt 0.091411 -0.000000
vt 0.081048 0.109188
vt 0.081048 -0.109188
vt 0.070686 0.000000
vt 0.081048 -0.327565
vt 0.070686 -0.453132
vt 0.081048 -0.545942
vt 0.081048 -0.764319
vt 0.091411 -0.453132
vt 0.091411 -0.906264
vt 0.081048 -0.982696
vt 0.081048 -1.201073
vt 0.070686 -0.906264
vt 0.070686 -1.359396
vt 0.091411 0.906264
vt 0.081048 0.764319
vt 0.081048 0.545942
vt 0.070686 0.453132
vt 0.091411 1.359396
vt 0.081048 1.201073
vt 0.081048 0.982696
vt 0.070686 0.906264
vt 0.091411 1.812529
vt 0.081048 1.637827
vt 0.081048 1.419450
vt 0.070686 1.359396
vt 0.091411 2.265661
vt 0.081048 2.074581
vt 0.081048 1.856204
vt 0.070686 1.812529
vt 0.091411 2.718793
vt 0.081048 2.511335
vt 0.081048 2.292958
vt 0.070686 2.265661
vt 0.091411 3.171925
vt 0.081048 2.948089
vt 0.081048 2.729712
vt 0.070686 2.718793
vt 0.091411 3.625057
vt 0.081048 3.384843
vt 0.081048 3.166466
vt 0.070686 3.171925
vt 0.091411 4.078189
vt 0.081048 3.821596
vt 0.081048 3.603219
vt 0.070686 3.625057
vt 0.091411 4.531321
vt 0.081048 4.258350
vt 0.081048 4.039973
vt 0.070686 4.078189
vt 0.091411 4.984454
vt 0.081048 4.695104
vt 0.081048 4.476727
vt 0.070686 4.531321
vt 0.091411 5.437586
vt 0.081048 5.131858
vt 0.081048 4.913481
vt 0.070686 4.984454
vt 0.091411 5.890718
vt 0.081048 5.568612
vt 0.081048 5.350235
vt 0.070686 5.437586
vt 0.091411 6.343850
vt 0.081048 6.223743
vt 0.081048 6.005366
vt 0.081048 5.786989
vt 0.070686 5.890718
vt 0.091411 6.796982
vt 0.081048 6.660497
vt 0.081048 6.442120
vt 0.070686 6.343850
vt 0.091411 7.250114
vt 0.081048 7.097251
vt 0.081048 6.878874
vt 0.070686 6.796982
vt 0.091411 7.703247
vt 0.081048 7.534004
vt 0.081048 7.315627
vt 0.070686 7.250114
vt 0.091411 8.156379
vt 0.081048 7.970758
vt 0.081048 7.752381
vt 0.070686 7.703247
vt 0.091411 8.609511
vt 0.081048 8.407512
vt 0.081048 8.189135
vt 0.070686 8.156379
vt 0.091411 9.062643
vt 0.081048 8.844266
vt 0.081048 8.625889
vt 0.070686 8.609511
vt 0.091411 -8.609511
vt 0.081048 -8.844266
vt 0.091411 -9.062643
vt 0.081048 -9.062643
vt 0.081048 9.062643
vt 0.070686 9.062643
vt 0.091411 -8.156379
vt 0.081048 -8.407512
vt 0.081048 -8.625889
vt 0.070686 -8.609511
vt 0.070686 -9.062643
vt 0.091411 -7.703247
vt 0.081048 -7.970758
vt 0.081048 -8.189135
vt 0.070686 -8.156379
vt 0.091411 -7.250114
vt 0.081048 -7.534004
vt 0.081048 -7.752381
vt 0.070686 -7.703247
vt 0.091411 -6.796982
vt 0.081048 -7.097251
vt 0.081048 -7.315627
vt 0.070686 -7.250114
vt 0.091411 -6.343850
vt 0.081048 -6.660497
vt 0.081048 -6.878874
vt 0.070686 -6.796982
vt 0.091411 -5.890718
vt 0.081048 -6.223743
vt 0.081048 -6.442120
vt 0.070686 -6.343850
vt 0.091411 -5.437586
vt 0.081048 -5.568612
vt 0.081048 -5.786989
vt 0.081048 -6.005366
vt 0.070686 -5.890718
vt 0.091411 -4.984454
vt 0.081048 -5.131858
vt 0.081048 -5.350235
vt 0.070686 -5.437586
vt 0.091411 -4.531321
vt 0.081048 -4.695104
vt 0.081048 -4.913481
vt 0.070686 -4.984454
vt 0.091411 -4.078189
vt 0.081048 -4.258350
vt 0.081048 -4.476727
vt 0.070686 -4.531321
vt 0.091411 -3.625057
vt 0.081048 -3.821596
vt 0.081048 -4.039973
vt 0.070686 -4.078189
vt 0.091411 -3.171925
vt 0.081048 -3.384843
vt 0.081048 -3.603219
vt 0.070686 -3.625057
vt 0.091411 -2.718793
vt 0.081048 -2.948089
vt 0.081048 -3.166466
vt 0.070686 -3.171925
vt 0.091411 -2.265661
vt 0.081048 -2.511335
vt 0.081048 -2.729712
vt 0.070686 -2.718793
vt 0.091411 -1.812529
vt 0.081048 -2.074581
vt 0.081048 -2.292958
vt 0.070686 -2.265661
vt 0.091411 -1.359396
vt 0.081048 -1.637827
vt 0.081048 -1.856204
vt 0.070686 -1.812529
vt 0.081048 -1.419450
vt -0.052147 -4.519953
vt -0.047124 -4.519953
vt -0.047124 -4.067957
vt -0.052147 -4.067957
vt -0.052147 -4.971948
vt -0.047124 -4.971948
vt -0.052147 8.135915
vt -0.047124 8.135915
vt -0.047124 8.587910
vt -0.052147 8.587910
vt -0.052147 -2.259976
vt -0.047124 -2.259976
vt -0.047124 -1.807981
vt -0.052147 -1.807981
vt -0.052147 -6.327934
vt -0.047124 -6.327934
vt -0.047124 -5.875938
vt -0.052147 -5.875938
vt -0.047124 -6.779929
vt -0.052147 -6.779929
vt -0.052147 2.259976
vt -0.047124 2.259976
vt -0.047124 2.711972
vt -0.052147 2.711972
vt -0.052147 5.875938
vt -0.047124 5.875938
vt -0.047124 6.327934
vt -0.052147 6.327934
vt -0.052147 -8.135915
vt -0.047124 -8.135915
vt -0.052147 4.971948
vt -0.047124 4.971948
vt -0.047124 5.423943
vt -0.052147 5.423943
vt -0.052147 4.067957
vt -0.047124 4.067957
vt -0.047124 4.519953
vt -0.052147 4.519953
vt 0.094248 -4.523725
vt 0.104111 -4.523725
vt 0.104111 -4.071353
vt 0.094248 -4.071353
vt -0.052147 3.615962
vt -0.047124 3.615962
vt -0.052147 7.683919
vt -0.047124 7.683919
vt 0.094248 -6.333216
vt 0.104111 -6.333216
vt 0.104111 -5.880843
vt 0.094248 -5.880843
vt -0.052147 1.807981
vt -0.047124 1.807981
vt -0.052147 6.779929
vt -0.047124 6.779929
vt -0.047124 7.231924
vt -0.052147 7.231924
vt -0.052147 1.355986
vt -0.047124 1.355986
vt 0.094248 4.976098
vt 0.104111 4.976098
vt 0.104111 5.428470
vt 0.094248 5.428470
vt -0.052147 -0.451995
vt -0.047124 -0.451995
vt -0.047124 0.000000
vt -0.052147 0.000000
vt -0.047124 0.451995
vt -0.052147 0.451995
vt -0.047124 -3.615962
vt -0.052147 -3.615962
vt -0.052147 -1.355986
vt -0.047124 -1.355986
vt -0.047124 -0.903991
vt -0.052147 -0.903991
vt -0.047124 3.163967
vt -0.052147 3.163967
vt -0.047124 0.903991
vt -0.052147 0.903991
vt -0.052147 -9.039905
vt -0.047124 -9.039905
vt -0.047124 -8.587910
vt -0.052147 -8.587910
vt -0.047124 -5.423943
vt -0.052147 -5.423943
vt 1.568247 2.583919
vt 1.575139 2.570393
vt 1.993361 2.743626
vt 1.988670 2.758064
vt -0.052147 -2.711972
vt -0.047124 -2.711972
vt -0.052147 -3.163967
vt -0.047124 -3.163967
vt -2.446340 2.864296
vt -2.900000 2.900000
vt -2.900000 2.880000
vt -2.449469 2.844542
vt -0.035704 -0.453660
vt -0.055458 -0.450531
vt 5.749115 -0.453660
vt 5.734122 -0.451285
vt 5.628445 -0.891458
vt 5.642883 -0.896149
vt -5.466099 -1.307493
vt -5.639043 -0.889969
vt -5.658064 -0.896149
vt -5.483919 -1.316572
vt -1.195423 2.346149
vt -1.583428 2.583919
vt -1.592507 2.566099
vt -1.207178 2.329969
vt -4.592821 -2.329969
vt -4.936467 -2.036467
vt -4.950610 -2.050610
vt -4.604577 -2.346149
vt -4.592821 2.329969
vt -4.604577 2.346149
vt -4.950610 2.050610
vt -4.936467 2.036467
vt 0.300900 1.316572
vt 0.314426 1.309681
vt 0.550951 1.695654
vt 0.538670 1.704577
vt -3.789969 2.739043
vt -3.796149 2.758064
vt -4.216572 2.583919
vt -4.207493 2.566099
vt -2.449469 -2.844542
vt -2.446340 -2.864296
vt -2.003851 -2.758064
vt -2.010031 -2.739043
vt -4.207493 -2.566099
vt -4.216572 -2.583919
vt -2.900000 -2.880000
vt -2.900000 -2.900000
vt -0.035704 0.453660
vt -0.141936 0.896149
vt -0.160957 0.889969
vt -0.055458 0.450531
vt -3.789969 -2.739043
vt -3.796149 -2.758064
vt -5.229969 -1.692821
vt -5.246149 -1.704577
vt -1.207178 -2.329969
vt -1.195423 -2.346149
vt -0.849390 -2.050610
vt -0.863532 -2.036467
vt -0.849390 2.050610
vt -0.863532 2.036467
vt -5.229969 1.692821
vt -5.246149 1.704577
vt -5.483919 1.316572
vt -5.466099 1.307493
vt -5.658064 0.896149
vt -5.639043 0.889969
vt -5.764296 0.453660
vt -5.744542 0.450531
vt -3.350531 -2.844542
vt -3.353660 -2.864296
vt -5.800000 0.000000
vt -5.780000 0.000000
vt -5.744542 -0.450531
vt -5.764296 -0.453660
vt -0.316081 1.316572
vt -0.333901 1.307493
vt -0.570031 -1.692821
vt -0.553851 -1.704577
vt -0.316081 -1.316572
vt -0.333901 -1.307493
vt 0.844944 2.039875
vt 0.834210 2.050610
vt -1.592507 -2.566099
vt -1.583428 -2.583919
vt -3.350531 2.844542
vt -3.353660 2.864296
vt -0.141936 -0.896149
vt -0.160957 -0.889969
vt -0.553851 1.704577
vt -0.570031 1.692821
vt -0.015708 -0.456642
vt -0.015708 0.000000
vt 0.002618 0.028101
vt 0.010472 0.084303
vt -0.015708 0.456642
vt 0.005236 0.365313
vt 0.002618 -0.309111
vt 0.002618 -0.365313
vt 0.000000 0.456642
vt -0.005236 -0.533919
vt -0.015708 0.913283
vt -0.013090 0.758728
vt 0.000000 0.913283
vt -0.015708 1.369925
vt 0.002618 -1.264546
vt 0.000000 1.369925
vt 0.002618 -1.433152
vt 0.013090 -1.601758
vt -0.015708 1.826567
vt 0.010472 -1.714162
vt -0.002618 1.657960
vt 0.000000 1.826567
vt -0.007854 3.119214
vt -0.015708 2.283208
vt 0.000000 2.283208
vt -0.013090 -2.444789
vt -0.015708 2.739850
vt 0.000000 2.739850
vt -0.015708 3.196492
vt 0.013090 0.252909
vt 0.000000 3.196492
vt -0.013090 -3.344022
vt -0.013090 -3.400224
vt -0.015708 3.653133
vt 0.000000 3.653133
vt -0.015708 4.109775
vt 0.000000 4.109775
vt -0.002618 4.130851
vt 0.002618 4.074649
vt 0.005236 -4.187053
vt 0.002618 -4.187053
vt -0.013090 4.299457
vt -0.013090 4.355659
vt -0.015708 4.566416
vt -0.002618 4.411861
vt 0.000000 4.566416
vt -0.015708 5.023058
vt 0.013090 4.861477
vt 0.000000 5.023058
vt -0.013090 5.198689
vt -0.015708 5.479700
vt -0.005236 -5.367296
vt 0.000000 5.479700
vt -0.002618 5.479700
vt -0.015708 5.936341
vt -0.002618 -5.760710
vt 0.000000 5.936341
vt 0.002618 -5.873114
vt 0.002618 -5.929316
vt -0.015708 6.392983
vt -0.013090 6.266528
vt -0.002618 6.210326
vt 0.000000 6.392983
vt 0.002618 -6.378933
vt -0.010472 -6.547539
vt -0.013090 -6.547539
vt -0.015708 6.849625
vt 0.002618 -7.446771
vt 0.005236 -7.446771
vt 0.000000 6.849625
vt -0.015708 7.306266
vt 0.000000 7.306266
vt 0.002618 7.334367
vt -0.007854 -7.334367
vt 0.007854 -7.446771
vt -0.015708 7.762908
vt 0.007854 7.671580
vt 0.000000 7.762908
vt -0.002618 7.783984
vt 0.007854 7.783984
vt 0.007854 7.840186
vt -0.015708 8.219550
vt 0.007854 -8.121196
vt 0.000000 8.219550
vt -0.015708 8.676191
vt 0.000000 8.676191
vt -0.013090 8.851823
vt -0.015708 9.132833
vt -0.002618 9.020429
vt 0.000000 9.132833
vt 0.013090 4.243255
vt -0.015708 -9.132833
vt -0.015708 -8.676191
vt -0.013090 -8.851823
vt -0.002618 8.851823
vt 0.000000 -8.676191
vt -0.015708 -8.219550
vt 0.000000 -8.219550
vt 0.002618 8.233600
vt 0.007854 8.177398
vt 0.005236 8.177398
vt -0.015708 -7.762908
vt -0.013090 -7.952590
vt 0.000000 -7.762908
vt 0.007854 7.727782
vt -0.015708 -7.306266
vt 0.000000 -7.306266
vt 0.007854 -5.535902
vt -0.015708 -6.849625
vt 0.000000 -6.849625
vt -0.015708 -6.392983
vt 0.000000 -6.392983
vt 0.002618 -6.435135
vt -0.010472 6.266528
vt -0.015708 -5.936341
vt 0.002618 6.097922
vt 0.000000 -5.936341
vt -0.015708 -5.479700
vt 0.000000 -5.479700
vt 0.002618 5.535902
vt 0.002618 5.479700
vt 0.002618 5.423498
vt -0.015708 -5.023058
vt -0.013090 -5.198689
vt 0.000000 -5.023058
vt 0.002618 5.086285
vt 0.002618 5.030083
vt 0.002618 -5.030083
vt -0.015708 -4.566416
vt 0.000000 -4.566416
vt 0.013090 -4.411861
vt -0.015708 -4.109775
vt -0.013090 4.243255
vt -0.002618 4.299457
vt 0.000000 -4.109775
vt 0.013090 -4.018446
vt 0.013090 -3.962244
vt -0.015708 -3.653133
vt 0.000000 -3.653133
vt -0.002618 -3.681234
vt -0.015708 -3.196492
vt 0.002618 3.344022
vt 0.000000 -3.196492
vt -0.007854 3.063012
vt -0.015708 -2.739850
vt -0.002618 -2.894406
vt 0.000000 -2.739850
vt -0.013090 -2.500991
vt -0.015708 -2.283208
vt 0.000000 -2.283208
vt 0.005236 -1.095940
vt -0.015708 -1.826567
vt 0.000000 -1.826567
vt 0.002618 1.826567
vt 0.002618 1.770365
vt 0.005236 1.770365
vt -0.015708 -1.369925
vt 0.013090 1.489354
vt 0.000000 -1.369925
vt 0.002618 4.973881
vt -0.015708 -0.913283
vt 0.000000 -0.913283
vt 0.013090 5.535902
vt 0.000000 -0.456642
vt -0.002618 -0.533919
vt 0.002618 0.533919
vt 0.002618 0.477717
vt 0.002618 0.421515
vt 0.002618 -0.590122
vt -0.002618 1.601758
vt 0.002618 -1.489354
vt 0.002618 -3.849840
vt -0.002618 4.355659
vt 0.002618 -4.243255
vt -0.002618 4.749073
vt -0.002618 4.692871
vt -0.002618 5.648306
vt -0.002618 6.154124
vt 0.002618 -6.097922
vt 0.002618 -7.502973
vt 0.000000 -9.132833
vt 0.002618 8.514610
vt 0.002618 -8.064994
vt -0.002618 -7.559176
vt -0.002618 -7.615378
vt -0.002618 -7.671580
vt -0.002618 -6.659943
vt -0.002618 -6.266528
vt -0.002618 -5.367296
vt 0.002618 4.917679
vt 0.002618 4.861477
vt 0.002618 4.018446
vt 0.002618 3.512628
vt 0.002618 3.456426
vt 0.002618 1.714162
vt 0.002618 1.264546
vt -0.002618 -0.252909
vt 0.002618 0.365313
vt -0.013090 -9.132833
vt -0.013090 7.783984
vt 0.002618 -9.076631
vt 0.010472 8.908025
vt 0.013090 -2.613395
vt 0.010472 8.233600
vt 0.010472 8.289802
vt -0.002618 -8.627014
vt 0.013090 -8.458408
vt 0.013090 8.233600
vt -0.013090 -7.783984
vt 0.002618 8.177398
vt 0.002618 8.008792
vt -0.013090 -7.727782
vt -0.013090 7.390569
vt -0.013090 -5.985518
vt 0.013090 -5.086285
vt 0.002618 -5.423498
vt 0.002618 5.254892
vt -0.013090 4.524265
vt -0.013090 -4.130851
vt -0.013090 3.737436
vt -0.002618 -3.568830
vt -0.002618 -3.625032
vt -0.013090 1.938971
vt 0.013090 -1.714162
vt 0.007854 1.601758
vt -0.013090 -0.477717
vt 0.013090 0.084303
vt 0.002618 -0.252909
vt -0.007854 0.252909
vt 0.013090 -0.421515
vt 0.013090 -0.365313
vt 0.007854 2.051375
vt -0.013090 6.041720
vt -0.013090 5.985518
vt 0.013090 5.479700
vt 0.002618 -5.704508
vt 0.010472 6.322730
vt 0.013090 -6.154124
vt 0.002618 -6.659943
vt 0.013090 7.334367
vt 0.002618 -1.095940
vt -0.013090 7.840186
vt -0.005236 -8.627014
vt -0.007854 -8.627014
vt 0.013090 2.669597
vt 0.013090 3.568830
vt 0.013090 3.625032
vt 0.013090 6.322730
vt 0.013090 -6.772347
vt 0.013090 8.289802
vt 0.013090 8.346004
vt 0.013090 1.433152
vt -0.007854 -1.489354
vt 0.002618 6.154124
vt 0.013090 4.187053
vt 0.013090 3.737436
vt 0.002618 3.400224
vt 0.002618 -0.533919
vt 0.002618 0.196707
vt 0.013090 -1.657960
vt 0.002618 -2.163779
vt 0.002618 -3.063012
vt 0.002618 -5.086285
vt 0.010472 -6.322730
vt 0.013090 -6.322730
vt 0.005236 -6.716145
vt 0.002618 -6.716145
vt 0.013090 8.908025
vt -1.050000 0.000000
vt -1.050000 0.204701
vt -1.550000 0.204701
vt -1.550000 0.000000
vt -1.050000 0.409401
vt -1.050000 0.614102
vt -1.550000 0.614102
vt -1.550000 0.409401
vt 0.020000 -6.856526
vt 0.020000 -6.399424
vt -0.020000 -6.399424
vt -0.020000 -6.856526
vt 0.020000 8.227831
vt -0.020000 8.227831
vt -1.050000 1.228204
vt -1.550000 1.228204
vt 0.560809 -8.580475
vt 0.560809 -9.032079
vt 1.700000 -9.032079
vt 1.700000 -8.580475
vt 0.560809 1.806416
vt 0.560809 1.354812
vt 1.700000 1.354812
vt 1.700000 1.806416
vt 0.020000 5.485221
vt -0.020000 5.485221
vt 0.020000 -0.914203
vt -0.020000 -0.914203
vt 0.499580 6.322455
vt 0.499580 6.774059
vt 0.354689 6.774059
vt 0.354689 6.322455
vt 0.020000 7.770729
vt -0.020000 7.770729
vt 0.020000 4.571017
vt 0.020000 5.028119
vt -0.020000 5.028119
vt -0.020000 4.571017
vt 0.020000 -7.770729
vt 0.020000 -7.313628
vt -0.020000 -7.313628
vt -0.020000 -7.770729
vt 0.020000 -4.571017
vt 0.020000 -4.113915
vt -0.020000 -4.113915
vt -0.020000 -4.571017
vt -0.000000 -0.456642
vt 0.015708 0.000000
vt 0.010472 -6.378933
vt 0.015708 0.456642
vt 0.015708 0.913283
vt 0.015708 1.369925
vt 0.015708 1.826567
vt 0.015708 2.283208
vt 0.015708 2.739850
vt 0.015708 3.196492
vt 0.015708 3.653133
vt 0.015708 4.109775
vt 0.013090 4.130851
vt 0.015708 4.566416
vt 0.015708 5.023058
vt 0.013090 -6.378933
vt 0.013090 5.311094
vt 0.015708 5.479700
vt 0.015708 5.936341
vt 0.015708 6.392983
vt 0.015708 6.849625
vt 0.015708 7.306266
vt 0.015708 7.762908
vt 0.015708 8.219550
vt 0.015708 8.676191
vt 0.013090 -9.020429
vt 0.015708 9.132833
vt 0.013090 9.132833
vt 0.015708 -8.676191
vt 0.015708 -8.219550
vt 0.015708 -7.762908
vt -0.000000 -7.306266
vt 0.015708 -7.306266
vt 0.015708 -6.849625
vt 0.015708 -6.392983
vt 0.013090 -6.097922
vt 0.015708 -5.936341
vt -0.000000 -5.479700
vt 0.015708 -5.479700
vt 0.015708 -5.023058
vt 0.015708 -4.566416
vt 0.015708 -4.109775
vt 0.015708 -3.653133
vt 0.013090 3.681234
vt 0.015708 -3.196492
vt 0.015708 -2.739850
vt 0.015708 -2.283208
vt 0.015708 -1.826567
vt 0.015708 -1.369925
vt 0.015708 -0.913283
vt 0.015708 -0.456642
vt 0.015708 -9.132833
vt 0.002618 -9.132833
vt 0.005236 -9.132833
vt 0.007854 -9.132833
vt 3.338479 2.864296
vt 2.884819 2.900000
vt 2.884819 2.884819
vt 3.336104 2.849302
vt -2.003851 2.758064
vt -2.010031 2.739043
vt 5.642883 0.896149
vt 5.468738 1.316572
vt 5.455212 1.309681
vt 5.628445 0.891458
vt 5.230969 1.704577
vt 5.218687 1.695654
vt 4.935429 2.050610
vt 4.924695 2.039875
vt 0.035517 0.451285
vt 0.020523 0.453660
vt -0.015181 0.000000
vt 0.126755 -0.896149
vt 0.300900 -1.316572
vt 0.314426 -1.309681
vt 0.141193 -0.891458
vt 0.020523 -0.453660
vt 0.035517 -0.451285
vt 2.431159 2.864296
vt 2.433534 2.849302
vt 5.784819 0.000000
vt 5.769639 0.000000
vt 5.455212 -1.309681
vt 5.468738 -1.316572
vt 0.538670 -1.704577
vt 0.550951 -1.695654
vt 0.834210 -2.050610
vt 0.844944 -2.039875
vt 1.189165 2.333868
vt 1.180242 2.346149
vt 0.126755 0.896149
vt 0.141193 0.891458
vt 3.780969 -2.758064
vt 3.776277 -2.743626
vt 3.336104 -2.849302
vt 3.338479 -2.864296
vt 5.749115 0.453660
vt 5.734122 0.451285
vt 2.431159 -2.864296
vt 2.884819 -2.900000
vt 2.884819 -2.884819
vt 2.433534 -2.849302
vt 3.780969 2.758064
vt 3.776277 2.743626
vt 4.589396 2.346149
vt 4.201392 2.583919
vt 4.194500 2.570393
vt 4.580474 2.333868
vt 1.180242 -2.346149
vt 1.189165 -2.333868
vt 1.568247 -2.583919
vt 1.575139 -2.570393
vt 1.988670 -2.758064
vt 1.993361 -2.743626
vt 4.201392 -2.583919
vt 4.194500 -2.570393
vt 4.589396 -2.346149
vt 4.580474 -2.333868
vt 4.935429 -2.050610
vt 4.924695 -2.039875
vt 5.230969 -1.704577
vt 5.218687 -1.695654
vt 0.094248 -4.976098
vt 0.104111 -4.976098
vt 0.104111 0.452373
vt 0.094248 0.452373
vt 0.094248 0.000000
vt 0.104111 -0.000000
vt 0.094248 8.142706
vt 0.104111 8.142706
vt 0.104111 8.595078
vt 0.094248 8.595078
vt 0.094248 1.357118
vt 0.104111 1.357118
vt 0.104111 1.809490
vt 0.094248 1.809490
vt 0.094248 6.785588
vt 0.104111 6.785588
vt 0.104111 7.237961
vt 0.094248 7.237961
vt 0.094248 6.333216
vt 0.104111 6.333216
vt 0.094248 7.690333
vt 0.104111 7.690333
vt 0.094248 -8.595078
vt 0.104111 -8.595078
vt 0.104111 -8.142706
vt 0.094248 -8.142706
vt 0.094248 4.523725
vt 0.104111 4.523725
vt 0.094248 4.071353
vt 0.104111 4.071353
vt 0.094248 3.618980
vt 0.104111 3.618980
vt 0.094248 -1.357118
vt 0.104111 -1.357118
vt 0.104111 -0.904745
vt 0.094248 -0.904745
vt 0.094248 2.714235
vt 0.104111 2.714235
vt 0.104111 3.166608
vt 0.094248 3.166608
vt 0.104111 -7.690333
vt 0.094248 -7.690333
vt 0.094248 2.261863
vt 0.104111 2.261863
vt 0.094248 0.904745
vt 0.104111 0.904745
vt 0.104111 9.047451
vt 0.094248 9.047451
vt 0.094248 -0.452373
vt 0.104111 -0.452373
vt 0.094248 -5.428470
vt 0.104111 -5.428470
vt 0.094248 5.880843
vt 0.104111 5.880843
vt 0.094248 -7.237961
vt 0.104111 -7.237961
vt 0.104111 -6.785588
vt 0.094248 -6.785588
vt 0.094248 -3.166608
vt 0.104111 -3.166608
vt 0.104111 -2.714235
vt 0.094248 -2.714235
vt 0.094248 -3.618980
vt 0.104111 -3.618980
vt 0.094248 -9.047451
vt 0.104111 -9.047451
vt 0.104111 -2.261863
vt 0.094248 -2.261863
vt -0.047124 9.039905
vt -0.052147 9.039905
vt 0.094248 -1.809490
vt 0.104111 -1.809490
vt 2.860189 -0.905162
vt 2.753309 -0.894604
vt 2.688497 -1.331160
vt 2.579464 -1.314302
vt 2.453788 -1.725956
vt 2.342104 -1.701638
vt 0.820844 -1.900000
vt -2.150000 1.900000
vt -2.650000 1.900000
vt 1.314302 2.579464
vt 1.433159 2.635537
vt 1.014051 2.823420
vt 0.894604 2.753309
vt 0.571173 2.945125
vt 0.452878 2.859358
vt 0.114908 2.997799
vt 0.000000 2.895000
vt -0.344050 2.980206
vt -0.452878 2.859358
vt -0.794945 2.892760
vt -0.894604 2.753309
vt -1.227206 2.737511
vt -1.314302 2.579464
vt -1.630703 2.518096
vt -1.701638 2.342104
vt -1.995977 2.239660
vt -2.047074 2.047074
vt -2.314468 1.908727
vt -2.342104 1.701638
vt -2.578709 1.533056
vt -2.579464 1.314302
vt -2.782507 1.121451
vt -2.753309 0.894604
vt -2.921086 0.683561
vt -2.859358 0.452878
vt -2.991197 0.229648
vt -2.895000 0.000000
vt -2.991197 -0.229648
vt -2.859358 -0.452878
vt -2.921086 -0.683561
vt -2.753309 -0.894604
vt -2.782507 -1.121451
vt -2.579464 -1.314302
vt -2.578709 -1.533056
vt -2.342104 -1.701638
vt -2.314468 -1.908727
vt -2.047074 -2.047074
vt -1.995977 -2.239660
vt -1.701638 -2.342104
vt -1.630703 -2.518096
vt -1.314302 -2.579464
vt -1.227206 -2.737511
vt -0.894604 -2.753309
vt -0.794945 -2.892760
vt -0.452878 -2.859358
vt -0.344050 -2.980206
vt -0.000000 -2.895000
vt 0.114908 -2.997799
vt 0.452878 -2.859358
vt 0.571173 -2.945125
vt 0.894604 -2.753309
vt 1.014051 -2.823420
vt 1.701638 2.342104
vt 1.818676 2.385879
vt 1.000000 2.620900
vt 12.000000 0.000000
vt 12.000000 0.200000
vt 1.391057 0.200000
vt 1.391057 0.000000
vt 0.020000 -1.371305
vt -0.020000 -1.371305
vt 0.020000 -3.656814
vt -0.020000 -3.656814
vt 0.020000 -2.285509
vt -0.020000 -2.285509
vt 0.560809 9.032079
vt 0.560809 8.580475
vt 1.700000 8.580475
vt 1.700000 9.032079
vt 0.020000 -1.828407
vt -0.020000 -1.828407
vt 0.560809 -7.225663
vt 1.700000 -7.225663
vt 0.499580 0.903208
vt 0.499580 1.354812
vt 0.354689 1.354812
vt 0.354689 0.903208
vt 0.560809 6.774059
vt 0.560809 6.322455
vt 1.700000 6.322455
vt 1.700000 6.774059
vt 5.250000 -0.500000
vt 5.250000 0.500000
vt -5.250000 0.500000
vt -5.250000 -0.500000
vt 0.560809 -1.354812
vt 1.700000 -1.354812
vt 0.560809 5.419247
vt 0.560809 4.967643
vt 1.700000 4.967643
vt 1.700000 5.419247
vt 0.499580 2.709624
vt 0.499580 3.161228
vt 0.354689 3.161228
vt 0.354689 2.709624
vt 0.499580 7.225663
vt 0.499580 7.677267
vt 0.354689 7.677267
vt 0.354689 7.225663
vt 0.560809 0.451604
vt 0.560809 0.000000
vt 1.700000 0.000000
vt 1.700000 0.451604
vt 0.560809 2.258020
vt 1.700000 2.258020
vt 0.000000 -10.681415
vt 0.200000 -10.681415
vt 0.560809 -3.161228
vt 0.560809 -3.612832
vt 1.700000 -3.612832
vt 1.700000 -3.161228
vt 0.560809 -4.064435
vt 1.700000 -4.064435
vt 0.499580 -0.451604
vt 0.499580 0.000000
vt 0.354689 0.000000
vt 0.354689 -0.451604
vt 0.560809 -4.516039
vt 0.560809 -4.967643
vt 1.700000 -4.967643
vt 1.700000 -4.516039
vt 0.560809 -5.870851
vt 1.700000 -5.870851
vt 0.499580 -0.903208
vt 0.354689 -0.903208
vt 0.499580 3.612832
vt 0.499580 4.064435
vt 0.354689 4.064435
vt 0.354689 3.612832
vt 0.560809 -5.419247
vt 1.700000 -5.419247
vt -0.000000 2.295779
vt -0.000000 2.754935
vt -1.100000 2.754935
vt -1.100000 2.295779
vt 0.560809 5.870851
vt 1.700000 5.870851
vt 0.499580 -8.128871
vt 0.499580 -7.677267
vt 0.354689 -7.677267
vt 0.354689 -8.128871
vt 0.499580 -7.225663
vt 0.354689 -7.225663
vt 0.499580 0.451604
vt 0.354689 0.451604
vt 0.499580 -5.870851
vt 0.354689 -5.870851
vt 0.499580 -4.064435
vt 0.499580 -3.612832
vt 0.354689 -3.612832
vt 0.354689 -4.064435
vt 0.499580 8.128871
vt 0.354689 8.128871
vt 0.499580 -2.709624
vt 0.499580 -2.258020
vt 0.354689 -2.258020
vt 0.354689 -2.709624
vt 0.499580 -4.516039
vt 0.354689 -4.516039
vt 0.560809 -7.677267
vt 0.560809 -8.128871
vt 1.700000 -8.128871
vt 1.700000 -7.677267
vt 0.499580 -3.161228
vt 0.354689 -3.161228
vt 0.499580 1.806416
vt 0.499580 2.258020
vt 0.354689 2.258020
vt 0.354689 1.806416
vt 5.250000 -0.800000
vt 5.250000 0.800000
vt -5.250000 0.800000
vt -5.250000 -0.800000
vt 0.499580 -6.774059
vt 0.354689 -6.774059
vt 0.499580 4.516039
vt 0.354689 4.516039
vt 0.499580 4.967643
vt 0.354689 4.967643
vt 0.560809 0.903208
vt 1.700000 0.903208
vt 0.560809 3.612832
vt 1.700000 3.612832
vt -3.650000 1.900000
vt -4.150000 1.900000
vt -6.936147 -0.229020
vt 5.521573 -0.400000
vt 5.445263 -0.150000
vt 5.718916 -0.841317
vt 5.984581 -1.245208
vt 6.311669 -1.601183
vt 6.691688 -1.900000
vt 5.407594 0.014982
vt 5.379288 0.181826
vt 5.360435 0.350000
vt 5.350000 0.600000
vt 5.383417 1.046523
vt 5.482922 1.483098
vt 5.646299 1.900000
vt -6.309933 1.422170
vt -6.613669 1.079323
vt -6.826531 0.673749
vt -5.504700 1.844789
vt -5.932974 1.682366
vt -6.936147 0.229020
vt -6.309933 -1.422170
vt -5.932974 -1.682366
vt -5.504700 -1.844789
vt 0.499580 8.580475
vt 0.354689 8.580475
vt 0.560809 -2.709624
vt 1.700000 -2.709624
vt 0.499580 -8.580475
vt 0.354689 -8.580475
vt 0.499580 -6.322455
vt 0.354689 -6.322455
vt 0.499580 -9.032079
vt 0.354689 -9.032079
vt 1.900000 1.019511
vt 1.700000 1.019511
vt 0.800000 2.620900
vt 0.800000 2.955332
vt 1.700000 0.932354
vt 1.900000 0.419540
vt 1.900000 0.588791
vt 1.900000 -1.344564
vt 0.800000 -1.271800
vt 0.800000 -1.344564
vt 0.800000 -1.126271
vt 0.800000 -1.199035
vt 1.700000 0.083430
vt 1.900000 0.250290
vt 1.900000 0.758041
vt -0.000000 1.100000
vt 0.900000 0.300000
vt 1.400000 0.300000
vt 2.400000 0.300000
vt 12.000000 1.100000
vt 0.900000 0.000000
vt 1.400000 0.000000
vt 2.400000 0.000000
vt 5.736932 0.000000
vt 5.736932 0.200000
vt -0.000000 3.214091
vt -1.100000 3.214091
vt 11.473864 0.000000
vt 11.473864 0.200000
vt 0.499580 9.032079
vt 0.354689 9.032079
vt 6.423864 1.700000
vt 6.510640 1.769969
vt 6.599956 1.836667
vt 6.691688 1.900000
vt -5.840029 1.505275
vt -5.456837 1.650601
vt -5.456837 -1.650601
vt -5.840029 -1.505275
vt 5.350000 -0.400000
vt 6.639528 -0.602828
vt 6.737605 -0.204912
vt 5.350000 -0.100000
vt -6.177309 -1.272468
vt -6.737605 -0.204912
vt -6.639528 0.602828
vt -6.449073 0.965710
vt -6.177309 1.272468
vt -6.737605 0.204912
vt 5.615566 -1.834046
vt 5.646299 -1.900000
vt 0.000000 -9.448944
vt 0.200000 -9.448944
vt -0.000000 0.459156
vt -1.100000 0.459156
vt -1.100000 0.000000
vt -0.000000 0.918312
vt -1.100000 0.918312
vt -0.000000 1.377468
vt -1.100000 1.377468
vt -0.000000 1.836623
vt -1.100000 1.836623
vt 6.449073 0.965710
vt 5.350000 1.500000
vt 6.177309 1.272468
vt 5.840029 1.505275
vt -5.150000 -0.100000
vt 0.156871 -0.146835
vt 6.449073 -0.965710
vt 6.177309 -1.272468
vt 5.350000 -1.400000
vt 5.840029 -1.505275
vt 5.456837 -1.650601
vt 5.050000 -1.700000
vt 0.156871 -1.450835
vt -0.686932 -1.700000
vt -5.150000 -1.400000
vt -6.423864 -1.700000
vt -6.046217 -1.321609
vt -5.741726 -0.882197
vt -5.150000 -0.400000
vt -5.520062 -0.395717
vt -5.388264 0.122382
vt -5.350516 0.655648
vt -5.150000 1.500000
vt -5.408018 1.187146
vt -5.558943 1.700000
vt 5.050000 1.700000
vt 5.456837 1.650601
vt 6.737605 0.204912
vt 6.639528 0.602828
s 1
usemtl Steel_-_Satin
f 4609/1/1 4610/2/1 4611/3/2 4608/4/2
f 2086/5/3 2090/6/4 2091/7/5 2087/8/6
f 3297/9/7 3298/10/8 3289/11/9 3290/12/10
f 4583/13/11 4552/14/12 4550/15/13 4582/16/14
f 772/17/15 436/18/16 435/19/17 771/20/18
f 321/21/19 322/22/19 39/23/20 38/24/19
f 4630/25/21 4631/26/21 4618/27/21 4617/28/21
f 444/29/22 467/30/23 466/31/24 445/32/25
f 122/33/26 127/34/27 128/35/28 123/36/29
f 2085/37/30 2080/38/31 2079/39/32 2084/40/33
f 586/41/34 591/42/35 527/43/21 528/44/21
f 773/45/36 419/46/37 436/18/16 772/17/15
f 770/47/38 434/48/39 433/49/40 769/50/41
f 4531/51/42 4530/52/43 4631/53/43 4630/54/42
f 359/55/21 358/56/21 499/57/21 498/58/44
f 287/59/19 5/60/19 4/61/19 286/62/19
f 4541/63/45 4575/64/46 4576/65/47 4542/66/48
f 4529/67/49 4528/68/50 4633/69/50 4632/70/49
f 4604/71/51 4615/72/51 4616/73/52 4603/74/52
f 4527/75/53 4526/76/54 4592/77/55 4634/78/53
f 4490/79/56 4489/80/57 308/81/57 307/82/56
f 48/83/58 47/84/59 330/85/60 331/86/61
f 4555/87/62 4556/88/62 4557/89/62 4554/90/62
f 4530/52/43 4529/67/49 4632/70/49 4631/53/43
f 4597/91/63 4598/92/64 4621/93/64 4622/94/63
f 4603/74/52 4616/73/52 4617/95/65 4602/96/65
f 2750/97/66 2751/98/67 1086/99/67 1085/100/66
f 4605/101/68 4614/102/68 4615/72/51 4604/71/51
f 4606/103/69 4613/104/69 4614/102/68 4605/101/68
f 4599/105/70 4620/106/70 4621/93/64 4598/92/64
f 2729/107/62 2730/108/71 1065/109/72 1064/110/62
f 4504/111/54 4503/112/73 294/113/73 293/114/54
f 428/115/74 427/116/75 453/117/75 452/118/74
f 4592/119/21 4587/120/21 4586/121/21 4622/122/21
f 407/123/54 445/32/25 466/31/24 465/124/76
f 4601/125/77 4618/126/77 4619/127/78 4600/128/78
f 293/129/19 11/130/79 10/131/19 292/132/19
f 506/133/80 507/134/21 690/135/81 695/136/82
f 320/137/19 321/21/19 38/24/19 37/138/19
f 4547/139/83 4549/140/84 4581/141/85 4582/16/14
f 2762/142/86 2763/143/87 1098/144/87 1097/145/88
f 4480/146/89 4479/147/90 318/148/90 317/149/89
f 2732/150/91 2733/151/92 1068/152/92 1067/153/91
f 1016/154/93 1015/155/73 790/156/73 789/157/93
f 1008/158/94 1007/159/95 798/160/95 797/161/94
f 4563/87/62 4564/88/62 4565/162/62 4562/163/62
f 442/164/96 441/165/97 421/166/97 420/167/96
f 4566/87/63 4567/88/63 4564/168/63 4563/169/63
f 44/170/98 43/171/99 326/172/100 327/173/101
f 992/174/102 991/175/103 814/176/103 813/177/102
f 778/178/19 844/179/19 843/180/19 779/181/19
f 295/182/19 13/183/19 12/184/19 294/185/19
f 4512/186/104 4511/187/95 286/188/95 285/189/104
f 365/190/105 376/163/63 378/87/106 377/191/63
f 2743/192/107 2744/193/57 1079/194/57 1078/195/107
f 406/196/54 407/197/54 408/87/54 405/191/54
f 2756/198/108 2757/199/93 1092/200/93 1091/201/109
f 2730/108/71 2731/202/110 1066/203/110 1065/109/72
f 443/204/111 442/164/96 420/167/96 419/205/111
f 57/206/112 56/207/113 339/208/113 340/209/114
f 2731/202/110 2732/150/91 1067/153/91 1066/203/110
f 384/210/115 377/211/63 378/87/106 385/212/115
f 4501/213/108 4500/214/116 297/215/116 296/216/108
f 4493/217/117 4492/218/118 305/219/118 304/220/117
f 2742/221/119 2743/192/107 1078/195/107 1077/222/103
f 770/47/38 771/20/18 406/223/54 434/48/39
f 180/224/120 176/225/121 175/226/122 84/227/123
f 779/181/19 843/180/19 842/228/19 780/229/19
f 297/230/19 15/231/19 14/232/19 296/233/19
f 581/234/124 586/41/34 528/44/21 529/235/21
f 114/236/125 119/237/126 120/238/127 115/239/128
f 4523/240/54 4589/241/54 4572/242/54 4524/243/54
f 4543/244/129 4579/245/130 4580/246/131 4544/247/132
f 2207/248/133 2203/249/134 2202/250/135 2206/251/136
f 3923/252/137 2894/253/138 3917/254/139 3922/255/140
f 3913/256/141 2975/257/142 2974/258/143 3901/259/144
f 2206/251/136 1272/260/145 1271/261/146 2207/248/133
f 2230/262/147 2234/263/148 2222/264/149 2231/265/150
f 3895/266/151 3890/267/152 3889/268/153 3894/269/154
f 2228/270/155 2232/271/156 2233/272/157 2229/273/158
f 2227/274/159 1192/275/160 2232/271/156 2228/270/155
f 1284/276/161 1285/277/162 1282/278/163 1283/279/164
f 4428/280/165 4432/281/166 4433/282/167 4429/283/168
f 2241/284/169 2242/285/170 2237/286/171 2236/287/172
f 2238/288/173 2237/286/171 2242/285/170 2243/289/174
f 2242/285/170 2246/290/175 2247/291/176 2243/289/174
f 3950/292/177 3946/293/178 3945/294/179 2900/295/180
f 2252/296/181 1194/297/182 2239/298/183 2247/291/176
f 2255/299/184 2259/300/185 2260/301/186 2256/302/187
f 2254/303/188 2258/304/189 2259/300/185 2255/299/184
f 3871/305/190 2886/306/191 3865/307/192 3870/308/193
f 3356/309/194 3968/310/195 3969/311/196 3357/312/197
f 2267/313/198 2268/314/199 2263/315/200 2262/316/201
f 2278/317/202 1198/318/203 2265/319/204 2273/320/205
f 3842/321/206 3837/322/207 3836/323/208 3841/324/209
f 3843/325/210 3838/326/211 3837/322/207 3842/321/206
f 2138/327/212 2133/328/213 2132/329/214 2137/330/215
f 3012/331/216 3013/332/217 3004/333/218 3005/334/219
f 3835/335/220 3831/336/221 3830/337/222 3834/338/223
f 2291/339/224 2296/340/225 2295/341/226 2299/342/227
f 2304/343/228 1202/344/229 2291/339/224 2299/342/227
f 2308/345/230 2312/346/231 2300/347/232 2309/348/233
f 2307/349/234 2311/350/235 2312/346/231 2308/345/230
f 2306/351/236 2310/352/237 2311/350/235 2307/349/234
f 3819/353/238 2878/354/239 3813/355/240 3818/356/241
f 1629/357/242 1664/358/243 1665/359/244 1630/360/245
f 1666/361/246 1631/362/247 1630/360/245 1665/359/244
f 1665/359/244 2314/363/248 2315/364/249 1666/361/246
f 3807/365/250 3017/366/251 3016/367/252 3808/368/253
f 2325/369/254 2317/370/255 2322/371/256 2321/372/257
f 2330/373/258 2334/374/259 2335/375/260 1206/376/261
f 2329/377/262 2333/378/263 2334/374/259 2330/373/258
f 1619/379/264 1620/380/265 1617/381/266 1618/382/267
f 3321/383/268 3326/384/269 3327/385/270 3320/386/271
f 3781/387/272 3027/388/273 3026/389/274 3782/390/275
f 2073/391/276 2077/392/277 2078/393/278 2074/394/279
f 2348/395/280 1209/396/281 2342/397/282 2347/398/283
f 2351/399/284 2343/400/285 2348/395/280 2347/398/283
f 2057/401/286 2062/402/287 2061/403/288 2065/404/289
f 3769/405/290 3765/406/291 3764/407/292 3768/408/293
f 2354/409/294 2358/410/295 2359/411/296 2355/412/297
f 4061/413/298 4065/414/299 4066/415/300 2915/416/301
f 1332/417/302 1335/418/303 1336/419/304 1331/420/305
f 3592/421/306 3596/422/307 3597/423/308 3593/424/309
f 2367/425/310 2372/426/311 2373/427/312 2368/428/313
f 3750/429/314 2869/430/315 3755/431/316 3751/432/317
f 2382/433/318 2386/434/319 2387/435/320 1214/436/321
f 3743/437/322 3739/438/323 3738/439/324 3742/440/325
f 4086/441/326 4090/442/327 4091/443/328 4087/444/329
f 2379/445/330 2383/446/331 2384/447/332 2380/448/333
f 1599/449/334 1600/450/335 1597/451/336 1598/452/337
f 1596/453/338 1597/451/336 1600/450/335 1601/454/339
f 3730/455/340 3046/456/341 3045/457/342 3731/458/343
f 1602/459/344 1601/454/339 2393/460/345 2394/461/346
f 2400/462/347 1217/463/348 2394/461/346 2399/464/349
f 2403/465/350 2395/466/351 2400/462/347 2399/464/349
f 2408/467/352 2412/468/353 2413/469/354 1218/470/355
f 2407/471/356 2411/472/357 2412/468/353 2408/467/352
f 2406/473/358 2410/474/359 2411/472/357 2407/471/356
f 2405/475/360 2409/476/361 2410/474/359 2406/473/358
f 1586/477/362 1587/478/363 1590/479/364 1591/480/365
f 1590/479/364 2418/481/366 2419/482/367 1591/480/365
f 2424/483/368 2425/484/369 2420/485/370 2419/482/367
f 2425/484/369 2429/486/371 2421/487/372 2426/488/373
f 2434/489/374 2438/490/375 2439/491/376 1222/492/377
f 3691/493/378 3687/494/379 3686/495/380 3690/496/381
f 2431/497/382 2435/498/383 2436/499/384 2432/500/385
f 1581/501/386 1580/502/387 2444/503/388 2445/504/389
f 1974/505/390 1970/506/391 1969/507/392 1973/508/393
f 2459/509/394 2463/510/395 2464/511/396 2460/512/397
f 4165/513/398 4169/514/399 4170/515/400 2931/516/401
f 1371/517/402 1372/518/403 1375/519/404 1376/520/405
f 1571/521/406 2471/522/407 2472/523/408 1572/524/409
f 1940/525/410 1944/526/411 1945/527/412 1146/528/413
f 3638/529/414 3634/530/415 3633/531/416 2852/532/417
f 3639/533/418 3635/534/419 3634/530/415 3638/529/414
f 4190/535/420 4194/536/421 4195/537/422 4191/538/423
f 2483/539/424 2487/540/425 2488/541/426 2484/542/427
f 3092/543/428 3631/544/429 2850/545/430 3093/546/431
f 4142/547/432 4146/548/433 4147/549/434 4143/550/435
f 3612/551/436 3608/552/437 3607/553/438 2848/554/439
f 3522/555/440 3126/556/441 3125/557/442 3523/558/443
f 2509/559/444 2513/560/445 2514/561/446 2510/562/447
f 1551/563/448 1546/564/449 1547/565/450 1550/566/451
f 1396/567/452 1391/568/453 1392/569/454 1395/570/455
f 3594/571/456 2845/572/457 3599/573/458 3595/574/459
f 1888/575/460 1138/576/461 1875/577/462 1883/578/463
f 1881/579/464 1886/580/465 1887/581/466 1882/582/467
f 1406/583/468 1405/584/469 1872/585/470 1873/586/471
f 1869/587/472 1401/588/473 1400/589/474 1870/590/475
f 4253/591/476 3245/592/477 3244/593/478 4252/594/479
f 1862/595/480 1134/596/481 1849/597/482 1857/598/483
f 2976/599/484 2981/600/485 2982/601/486 2975/257/142
f 3553/602/487 3558/603/488 3559/604/489 2838/605/490
f 3231/606/491 3232/607/492 3235/608/493 3236/609/494
f 1844/610/495 1410/611/496 1409/612/497 1832/613/498
f 2836/614/499 3538/615/500 3539/616/501 3534/617/502
f 3132/618/503 3527/619/504 2834/620/505 3133/621/506
f 1519/622/507 1520/623/508 1517/624/509 1518/625/510
f 1516/626/511 1517/624/509 1520/623/508 1521/627/512
f 4168/628/513 4172/629/514 4173/630/515 4169/514/399
f 2608/631/516 1249/632/517 2602/633/518 2607/634/519
f 2611/635/520 2603/636/521 2608/631/516 2607/634/519
f 3509/637/522 3505/638/523 3504/639/524 3508/640/525
f 2613/641/526 2617/642/527 2618/643/528 2614/644/529
f 3946/293/178 3941/645/530 3940/646/531 3945/294/179
f 1537/647/532 2544/648/533 1240/649/534 1538/650/535
f 1285/277/162 2184/651/536 2185/652/537 1286/653/538
f 3933/654/539 3937/655/540 3938/656/541 3934/657/542
f 3898/658/543 3894/269/154 3893/659/544 2892/660/545
f 3903/661/546 3898/658/543 2892/660/545 3902/662/547
f 3159/663/548 3160/664/549 3157/665/550 3158/666/551
f 3002/667/552 3865/307/192 2886/306/191 3003/668/553
f 2258/304/189 1647/669/554 1646/670/555 2259/300/185
f 3954/671/556 3958/672/557 3959/673/558 3955/674/559
f 2290/675/560 2295/341/226 2296/340/225 1201/676/561
f 2293/677/562 2294/678/563 2289/679/564 2288/680/565
f 1200/681/566 1638/682/567 1637/683/568 2284/684/569
f 2280/685/570 2284/684/569 2285/686/571 2281/687/572
f 2133/328/213 2138/327/212 2139/688/573 2134/689/574
f 2143/690/575 2135/691/576 2140/692/577 2139/688/573
f 2904/693/578 3980/694/579 3981/695/580 3976/696/581
f 2102/697/582 1312/698/583 1311/699/584 2103/700/585
f 2314/363/248 1665/359/244 1664/358/243 2313/701/586
f 4235/702/587 2942/703/588 4229/704/589 4234/705/590
f 1685/706/591 2106/707/592 2107/708/593 1686/709/594
f 2117/710/595 2113/711/596 2112/712/597 2116/713/598
f 3069/714/599 3070/715/600 3067/716/601 3068/717/602
f 2077/392/277 1321/718/603 1320/719/604 2078/393/278
f 2076/720/605 1322/721/606 1321/718/603 2077/392/277
f 3783/722/607 3025/723/608 3024/724/609 3771/725/610
f 4043/726/611 3320/386/271 3319/727/612 4031/728/613
f 2085/37/30 2086/5/3 2081/729/614 2080/38/31
f 2090/6/4 2086/5/3 2085/37/30 2089/730/615
f 4033/731/616 4037/732/617 4038/733/618 4034/734/619
f 4033/731/616 4028/735/620 2912/736/621 4032/737/622
f 2052/738/623 1330/739/624 1329/740/625 2040/741/626
f 2051/742/627 1331/420/305 1330/739/624 2052/738/623
f 2050/743/628 1332/417/302 1331/420/305 2051/742/627
f 4069/744/629 4057/745/630 4066/415/300 4065/414/299
f 4060/746/631 4055/747/632 4054/748/633 4059/749/634
f 2026/750/635 1340/751/636 1339/752/637 2014/753/638
f 3729/754/639 3047/755/640 3046/456/341 3730/455/340
f 2024/756/641 1342/757/642 1341/758/643 2025/759/644
f 3731/458/343 3045/457/342 3044/760/645 3719/761/646
f 4095/762/647 3300/763/648 3299/764/649 4083/765/650
f 3692/766/651 3684/767/652 3689/768/653 3688/769/654
f 4310/770/655 4305/771/656 4304/772/657 4309/773/658
f 2000/774/659 1350/775/660 1349/776/661 1988/777/662
f 3703/778/663 3057/779/664 3056/780/665 3704/781/666
f 1998/782/667 1352/783/668 1351/784/669 1999/785/670
f 1582/786/671 2446/787/672 1225/788/673 1583/789/674
f 1581/501/386 2445/504/389 2446/787/672 1582/786/671
f 1972/790/675 1362/791/676 1361/792/677 1973/508/393
f 1362/791/676 1972/790/675 1152/793/678 1363/794/679
f 1946/795/680 1372/518/403 1371/517/402 1947/796/681
f 1922/797/682 1380/798/683 1379/799/684 1910/800/685
f 3266/801/686 3265/802/687 4201/803/688 4202/804/689
f 1920/805/690 1382/806/691 1381/807/692 1921/808/693
f 1929/809/694 1924/810/695 1923/811/696 1928/812/697
f 2484/542/427 2488/541/426 2489/813/698 2485/814/699
f 2480/815/700 2485/814/699 2486/816/701 2481/817/702
f 2473/818/703 2478/819/704 2477/820/705 2481/817/702
f 4180/821/706 4175/822/707 4174/823/708 4179/824/709
f 3376/825/710 3256/826/711 3255/827/712 3375/828/713
f 1907/829/714 1903/830/715 1902/831/716 1143/832/717
f 1908/833/718 1904/834/719 1903/830/715 1907/829/714
f 1913/835/720 1917/836/721 1918/837/722 1914/838/723
f 4206/839/724 4201/803/688 4200/840/725 4205/841/726
f 3107/842/727 3108/843/728 3109/844/729 3110/845/730
f 1401/588/473 1406/583/468 1407/846/731 1400/589/474
f 3106/847/732 3111/848/733 3112/849/734 3105/850/735
f 3247/851/736 3248/852/737 3239/853/738 3240/854/739
f 2943/855/740 4230/856/741 4238/857/742 4243/858/743
f 4237/859/744 4233/860/745 4232/861/746 4236/862/747
f 1891/863/748 1895/864/749 1896/865/750 1892/866/751
f 2530/867/752 1237/868/753 2524/869/754 2529/870/755
f 1896/865/750 1390/871/756 1389/872/757 1884/873/758
f 1417/874/759 1848/875/760 1133/876/761 1418/877/762
f 1414/878/763 1845/879/764 1846/880/765 1415/881/766
f 1427/882/767 1822/883/768 1129/884/769 1428/885/770
f 3652/886/771 3076/887/772 3075/888/773 3653/889/774
f 1833/890/775 1837/891/776 1838/892/777 1834/893/778
f 1834/893/778 1838/892/777 1839/894/779 1835/895/780
f 2580/896/781 2575/897/782 2574/898/783 2579/899/784
f 3342/900/785 3345/901/786 3346/902/787 3341/903/788
f 1843/904/789 1411/905/790 1410/611/496 1844/610/495
f 2837/906/791 3118/907/792 3117/908/793 3547/909/794
f 1437/910/795 1796/911/796 1125/912/797 1438/913/798
f 1435/914/799 1794/915/800 1795/916/801 1436/917/802
f 1807/918/803 1811/919/804 1812/920/805 1808/921/806
f 1812/920/805 1816/922/807 1817/923/808 1813/924/809
f 3517/925/810 3521/926/811 3522/555/440 3518/927/812
f 1817/923/808 1421/928/813 1420/929/814 1818/930/815
f 4305/771/656 3225/931/816 3224/932/817 4304/772/657
f 1427/882/767 1428/885/770 1419/933/818 1420/929/814
f 1445/934/819 1768/935/820 1769/936/821 1446/937/822
f 4347/938/823 2959/939/824 4334/940/825 4342/941/826
f 1781/942/827 1785/943/828 1786/944/829 1782/945/830
f 1782/945/830 1786/944/829 1787/946/831 1783/947/832
f 1791/948/833 1787/946/831 1786/944/829 1790/949/834
f 1457/950/835 1744/951/836 1117/952/837 1458/953/838
f 1457/950/835 1456/954/839 1743/955/840 1744/951/836
f 1455/956/841 1742/957/842 1743/955/840 1456/954/839
f 3162/958/843 3449/959/844 2822/960/845 3163/961/846
f 1756/962/847 1751/963/848 1119/964/849 1755/965/850
f 1755/965/850 1759/966/851 1760/967/852 1756/962/847
f 3626/968/853 3086/969/854 3085/970/855 3627/971/856
f 1765/972/857 1761/973/858 1760/967/852 1764/974/859
f 4003/975/860 3999/976/861 3998/977/862 4002/978/863
f 4154/979/864 4155/980/865 4150/981/866 4149/982/867
f 3204/983/868 4356/984/869 4357/985/870 3205/986/871
f 1467/987/872 1718/988/873 1113/989/874 1468/990/875
f 1264/991/876 1478/992/877 1477/993/878 2700/994/879
f 1731/995/880 1726/996/881 1725/997/882 1730/998/883
f 2346/999/884 2341/1000/885 2340/1001/886 2345/1002/887
f 1740/1003/888 1450/1004/889 1449/1005/890 1728/1006/891
f 1699/1007/892 1695/1008/893 1694/1009/894 1111/1010/895
f 2815/1011/896 3398/1012/897 3406/1013/898 3411/1014/899
f 2713/1015/900 2718/1016/901 2719/1017/902 2714/1018/903
f 3851/1019/904 3855/1020/905 3856/1021/906 3852/1022/907
f 1714/1023/908 1460/1024/909 1459/1025/910 1702/1026/911
f 2706/1027/912 2711/1028/913 2712/1029/914 1265/1030/915
f 2706/1027/912 2705/1031/916 2710/1032/917 2711/1028/913
f 2709/1033/918 2710/1032/917 2705/1031/916 2704/1034/919
f 2709/1033/918 2704/1034/919 2703/1035/920 2708/1036/921
f 2722/1037/922 2726/1038/923 2727/1039/924 2723/1040/925
f 3149/1041/926 3150/1042/927 3147/1043/928 3148/1044/929
f 2680/1045/930 2685/1046/931 2686/1047/932 1261/1048/933
f 2680/1045/930 2679/1049/934 2684/1050/935 2685/1046/931
f 2691/1051/936 2695/1052/937 2696/1053/938 2692/1054/939
f 2520/1055/940 1545/1056/941 1544/1057/942 2508/1058/943
f 1482/1059/944 1483/1060/945 1474/1061/946 1475/1062/947
f 3469/1063/948 3465/1064/949 3464/1065/950 2825/1066/951
f 3470/1067/952 3466/1068/953 3465/1064/949 3469/1063/948
f 2823/1069/954 3450/1070/955 3458/1071/956 3463/1072/957
f 1752/1073/958 1748/1074/959 1747/1075/960 1751/963/848
f 4375/1076/961 4379/1077/962 4380/1078/963 4376/1079/964
f 2676/1080/965 1485/1081/966 1484/1082/967 2664/1083/968
f 1492/1084/969 1493/1085/970 1484/1082/967 1485/1081/966
f 2632/1086/971 2633/1087/972 2628/1088/973 2627/1089/974
f 2639/1090/975 2643/1091/976 2644/1092/977 2640/1093/978
f 1774/1094/979 1769/936/821 1768/935/820 1773/1095/980
f 3479/1096/981 3474/1097/982 3473/1098/983 3478/1099/984
f 2649/1100/985 1496/1101/986 1495/1102/987 2650/1103/988
f 2650/1103/988 1495/1102/987 1494/1104/989 2638/1105/990
f 1677/1106/991 1692/1107/992 1109/1108/993 1678/1109/994
f 2572/1110/995 1525/1111/996 1524/1112/997 2560/1113/998
f 2562/1114/999 2566/1115/1000 2567/1116/1001 2563/1117/1002
f 3244/593/478 3245/592/477 3242/1118/1003 3243/1119/1004
f 1877/1120/1005 1878/1121/1006 1873/586/471 1872/585/470
f 3580/1122/1007 3585/1123/1008 3584/1124/1009 3588/1125/1010
f 1552/1126/1011 1672/1127/1012 1673/1128/1013 1553/1129/1014
f 3611/1130/1015 2846/1131/1016 3605/1132/1017 3610/1133/1018
f 1572/524/409 2472/523/408 1229/1134/1019 1573/1135/1020
f 1706/1136/1021 1701/1137/1022 1700/1138/1023 1705/1139/1024
f 4172/629/514 3271/1140/1025 3270/1141/1026 4173/630/515
f 1576/1142/1027 1581/501/386 1582/786/671 1575/1143/1028
f 2435/498/383 1224/1144/1029 2440/1145/1030 2436/499/384
f 2414/1146/1031 1587/478/363 1586/477/362 2415/1147/1032
f 1602/459/344 2394/461/346 1217/463/348 1603/1148/1033
f 3047/755/640 3050/1149/1034 3051/1150/1035 3046/456/341
f 1336/419/304 1335/418/303 2054/1151/1036 2055/1152/1037
f 3761/1153/1038 3766/1154/1039 3767/1155/1040 2870/1156/1041
f 1622/1157/1042 2342/397/282 1209/396/281 1623/1158/1043
f 3027/388/273 3030/1159/1044 3031/1160/1045 3026/389/274
f 4042/1161/1046 3321/383/268 3320/386/271 4043/726/611
f 2104/1162/1047 1310/1163/1048 1309/1164/1049 2092/1165/1050
f 3021/1166/1051 3016/367/252 3017/366/251 3020/1167/1052
f 1631/362/247 1626/1168/1053 1627/1169/1054 1630/360/245
f 2106/707/592 1685/706/591 1684/1170/1055 2105/1171/1056
f 3341/903/788 3346/902/787 3347/1172/1057 3340/1173/1058
f 2264/1174/1059 2269/1175/1060 2270/1176/1061 1197/1177/1062
f 2182/1178/1063 2170/1179/1064 2179/1180/1065 2178/1181/1066
f 1661/1182/1067 2237/286/171 2238/288/173 1662/1183/1068
f 1281/1184/1069 1282/278/163 1285/277/162 1286/653/538
f 2208/1185/1070 2196/1186/1071 2205/1187/1072 2204/1188/1073
f 3142/1189/1074 3141/1190/1075 3500/1191/1076 3501/1192/1077
f 1272/260/145 2206/251/136 1188/1193/1078 1273/1194/1079
f 3861/1195/1080 3849/1196/1081 3858/1197/1082 3857/1198/1083
f 2293/677/562 2288/680/565 2287/1199/1084 2292/1200/1085
f 2423/1201/1086 2418/481/366 2417/1202/1087 2422/1203/1088
f 3696/1204/1089 3700/1205/1090 3701/1206/1091 3697/1207/1092
f 2427/1208/1093 2432/500/385 2433/1209/1094 2428/1210/1095
f 2449/1211/1096 2444/503/388 2443/1212/1097 2448/1213/1098
f 1946/795/680 1942/1214/1099 1941/1215/1100 1148/1216/1101
f 3822/1217/1102 3814/1218/1103 3819/353/238 3818/356/241
f 2479/1219/1104 2484/542/427 2485/814/699 2480/815/700
f 1646/670/555 1651/1220/1105 1652/1221/1106 1645/1222/1107
f 1559/1223/1108 2495/1224/1109 2496/1225/1110 1560/1226/1111
f 2501/1227/1112 2502/1228/1113 2497/1229/1114 2496/1225/1110
f 2502/1228/1113 2506/1230/1115 2507/1231/1116 2503/1232/1117
f 2940/1233/1118 4214/1234/1119 4215/1235/1120 4210/1236/1121
f 3103/1237/1122 3094/1238/1123 3095/1239/1124 3102/1240/1125
f 1670/1241/1126 2522/1242/1127 2523/1243/1128 1671/1244/1129
f 2533/1245/1130 2525/1246/1131 2530/867/752 2529/870/755
f 2559/1247/1132 2551/1248/1133 2556/1249/1134 2555/1250/1135
f 1530/1251/1136 2574/898/783 2575/897/782 1531/1252/1137
f 2575/897/782 2580/896/781 2581/1253/1138 2576/1254/1139
f 2585/1255/1140 2577/1256/1141 2582/1257/1142 2581/1253/1138
f 3152/1258/1143 3475/1259/1144 2826/1260/1145 3153/1261/1146
f 3469/1063/948 3147/1043/928 3146/1262/1147 3470/1067/952
f 1454/1263/1148 1455/956/841 1452/1264/1149 1453/1265/1150
f 1491/1266/1151 1490/1267/1152 2678/1268/1153 2679/1049/934
f 3443/1269/1154 3157/665/550 3156/1270/1155 3444/1271/1156
f 2695/1052/937 1264/991/876 2700/994/879 2696/1053/938
f 3735/1272/1157 3734/1273/1158 3739/438/323 3740/1274/1159
f 3166/1275/1160 3167/1276/1161 3170/1277/1162 3171/1278/1163
f 3184/1279/1164 4408/1280/1165 4409/1281/1166 3185/1282/1167
f 1471/1283/1168 2727/1039/924 2726/1038/923 1472/1284/1169
f 3651/1285/1170 3077/1286/1171 3076/887/772 3652/886/771
f 2813/1287/1172 3379/1288/1173 3380/1289/1174 2812/1290/1175
f 1703/1291/1176 1707/1292/1177 1708/1293/1178 1704/1294/1179
f 3417/1295/1180 3167/1276/1161 3166/1275/1160 3418/1296/1181
f 1467/987/872 1468/990/875 1459/1025/910 1460/1024/909
f 4386/1297/1182 4391/1298/1183 4390/1299/1184 4394/1300/1185
f 4385/1301/1186 4384/1302/1187 4389/1303/1188 4390/1299/1184
f 3722/1304/1189 3726/1305/1190 3727/1306/1191 3723/1307/1192
f 2403/465/350 2399/464/349 2398/1308/1193 2402/1309/1194
f 2008/1310/1195 2009/1311/1196 2004/1312/1197 2003/1313/1198
f 4119/1314/1199 3292/1315/1200 3291/1316/1201 4120/1317/1202
f 1355/1318/1203 2002/1319/1204 2003/1313/1198 1356/1320/1205
f 3583/1321/1206 3587/1322/1207 3588/1125/1010 3584/1124/1009
f 2042/1323/1208 2046/1324/1209 2047/1325/1210 2043/1326/1211
f 2377/1327/1212 2373/427/312 2372/426/311 2376/1328/1213
f 4056/1329/1214 4048/1330/1215 4053/1331/1216 4052/1332/1217
f 2350/1333/1218 2346/999/884 2345/1002/887 2349/1334/1219
f 3773/1335/1220 3777/1336/1221 3778/1337/1222 3774/1338/1223
f 2325/369/254 2321/372/257 2320/1339/1224 2324/1340/1225
f 4009/1341/1226 4013/1342/1227 4014/1343/1228 2907/1344/1229
f 2116/713/598 2112/712/597 2111/1345/1230 2115/1346/1231
f 3983/1347/1232 3987/1348/1233 3988/1349/1234 2903/1350/1235
f 2142/1351/1236 2138/327/212 2137/330/215 2141/1352/1237
f 2168/1353/1238 2164/1354/1239 2163/1355/1240 2167/1356/1241
f 2194/1357/1242 2190/1358/1243 2189/1359/1244 2193/1360/1245
f 2809/1361/1246 3174/1362/1247 3175/1363/1248 2810/1364/1249
f 1106/1365/1250 1471/1283/1168 1472/1284/1169 1107/1366/1251
f 1105/1367/1252 1470/1368/1253 1471/1283/1168 1106/1365/1250
f 2720/1369/1254 2724/1370/1255 2725/1371/1256 1266/1372/1257
f 3409/1373/1258 3404/1374/1259 2816/1375/1260 3408/1376/1261
f 3410/1377/1262 3405/1378/1263 3404/1374/1259 3409/1373/1258
f 4061/413/298 4056/1329/1214 4055/747/632 4060/746/631
f 3419/1379/1264 3165/1380/1265 3164/1381/1266 3407/1382/1267
f 2694/1383/1268 2698/1384/1269 2699/1385/1270 1262/1386/1271
f 2694/1383/1268 1262/1386/1271 2681/1387/1272 2689/1388/1273
f 1732/1389/1274 1727/1390/1275 1726/996/881 1731/995/880
f 3435/1391/1276 3439/1392/1277 3440/1393/1278 3436/1394/1279
f 2364/1395/1280 2352/1396/1281 2361/1397/1282 2360/1398/1283
f 1758/1399/1284 1753/1400/1285 1752/1073/958 1757/1401/1286
f 1442/1402/1287 1764/974/859 1120/1403/1288 1443/1404/1289
f 2642/1405/1290 2646/1406/1291 2647/1407/1292 1254/1408/1293
f 1146/528/413 1927/1409/1294 1935/1410/1295 1940/525/410
f 3488/1411/1296 3483/1412/1297 3482/1413/1298 3487/1414/1299
f 4342/941/826 4338/1415/1300 4337/1416/1301 4341/1417/1302
f 2626/1418/1303 1510/1419/1304 1509/1420/1305 2625/1421/1306
f 3496/1422/1307 3136/1423/1308 3135/1424/1309 3497/1425/1310
f 2901/1426/1311 3353/1427/1312 3352/1428/1313 3963/1429/1314
f 2622/1430/1315 2618/643/528 2617/642/527 1252/1431/1316
f 2623/1432/1317 2619/1433/1318 2618/643/528 2622/1430/1315
f 2624/1434/1319 2620/1435/1320 2619/1433/1318 2623/1432/1317
f 3504/639/524 3499/1436/1321 3498/1437/1322 3503/1438/1323
f 3515/1439/1324 3519/1440/1325 3520/1441/1326 2831/1442/1327
f 2610/1443/1328 2606/1444/1329 2605/1445/1330 2609/1446/1331
f 3513/1447/1332 3517/925/810 3518/927/812 3514/1448/1333
f 3541/1449/1334 3545/1450/1335 3546/1451/1336 2835/1452/1337
f 2584/1453/1338 2580/896/781 2579/899/784 2583/1454/1339
f 3539/616/501 3543/1455/1340 3544/1456/1341 3540/1457/1342
f 2590/1458/1343 2594/1459/1344 2595/1460/1345 1246/1461/1346
f 2579/899/784 2574/898/783 2573/1462/1347 2578/1463/1348
f 2558/1464/1349 2554/1465/1350 2553/1466/1351 2557/1467/1352
f 2559/1247/1132 2555/1250/1135 2554/1465/1350 2558/1464/1349
f 2538/1468/1353 2542/1469/1354 2543/1470/1355 1238/1471/1356
f 2516/1472/1357 2520/1055/940 2508/1058/943 2517/1473/1358
f 2847/1474/1359 3606/1475/1360 3614/1476/1361 3619/1477/1362
f 1958/1478/1363 1149/1479/1364 1952/1480/1365 1957/1481/1366
f 2438/490/375 2442/1482/1367 2430/1483/1368 2439/491/376
f 1223/1484/1369 2431/497/382 2432/500/385 2427/1208/1093
f 2416/1485/1370 2404/1486/1371 2413/469/354 2412/468/353
f 2408/467/352 2403/465/350 2402/1309/1194 2407/471/356
f 1218/470/355 2395/466/351 2403/465/350 2408/467/352
f 2390/1487/1372 2378/1488/1373 2387/435/320 2386/434/319
f 3749/1489/1374 2867/1490/1375 3736/1491/1376 3744/1492/1377
f 2381/1493/1378 2376/1328/1213 2375/1494/1379 2380/448/333
f 2382/433/318 2377/1327/1212 2376/1328/1213 2381/1493/1378
f 1214/436/321 2369/1495/1380 2377/1327/1212 2382/433/318
f 3039/1496/1381 3758/1497/1382 3759/1498/1383 3040/1499/1384
f 2056/1500/1385 2055/1152/1037 2060/1501/1386 2061/403/288
f 2355/412/297 2350/1333/1218 2349/1334/1219 2354/409/294
f 1210/1502/1387 2343/400/285 2351/399/284 2356/1503/1388
f 2338/1504/1389 1615/1505/1390 1614/1506/1391 2326/1507/1392
f 2338/1504/1389 2326/1507/1392 2335/375/260 2334/374/259
f 2319/1508/1393 2314/363/248 2313/701/586 2318/1509/1394
f 1633/1510/1395 1624/1511/1396 1625/1512/1397 1632/1513/1398
f 2642/1405/1290 1254/1408/1293 2629/1514/1399 2637/1515/1400
f 2311/350/235 1626/1168/1053 1625/1512/1397 2312/346/231
f 1642/1516/1401 1643/1517/1402 1634/1518/1403 1635/1519/1404
f 1307/1520/1405 2134/689/574 1177/1521/1406 1308/1522/1407
f 2285/686/571 1636/1523/1408 1635/1519/1404 2286/1524/1409
f 1652/1221/1106 1653/1525/1410 1644/1526/1411 1645/1222/1107
f 2259/300/185 1646/670/555 1645/1222/1107 2260/301/186
f 1662/1183/1068 1663/1527/1412 1654/1528/1413 1655/1529/1414
f 2233/272/157 1656/1530/1415 1655/1529/1414 2234/263/148
f 2199/1531/1416 2194/1357/1242 2193/1360/1245 2198/1532/1417
f 3366/1533/1418 3365/1534/1419 3941/645/530 3942/1535/1420
f 1297/1536/1421 1298/1537/1422 1289/1538/1423 1290/1539/1424
f 2145/1540/1425 2149/1541/1426 2150/1542/1427 2146/1543/1428
f 3342/900/785 3343/1544/1429 3344/1545/1430 3345/901/786
f 3346/902/787 3345/901/786 3993/1546/1431 3994/1547/1432
f 4360/1548/1433 4365/1549/1434 4364/1550/1435 4368/1551/1436
f 3825/1552/1437 3829/1553/1438 3830/337/222 3826/1554/1439
f 1317/1555/1440 1687/1556/1441 1688/1557/1442 1318/1558/1443
f 3017/366/251 3018/1559/1444 3019/1560/1445 3020/1167/1052
f 2089/730/615 2085/37/30 2084/40/33 1171/1561/1446
f 3321/383/268 3322/1562/1447 3325/1563/1448 3326/384/269
f 1167/1564/1449 2067/1565/1450 2068/1566/1451 2063/1567/1452
f 2063/1567/1452 2068/1566/1451 2069/1568/1453 2064/1569/1454
f 1337/1570/1455 2056/1500/1385 1165/1571/1456 1338/1572/1457
f 1337/1570/1455 1338/1572/1457 1329/740/625 1330/739/624
f 3311/1573/1458 3312/1574/1459 3315/1575/1460 3316/1576/1461
f 2380/448/333 2375/1494/1379 1215/1577/1462 2379/445/330
f 3743/437/322 3748/1578/1463 3749/1489/1374 3744/1492/1377
f 4087/444/329 4091/443/328 4092/1579/1464 2919/1580/1465
f 1346/1581/1466 2029/1582/1467 2030/1583/1468 1347/1584/1469
f 1342/757/642 1345/1585/1470 1346/1581/1466 1341/758/643
f 3716/1586/1471 3721/1587/1472 3722/1304/1189 3717/1588/1473
f 2864/1589/1474 3720/1590/1475 3721/1587/1472 3716/1586/1471
f 2011/1591/1476 2007/1592/1477 2006/1593/1478 1159/1594/1479
f 1990/1595/1480 1985/1596/1481 1155/1597/1482 1989/1598/1483
f 1991/1599/1484 1986/1600/1485 1985/1596/1481 1990/1595/1480
f 2428/1210/1095 2433/1209/1094 2434/489/374 2429/486/371
f 1154/1601/1486 1979/1602/1487 1987/1603/1488 1992/1604/1489
f 3019/1560/1445 3389/1605/1490 3390/1606/1491 3020/1167/1052
f 3281/1607/1492 3286/1608/1493 3287/1609/1494 3280/1610/1495
f 1357/1611/1496 2004/1312/1197 1157/1612/1497 1358/1613/1498
f 1964/1614/1499 1959/1615/1500 1151/1616/1501 1963/1617/1502
f 1963/1617/1502 1967/1618/1503 1968/1619/1504 1964/1614/1499
f 2098/1620/1505 2102/697/582 2103/700/585 2099/1621/1506
f 3982/1622/1507 3986/1623/1508 3987/1348/1233 3983/1347/1232
f 1567/1624/1509 1568/1625/1510 1569/1626/1511 1570/1627/1512
f 3076/887/772 3077/1286/1171 3080/1628/1513 3081/1629/1514
f 1377/1630/1515 1378/1631/1516 1369/1632/1517 1370/1633/1518
f 4166/1634/1519 2933/1635/1520 4171/1636/1521 4167/1637/1522
f 2933/1635/1520 3273/1638/1523 3272/1639/1524 4171/1636/1521
f 1937/1640/1525 1941/1215/1100 1942/1214/1099 1938/1641/1526
f 2480/815/700 2476/1642/1527 2475/1643/1528 2479/1219/1104
f 1938/1641/1526 1933/1644/1529 1147/1645/1530 1937/1640/1525
f 2490/1646/1531 2494/1647/1532 2482/1648/1533 2491/1649/1534
f 4197/1650/1535 3262/1651/1536 3261/1652/1537 4198/1653/1538
f 3262/1651/1536 3265/802/687 3266/801/686 3261/1652/1537
f 1557/1654/1539 1560/1226/1111 1561/1655/1540 1556/1656/1541
f 4204/1657/1542 4209/1658/1543 4208/1659/1544 4212/1660/1545
f 1912/1661/1546 1907/829/714 1143/832/717 1911/1662/1547
f 2941/1663/1548 3253/1664/1549 3252/1665/1550 4223/1666/1551
f 1900/1667/1552 1682/1668/1553 1681/1669/1554 1899/1670/1555
f 3386/1671/1556 3101/1672/1557 3100/1673/1558 3385/1674/1559
f 3597/423/308 3601/1675/1560 3589/1676/1561 3598/1677/1562
f 4238/857/742 4230/856/741 4235/702/587 4234/705/590
f 2148/1678/1563 2152/1679/1564 2153/1680/1565 1178/1681/1566
f 2546/1682/1567 2534/1683/1568 2543/1470/1355 2542/1469/1354
f 3111/848/733 3110/845/730 3577/1684/1569 3578/1685/1570
f 3247/851/736 4255/1686/1571 2946/1687/1572 3248/852/737
f 3247/851/736 3246/1688/1573 4254/1689/1574 4255/1686/1571
f 3861/1195/1080 3857/1198/1083 3856/1021/906 3860/1690/1575
f 1848/875/760 1853/1691/1576 1854/1692/1577 1133/876/761
f 2574/898/783 1530/1251/1136 1529/1693/1578 2573/1462/1347
f 1842/1694/1579 1412/1695/1580 1411/905/790 1843/904/789
f 4288/1696/1581 4284/1697/1582 4283/1698/1583 2952/1699/1584
f 4292/1700/1585 4296/1701/1586 4297/1702/1587 4293/1703/1588
f 1822/883/768 1827/1704/1589 1828/1705/1590 1129/884/769
f 4302/1706/1591 4298/1707/1592 4297/1702/1587 4301/1708/1593
f 3227/1709/1594 4307/1710/1595 2954/1711/1596 3228/1712/1597
f 1520/623/508 2600/1713/1598 2601/1714/1599 1521/627/512
f 1811/919/804 1128/1715/1600 1816/922/807 1812/920/805
f 4320/1716/1601 4315/1717/1602 4314/1718/1603 4319/1719/1604
f 2614/644/529 2618/643/528 2619/1433/1318 2615/1720/1605
f 1801/1721/1606 1805/1722/1607 1797/1723/1608 1802/1724/1609
f 1948/1725/1610 1936/1726/1611 1945/527/412 1944/526/411
f 1800/1727/1612 1801/1721/1606 1796/911/796 1795/916/801
f 3497/1425/1310 3135/1424/1309 3134/1728/1613 3485/1729/1614
f 4339/1730/1615 2958/1731/1616 4333/1732/1617 4338/1415/1300
f 1122/1733/1618 1771/1734/1619 1779/1735/1620 1784/1736/1621
f 2636/1737/1622 2641/1738/1623 2642/1405/1290 2637/1515/1400
f 4345/1739/1624 4349/1740/1625 4350/1741/1626 4346/1742/1627
f 1779/1735/1620 1771/1734/1619 1776/1743/1628 1775/1744/1629
f 1776/1743/1628 1121/1745/1630 1770/1746/1631 1775/1744/1629
f 1281/1184/1069 1286/653/538 1287/1747/1632 1280/1748/1633
f 3207/1749/1634 4359/1750/1635 2962/1751/1636 3208/1752/1637
f 1444/1753/1638 1445/934/819 1442/1402/1287 1443/1404/1289
f 1441/1754/1639 1442/1402/1287 1445/934/819 1446/937/822
f 2655/1755/1640 2660/1756/1641 2659/1757/1642 2663/1758/1643
f 2964/1759/1644 4370/1760/1645 4371/1761/1646 4366/1762/1647
f 4371/1761/1646 4375/1076/961 4376/1079/964 4372/1763/1648
f 2670/1764/1649 2674/1765/1650 2675/1766/1651 2671/1767/1652
f 3042/1768/1653 3043/1769/1654 3034/1770/1655 3035/1771/1656
f 1451/1772/1657 1452/1264/1149 1455/956/841 1456/954/839
f 1753/1400/1285 1745/1773/1658 1750/1774/1659 1749/1775/1660
f 2672/1776/1661 2676/1080/965 2664/1083/968 2673/1777/1662
f 1452/1264/1149 1738/1778/1663 1116/1779/1664 1453/1265/1150
f 1476/1780/1665 1481/1781/1666 1482/1059/944 1475/1062/947
f 1727/1390/1275 1719/1782/1667 1724/1783/1668 1723/1784/1669
f 1717/1785/1670 1722/1786/1671 1723/1784/1669 1718/988/873
f 3187/1787/1672 4411/1788/1673 2970/1789/1674 3188/1790/1675
f 2724/1370/1255 2728/1791/1676 2716/1792/1677 2725/1371/1256
f 2723/1040/925 2727/1039/924 2728/1791/1676 2724/1370/1255
f 2976/599/484 2977/1793/1678 2980/1794/1679 2981/600/485
f 3432/1795/1680 3428/1796/1681 3427/1797/1682 3431/1798/1683
f 1277/1799/1684 2212/1800/1685 1189/1801/1686 1278/1802/1687
f 3362/1803/1688 3365/1534/1419 3366/1533/1418 3361/1804/1689
f 3886/1805/1690 2986/1806/1691 2985/1807/1692 3887/1808/1693
f 1287/1747/1632 2186/1809/1694 1185/1810/1695 1288/1811/1696
f 2192/1812/1697 1185/1810/1695 2186/1809/1694 2191/1813/1698
f 3000/1814/1699 3863/1815/1700 3864/1816/1701 3001/1817/1702
f 1647/669/554 1650/1818/1703 1651/1220/1105 1646/670/555
f 2154/1819/1704 1292/1820/1705 1291/1821/1706 2155/1822/1707
f 1297/1536/1421 2160/1823/1708 1181/1824/1709 1298/1537/1422
f 2166/1825/1710 1181/1824/1709 2160/1823/1708 2165/1826/1711
f 1301/1827/1712 1306/1828/1713 1307/1520/1405 1300/1829/1714
f 3989/1830/1715 3342/900/785 3341/903/788 3990/1831/1716
f 3006/1832/1717 3011/1833/1718 3012/331/216 3005/334/219
f 2128/1834/1719 1302/1835/1720 1301/1827/1712 2129/1836/1721
f 2905/1837/1722 3343/1544/1429 3342/900/785 3989/1830/1715
f 2282/1838/1723 2286/1524/1409 2274/1839/1724 2283/1840/1725
f 1316/1841/1726 1686/709/594 1687/1556/1441 1317/1555/1440
f 4015/1842/1727 3332/1843/1728 3331/1844/1729 4016/1845/1730
f 1312/698/583 1313/1846/1731 1314/1847/1732 1315/1848/1733
f 1687/1556/1441 2108/1849/1734 1173/1850/1735 1688/1557/1442
f 2114/1851/1736 1173/1850/1735 2108/1849/1734 2113/711/596
f 3790/1852/1737 3785/1853/1738 3784/1854/1739 3789/1855/1740
f 3794/1856/1741 3790/1852/1737 3789/1855/1740 2876/1857/1742
f 4041/1858/1743 3322/1562/1447 3321/383/268 4042/1161/1046
f 4068/1859/1744 4064/1860/1745 4063/1861/1746 4067/1862/1747
f 4068/1859/1744 3311/1573/1458 3310/1863/1748 4069/744/629
f 2056/1500/1385 2061/403/288 2062/402/287 1165/1571/1456
f 4094/1864/1749 4090/442/327 4089/1865/1750 4093/1866/1751
f 1346/1581/1466 1345/1585/1470 2028/1867/1752 2029/1582/1467
f 1342/757/642 1343/1868/1753 1344/1869/1754 1345/1585/1470
f 3742/440/325 3738/439/324 3737/1870/1755 2868/1871/1756
f 2414/1146/1031 2410/474/359 2409/476/361 1220/1872/1757
f 1365/1873/1758 1976/1874/1759 1977/1875/1760 1366/1876/1761
f 1364/1877/1762 1365/1873/1758 1362/791/676 1363/794/679
f 1987/1603/1488 1979/1602/1487 1984/1878/1763 1983/1879/1764
f 1961/1880/1765 1957/1481/1366 1956/1881/1766 1960/1882/1767
f 1965/1883/1768 1969/507/392 1970/506/391 1966/1884/1769
f 3656/1885/1770 3661/1886/1771 3662/1887/1772 3657/1888/1773
f 2458/1889/1774 2462/1890/1775 2463/510/395 2459/509/394
f 2453/1891/1776 2458/1889/1774 2459/509/394 2454/1892/1777
f 1950/1893/1778 1375/519/404 1374/1894/1779 1949/1895/1780
f 3669/1896/1781 3664/1897/1782 2856/1898/1783 3668/1899/1784
f 1925/1900/1785 1930/1901/1786 1931/1902/1787 1926/1903/1788
f 3630/1904/1789 3635/534/419 3636/1905/1790 3631/544/429
f 1385/1906/1791 1924/810/695 1925/1900/1785 1386/1907/1792
f 2297/1908/1793 2293/677/562 2292/1200/1085 1203/1909/1794
f 3487/1414/1299 3482/1413/1298 2828/1910/1795 3486/1911/1796
f 1899/1670/1555 1904/834/719 1905/1912/1797 1900/1667/1552
f 3613/1913/1798 3609/1914/1799 3608/552/437 3612/551/436
f 2518/1915/1800 1547/565/450 1546/564/449 2519/1916/1801
f 1909/1917/1802 1901/1918/1803 1906/1919/1804 1905/1912/1797
f 3617/1920/1805 3612/551/436 2848/554/439 3616/1921/1806
f 1878/1121/1006 1882/582/467 1883/578/463 1879/1922/1807
f 2538/1468/1353 2533/1245/1130 2532/1923/1808 2537/1924/1809
f 1882/582/467 1878/1121/1006 1877/1120/1005 1881/579/464
f 2844/1925/1810 3590/1926/1811 3591/1927/1812 3586/1928/1813
f 3561/1929/1814 3557/1930/1815 3556/1931/1816 3560/1932/1817
f 4263/1933/1818 4259/1934/1819 4258/1935/1820 4262/1936/1821
f 3569/1937/1822 3573/1938/1823 3574/1939/1824 3570/1940/1825
f 3573/1938/1823 3107/842/727 3106/847/732 3574/1939/1824
f 1855/1941/1826 1860/1942/1827 1861/1943/1828 1856/1944/1829
f 3761/1153/1038 3760/1945/1830 3765/406/291 3766/1154/1039
f 3640/1946/1831 3632/1947/1832 3637/1948/1833 3636/1905/1790
f 1135/1949/1834 1859/1950/1835 1860/1942/1827 1855/1941/1826
f 1859/1950/1835 1863/1951/1836 1864/1952/1837 1860/1942/1827
f 2587/1953/1838 2591/1954/1839 2592/1955/1840 2588/1956/1841
f 1422/1957/1842 1423/1958/1843 1424/1959/1844 1425/1960/1845
f 1422/1957/1842 1425/1960/1845 1426/1961/1846 1421/928/813
f 1829/1962/1847 1834/893/778 1835/895/780 1830/1963/1848
f 4289/1964/1849 4285/1965/1850 4284/1697/1582 4288/1696/1581
f 3542/1966/1851 2837/906/791 3547/909/794 3543/1455/1340
f 1803/1967/1852 1808/921/806 1809/1968/1853 1804/1969/1854
f 1809/1968/1853 1813/924/809 1814/1970/1855 1810/1971/1856
f 3489/1972/1857 3484/1973/1858 3483/1412/1297 3488/1411/1296
f 1783/947/832 1787/946/831 1788/1974/1859 1784/1736/1621
f 1792/1975/1860 1780/1976/1861 1789/1977/1862 1788/1974/1859
f 4367/1978/1863 4363/1979/1864 4362/1980/1865 4366/1762/1647
f 1766/1981/1866 1754/1982/1867 1763/1983/1868 1762/1984/1869
f 3748/1578/1463 3752/1985/1870 3753/1986/1871 3749/1489/1374
f 1722/1786/1671 1717/1785/1670 1716/1987/1872 1721/1988/1873
f 1114/1989/1874 1719/1782/1667 1727/1390/1275 1732/1389/1274
f 1701/1137/1022 1697/1990/1875 1696/1991/1876 1700/1138/1023
f 3436/1394/1279 3431/1798/1683 3430/1992/1877 3435/1391/1276
f 4207/1993/1878 4211/1994/1879 4212/1660/1545 4208/1659/1544
f 3403/1995/1880 2814/1996/1881 3397/1997/1882 3402/1998/1883
f 1992/1604/1489 1996/1999/1884 1997/2000/1885 1154/1601/1486
f 3411/1014/899 3406/1013/898 3405/1378/1263 3410/1377/1262
f 1698/2001/1886 1109/1108/993 1692/1107/992 1697/1990/1875
f 3431/1798/1683 3427/1797/1682 3426/2002/1887 3430/1992/1877
f 2687/2003/1888 2683/2004/1889 2682/2005/1890 1263/2006/1891
f 2698/1384/1269 2702/2007/1892 2690/2008/1893 2699/1385/1270
f 2667/2009/1894 2671/1767/1652 2672/1776/1661 2668/2010/1895
f 2661/2011/1896 2666/2012/1897 2667/2009/1894 2662/2013/1898
f 2661/2011/1896 2657/2014/1899 2656/2015/1900 1259/2016/1901
f 4338/1415/1300 4342/941/826 4334/940/825 4339/1730/1615
f 3481/2017/1902 2826/1260/1145 3475/1259/1144 3480/2018/1903
f 4319/1719/1604 4314/1718/1603 2956/2019/1904 4318/2020/1905
f 3261/1652/1537 3266/801/686 3267/2021/1906 3260/2022/1907
f 4130/2023/1908 4134/2024/1909 4126/2025/1910 4131/2026/1911
f 3140/2027/1912 3499/1436/1321 3500/1191/1076 3141/1190/1075
f 2622/1430/1315 1507/2028/1913 1506/2029/1914 2623/1432/1317
f 4329/2030/1915 3210/2031/1916 3209/2032/1917 4317/2033/1918
f 1826/2034/1919 1830/1963/1848 1831/2035/1920 1827/1704/1589
f 2597/2036/1921 1516/626/511 1515/2037/1922 2598/2038/1923
f 3687/494/379 3682/2039/1924 3681/2040/1925 3686/495/380
f 2598/2038/1923 2586/2041/1926 2595/1460/1345 2594/1459/1344
f 2598/2038/1923 1515/2037/1922 1514/2042/1927 2586/2041/1926
f 4269/2043/1928 4273/2044/1929 4274/2045/1930 2947/2046/1931
f 1532/2047/1932 1533/2048/1933 1524/1112/997 1525/1111/996
f 2537/1924/1809 2541/2049/1934 2542/1469/1354 2538/1468/1353
f 2515/2050/1935 2519/1916/1801 2520/1055/940 2516/1472/1357
f 3385/1674/1559 3603/2051/1936 3604/2052/1937 3386/1671/1556
f 2514/561/446 2518/1915/1800 2519/1916/1801 2515/2050/1935
f 3603/2051/1936 3385/1674/1559 3384/2053/1938 3602/2054/1939
f 1930/1901/1786 1925/1900/1785 1924/810/695 1929/809/694
f 2494/1647/1532 1555/2055/1940 1554/2056/1941 2482/1648/1533
f 1562/2057/1942 1563/2058/1943 1554/2056/1941 1555/2055/1940
f 2467/2059/1944 1566/2060/1945 1565/2061/1946 2468/2062/1947
f 2462/1890/1775 2466/2063/1948 2467/2059/1944 2463/510/395
f 1377/1630/1515 1952/1480/1365 1149/1479/1364 1378/1631/1516
f 2437/2064/1949 2441/2065/1950 2442/1482/1367 2438/490/375
f 3070/715/600 3681/2040/1925 3682/2039/1924 3071/2066/1951
f 1582/786/671 1583/789/674 1574/2067/1952 1575/1143/1028
f 3713/2068/1953 3708/2069/1954 3707/2070/1955 3712/2071/1956
f 3777/1336/1221 3781/387/272 3782/390/275 3778/1337/1222
f 3707/2070/1955 3060/2072/1957 3059/2073/1958 3706/2074/1959
f 1357/1611/1496 1358/1613/1498 1349/776/661 1350/775/660
f 4259/1934/1819 4254/1689/1574 4253/591/476 4258/1935/1820
f 3051/1150/1035 3050/1149/1034 3733/2075/1960 3734/1273/1158
f 2390/1487/1372 1595/2076/1961 1594/2077/1962 2378/1488/1373
f 1602/459/344 1603/1148/1033 1594/2077/1962 1595/2076/1961
f 3041/2078/1963 3040/1499/1384 3759/1498/1383 3760/1945/1830
f 2363/2079/1964 2359/411/296 2358/410/295 2362/2080/1965
f 1612/2081/1966 1613/2082/1967 1604/2083/1968 1605/2084/1969
f 2337/2085/1970 1616/2086/1971 1615/1505/1390 2338/1504/1389
f 1622/1157/1042 1623/1158/1043 1614/1506/1391 1615/1505/1390
f 2310/352/237 1627/1169/1054 1626/1168/1053 2311/350/235
f 3334/2087/1972 3369/2088/1973 3370/2089/1974 3335/2090/1975
f 3006/1832/1717 3007/2091/1976 3010/2092/1977 3011/1833/1718
f 3990/1831/1716 3341/903/788 3340/1173/1058 3991/2093/1978
f 1642/1516/1401 2290/675/560 1201/676/561 1643/1517/1402
f 1652/1221/1106 2264/1174/1059 1197/1177/1062 1653/1525/1410
f 1662/1183/1068 2238/288/173 1193/2094/1979 1663/1527/1412
f 3874/2095/1980 3866/2096/1981 3871/305/190 3870/308/193
f 3873/2097/1982 3869/2098/1983 3868/2099/1984 3872/2100/1985
f 3981/695/580 3985/2101/1986 3986/1623/1508 3982/1622/1507
f 3980/694/579 3984/2102/1987 3985/2101/1986 3981/695/580
f 4221/2103/1988 4225/2104/1989 4213/2105/1990 4222/2106/1991
f 3821/2107/1992 3817/2108/1993 3816/2109/1994 3820/2110/1995
f 3801/2111/1996 2875/2112/1997 3788/2113/1998 3796/2114/1999
f 2329/377/262 2324/1340/1225 2323/2115/2000 2328/2116/2001
f 3794/1856/1741 3799/2117/2002 3800/2118/2003 3795/2119/2004
f 2876/1857/1742 3798/2120/2005 3799/2117/2002 3794/1856/1741
f 3775/2121/2006 3779/2122/2007 3780/2123/2008 2871/2124/2009
f 2068/1566/1451 2072/2125/2010 2073/391/276 2069/1568/1453
f 4055/747/632 4051/2126/2011 4050/2127/2012 4054/748/633
f 2375/1494/1379 2371/2128/2013 2370/2129/2014 1215/1577/1462
f 2376/1328/1213 2372/426/311 2371/2128/2013 2375/1494/1379
f 3747/2130/2015 3751/432/317 3752/1985/1870 3748/1578/1463
f 3723/1307/1192 3727/1306/1191 3728/2131/2016 2863/2132/2017
f 2402/1309/1194 2398/1308/1193 2397/2133/2018 2401/2134/2019
f 3721/1587/1472 3725/2135/2020 3726/1305/1190 3722/1304/1189
f 2434/489/374 1222/492/377 2421/487/372 2429/486/371
f 1150/2136/2021 1953/2137/2022 1961/1880/1765 1966/1884/1769
f 3957/2138/2023 3961/2139/2024 3962/2140/2025 2899/2141/2026
f 2960/2142/2027 4344/2143/2028 4345/1739/1624 4340/2144/2029
f 3643/2145/2030 3647/2146/2031 3648/2147/2032 3644/2148/2033
f 4012/2149/2034 4016/1845/1730 4017/2150/2035 4013/1342/1227
f 3653/889/774 3075/888/773 3074/2151/2036 3641/2152/2037
f 4306/2153/2038 4311/2154/2039 4312/2155/2040 4307/1710/1595
f 2506/1230/1115 2502/1228/1113 2501/1227/1112 2505/2156/2041
f 2505/2156/2041 2501/1227/1112 2500/2157/2042 1235/2158/2043
f 1886/580/465 1890/2159/2044 1891/863/748 1887/581/466
f 4228/2160/2045 4233/860/745 4234/705/590 4229/704/589
f 2533/1245/1130 2529/870/755 2528/2161/2046 2532/1923/1808
f 3484/1973/1858 3476/2162/2047 3481/2017/1902 3480/2018/1903
f 2522/1242/1127 1670/1241/1126 1669/2163/2048 2521/2164/2049
f 1864/1952/1837 1868/2165/2050 1869/587/472 1865/2166/2051
f 3575/2167/2052 3105/850/735 3104/2168/2053 3563/2169/2054
f 3544/1456/1341 3548/2170/2055 3549/2171/2056 3545/1450/1335
f 1132/2172/2057 1413/2173/2058 1412/1695/1580 1842/1694/1579
f 3523/558/443 3125/557/442 3124/2174/2059 3511/2175/2060
f 2633/1087/972 2637/1515/1400 2629/1514/1399 2634/2176/2061
f 1492/1084/969 2680/1045/930 1261/1048/933 1493/1085/970
f 2674/1765/1650 1487/2177/2062 1486/2178/2063 2675/1766/1651
f 1481/1781/1666 1480/2179/2064 2704/1034/919 2705/1031/916
f 1477/993/878 1480/2179/2064 1481/1781/1666 1476/1780/1665
f 3172/2180/2065 3173/2181/2066 3164/1381/1266 3165/1380/1265
f 3172/2180/2065 3423/2182/2067 2818/2183/2068 3173/2181/2066
f 1712/2184/2069 1462/2185/2070 1461/2186/2071 1713/2187/2072
f 1712/2184/2069 1708/1293/1178 1707/1292/1177 1112/2188/2073
f 1738/1778/1663 1734/2189/2074 1733/2190/2075 1116/1779/1664
f 1764/974/859 1442/1402/1287 1441/1754/1639 1765/972/857
f 1441/1754/1639 1446/937/822 1447/2191/2076 1440/2192/2077
f 1764/974/859 1760/967/852 1759/966/851 1120/1403/1288
f 1866/2193/2078 1870/590/475 1858/2194/2079 1867/2195/2080
f 1966/1884/1769 1970/506/391 1971/2196/2081 1150/2136/2021
f 1974/505/390 1962/2197/2082 1971/2196/2081 1970/506/391
f 2163/1355/1240 2158/2198/2083 2157/2199/2084 2162/2200/2085
f 4251/2201/2086 3240/854/739 3239/853/738 4239/2202/2087
f 1407/846/731 1874/2203/2088 1137/2204/2089 1408/2205/2090
f 1140/2206/2091 1393/2207/2092 1392/569/454 1894/2208/2093
f 2415/1147/1032 2411/472/357 2410/474/359 2414/1146/1031
f 3375/828/713 4227/2209/2094 4228/2160/2045 3376/825/710
f 1397/2210/2095 1682/1668/1553 1683/2211/2096 1398/2212/2097
f 1920/805/690 1916/2213/2098 1915/2214/2099 1144/2215/2100
f 3627/971/856 3623/2216/2101 3622/2217/2102 3626/968/853
f 4206/839/724 4207/1993/1878 4202/804/689 4201/803/688
f 1387/2218/2103 1388/2219/2104 1379/799/684 1380/798/683
f 2475/1643/1528 2476/1642/1527 2471/522/407 2470/2220/2105
f 1972/790/675 1968/1619/1504 1967/1618/1503 1152/793/678
f 1989/1598/1483 1993/2221/2106 1994/2222/2107 1990/1595/1480
f 2000/774/659 1988/777/662 1997/2000/1885 1996/1999/1884
f 4102/2223/2108 4097/2224/2109 4096/2225/2110 4101/2226/2111
f 1347/1584/1469 1348/2227/2112 1339/752/637 1340/751/636
f 2487/540/425 1232/2228/2113 2492/2229/2114 2488/541/426
f 4076/2230/2115 4071/2231/2116 4070/2232/2117 4075/2233/2118
f 2089/730/615 2094/2234/2119 2095/2235/2120 2090/6/4
f 4027/2236/2121 2910/2237/2122 4021/2238/2123 4026/2239/2124
f 2046/1324/1209 2050/743/628 2051/742/627 2047/1325/1210
f 2100/2240/2125 2104/1162/1047 2092/1165/1050 2101/2241/2126
f 2120/2242/2127 2115/1346/1231 1175/2243/2128 2119/2244/2129
f 2121/2245/2130 2116/713/598 2115/1346/1231 2120/2242/2127
f 3826/1554/1439 3821/2107/1992 3820/2110/1995 3825/1552/1437
f 2146/1543/1428 2141/1352/1237 1179/2246/2131 2145/1540/1425
f 2147/2247/2132 2142/1351/1236 2141/1352/1237 2146/1543/1428
f 3976/696/581 3981/695/580 3982/1622/1507 3977/2248/2133
f 3944/2249/2134 3949/2250/2135 3948/2251/2136 3952/2252/2137
f 2172/2253/2138 2176/2254/2139 2177/2255/2140 2173/2256/2141
f 3951/2257/2142 3947/2258/2143 3946/293/178 3950/292/177
f 2239/298/183 2244/2259/2144 2243/289/174 2247/291/176
f 2197/2260/2145 2201/2261/2146 2202/250/135 2198/1532/1417
f 2220/2262/2147 2216/2263/2148 2215/2264/2149 2219/2265/2150
f 3924/2266/2151 3929/2267/2152 3930/2268/2153 3925/2269/2154
f 3903/661/546 3907/2270/2155 3908/2271/2156 3904/2272/2157
f 2217/2273/2158 2221/2274/2159 2213/2275/2160 2218/2276/2161
f 3905/2277/2162 3909/2278/2163 3910/2279/2164 2891/2280/2165
f 2198/1532/1417 2202/250/135 2203/249/134 2199/1531/1416
f 3357/312/197 3358/2281/2166 3349/2282/2167 3350/2283/2168
f 3899/2284/2169 3895/266/151 3894/269/154 3898/658/543
f 2887/2285/2170 3866/2096/1981 3874/2095/1980 3879/2286/2171
f 2245/2287/2172 2250/2288/2173 2251/2289/2174 2246/290/175
f 3878/2290/2175 3873/2097/1982 3872/2100/1985 3877/2291/2176
f 1199/2292/2177 2275/2293/2178 2276/2294/2179 2271/2295/2180
f 3769/405/290 3774/1338/1223 3775/2121/2006 3770/2296/2181
f 2272/2297/2182 2277/2298/2183 2278/317/202 2273/320/205
f 2879/2299/2184 3814/1218/1103 3822/1217/1102 3827/2300/2185
f 3826/1554/1439 3830/337/222 3831/336/221 3827/2300/2185
f 2298/2301/2186 2303/2302/2187 2304/343/228 2299/342/227
f 3507/2303/2188 2830/2304/2189 3501/1192/1077 3506/2305/2190
f 2323/2115/2000 2319/1508/1393 2318/1509/1394 1207/2306/2191
f 2324/1340/1225 2320/1339/1224 2319/1508/1393 2323/2115/2000
f 2095/2235/2120 2099/1621/1506 2100/2240/2125 2096/2307/2192
f 2072/2125/2010 2076/720/605 2077/392/277 2073/391/276
f 1164/2308/2193 1333/2309/2194 1332/417/302 2050/743/628
f 4072/2310/2195 4077/2311/2196 4078/2312/2197 4073/2313/2198
f 1160/2314/2199 1343/1868/1753 1342/757/642 2024/756/641
f 2919/1580/1465 4074/2315/2200 4082/2316/2201 4087/444/329
f 1522/2317/2202 1523/2318/2203 1514/2042/1927 1515/2037/1922
f 1512/2319/2204 1513/2320/2205 1504/2321/2206 1505/2322/2207
f 3136/1423/1308 3137/2323/2208 3140/2027/1912 3141/1190/1075
f 1509/1420/1305 1510/1419/1304 1507/2028/1913 1508/2324/2209
f 3460/2325/2210 3464/1065/950 3465/1064/949 3461/2326/2211
f 3408/1376/1261 3412/2327/2212 3413/2328/2213 3409/1373/1258
f 2768/2329/2214 2729/107/62 1064/110/62 1103/2330/2215
f 2748/2331/117 2749/2332/2216 1084/2333/2216 1083/2334/117
f 2737/2335/2217 2738/2336/2218 1073/2337/2218 1072/2338/2219
f 2736/2339/2220 2737/2335/2217 1072/2338/2219 1071/2340/2221
f 56/207/113 55/2341/2222 338/2342/2222 339/208/113
f 2757/199/93 2758/2343/73 1093/2344/73 1092/200/93
f 63/2345/2223 62/2346/2224 345/2347/2224 346/2348/2225
f 413/210/2226 405/211/54 408/87/54 414/212/2226
f 74/2349/2227 73/2350/2228 356/2351/2229 357/2352/2230
f 73/2350/2228 72/2353/2231 355/2354/2232 356/2351/2229
f 2215/2264/2149 2210/2355/2233 2209/2356/2234 2214/2357/2235
f 2216/2263/2148 2217/2273/2158 2212/1800/1685 2211/2358/2236
f 2979/2359/2237 2980/1794/1679 2977/1793/1678 2978/2360/2238
f 3921/2361/2239 3922/255/140 3917/254/139 3916/2362/2240
f 1191/2363/2241 2223/2364/2242 2224/2365/2243 2219/2265/2150
f 2189/1359/1244 2184/651/536 2183/2366/2244 2188/2367/2245
f 3932/2368/2246 2897/2369/2247 3937/655/540 3933/654/539
f 3362/1803/1688 3363/2370/2248 3364/2371/2249 3365/1534/1419
f 2182/1178/1063 2178/1181/1066 2177/2255/2140 2181/2372/2250
f 3947/2258/2143 3951/2257/2142 3952/2252/2137 3948/2251/2136
f 2171/2373/2251 2175/2374/2252 2176/2254/2139 2172/2253/2138
f 2172/2253/2138 2167/1356/1241 1183/2375/2253 2171/2373/2251
f 3961/2139/2024 3965/2376/2254 3953/2377/2255 3962/2140/2025
f 3960/2378/2256 3964/2379/2257 3965/2376/2254 3961/2139/2024
f 3959/673/558 3963/1429/1314 3964/2379/2257 3960/2378/2256
f 2999/2380/2258 3000/1814/1699 2997/2381/2259 2998/2382/2260
f 3354/2383/2261 3966/2384/2262 3967/2385/2263 3355/2386/2264
f 2155/1822/1707 1291/1821/1706 1290/1539/1424 2156/2387/2265
f 2156/2387/2265 2152/1679/1564 2151/2388/2266 2155/1822/1707
f 4277/2389/2267 4273/2044/1929 4272/2390/2268 4276/2391/2269
f 3973/2392/2270 3977/2248/2133 3978/2393/2271 3974/2394/2272
f 3970/2395/2273 3975/2396/2274 3974/2394/2272 3978/2393/2271
f 3983/1347/1232 2903/1350/1235 3970/2395/2273 3978/2393/2271
f 2137/330/215 2132/329/214 2131/2397/2275 2136/2398/2276
f 3986/1623/1508 3990/1831/1716 3991/2093/1978 3987/1348/1233
f 3985/2101/1986 3989/1830/1715 3990/1831/1716 3986/1623/1508
f 3984/2102/1987 2905/1837/1722 3989/1830/1715 3985/2101/1986
f 2130/2399/2277 1300/1829/1714 1299/2400/2278 2118/2401/2279
f 3998/977/862 3999/976/861 3994/1547/1432 3993/1546/1431
f 3995/2402/2280 3994/1547/1432 3999/976/861 4000/2403/2281
f 3999/976/861 4003/975/860 4004/2404/2282 4000/2403/2281
f 2119/2244/2129 2123/2405/2283 2124/2406/2284 2120/2242/2127
f 2111/1345/1230 2106/707/592 2105/1171/1056 2110/2407/2285
f 4011/2408/2286 4015/1842/1727 4016/1845/1730 4012/2149/2034
f 4010/2409/2287 2909/2410/2288 4015/1842/1727 4011/2408/2286
f 3332/1843/1728 3333/2411/2289 3334/2087/1972 3335/2090/1975
f 1387/2218/2103 1926/1903/1788 1145/2412/2290 1388/2219/2104
f 3371/2413/2291 3336/2414/2292 3335/2090/1975 3370/2089/1974
f 3370/2089/1974 4019/2415/2293 4020/2416/2294 3371/2413/2291
f 4021/2238/2123 3372/2417/2295 3371/2413/2291 4020/2416/2294
f 4020/2416/2294 4025/2418/2296 4026/2239/2124 4021/2238/2123
f 3805/2419/2297 3809/2420/2298 3797/2421/2299 3806/2422/2300
f 2093/2423/2301 2097/2424/2302 2098/1620/1505 2094/2234/2119
f 4035/2425/2303 4039/2426/2304 4040/2427/2305 2911/2428/2306
f 1804/1969/1854 1800/1727/1612 1799/2429/2307 1803/1967/1852
f 3322/1562/1447 4041/1858/1743 2913/2430/2308 3323/2431/2309
f 3324/2432/2310 3325/1563/1448 3322/1562/1447 3323/2431/2309
f 1321/718/603 1326/2433/2311 1327/2434/2312 1320/719/604
f 3327/385/270 3326/384/269 4046/2435/2313 4047/2436/2314
f 1730/998/883 1734/2189/2074 1735/2437/2315 1731/995/880
f 2071/2438/2316 1168/2439/2317 2076/720/605 2072/2125/2010
f 2349/1334/1219 2345/1002/887 2344/2440/2318 1211/2441/2319
f 2063/1567/1452 2059/2442/2320 2058/2443/2321 1167/1564/1449
f 3765/406/291 3769/405/290 3770/2296/2181 3766/1154/1039
f 4059/749/634 4063/1861/1746 4064/1860/1745 4060/746/631
f 4058/2444/2322 4062/2445/2323 4063/1861/1746 4059/749/634
f 3314/2446/2324 3315/1575/1460 3312/1574/1459 3313/2447/2325
f 1331/420/305 1336/419/304 1337/1570/1455 1330/739/624
f 3315/1575/1460 4071/2231/2116 4072/2310/2195 3316/1576/1461
f 3317/2448/2326 3316/1576/1461 4072/2310/2195 4073/2313/2198
f 2372/426/311 2367/425/310 2366/2449/2327 2371/2128/2013
f 4079/2450/2328 2918/2451/2329 4073/2313/2198 4078/2312/2197
f 4082/2316/2201 4074/2315/2200 4079/2450/2328 4078/2312/2197
f 2037/2452/2330 2033/2453/2331 2032/2454/2332 1163/2455/2333
f 2038/2456/2334 2034/2457/2335 2033/2453/2331 2037/2452/2330
f 2031/2458/2336 2036/2459/2337 2035/2460/2338 2039/2461/2339
f 3302/2462/2340 4093/1866/1751 2921/2463/2341 3303/2464/2342
f 3304/2465/2343 3305/2466/2344 3302/2462/2340 3303/2464/2342
f 1341/758/643 1346/1581/1466 1347/1584/1469 1340/751/636
f 1377/1630/1515 1376/520/405 1951/2467/2345 1952/1480/1365
f 3307/2468/2346 3306/2469/2347 4098/2470/2348 4099/2471/2349
f 4098/2470/2348 4103/2472/2350 4104/2473/2351 4099/2471/2349
f 2019/2474/2352 1160/2314/2199 2024/756/641 2020/2475/2353
f 3515/1439/1324 2831/1442/1327 3502/2476/2354 3510/2477/2355
f 3718/2478/2356 3714/2479/2357 3713/2068/1953 3717/1588/1473
f 2013/2480/2358 2009/1311/1196 2008/1310/1195 2012/2481/2359
f 2009/1311/1196 2013/2480/2358 2005/2482/2360 2010/2483/2361
f 3089/2484/2362 3090/2485/2363 3087/2486/2364 3088/2487/2365
f 1592/2488/2366 1593/2489/2367 1584/2490/2368 1585/2491/2369
f 3056/780/665 3057/779/664 3060/2072/1957 3061/2492/2370
f 3295/2493/2371 4123/2494/2372 4124/2495/2373 3296/2496/2374
f 3704/781/666 3056/780/665 3055/2497/2375 3705/2498/2376
f 3705/2498/2376 3701/1206/1091 3700/1205/1090 3704/781/666
f 1998/782/667 1994/2222/2107 1993/2221/2106 1156/2499/2377
f 2427/1208/1093 2423/1201/1086 2422/1203/1088 1223/1484/1369
f 4139/2500/2378 4143/550/435 4144/2501/2379 2927/2502/2380
f 4138/2503/2381 4142/547/432 4143/550/435 4139/2500/2378
f 2929/2504/2382 3283/2505/2383 3282/2506/2384 4145/2507/2385
f 2078/393/278 1320/719/604 1319/2508/2386 2066/2509/2387
f 1361/792/677 1366/1876/1761 1367/2510/2388 1360/2511/2389
f 3286/1608/1493 3285/2512/2390 4149/982/867 4150/981/866
f 4164/2513/2391 4168/628/513 4169/514/399 4165/513/398
f 4163/2514/2392 4167/1637/1522 4168/628/513 4164/2513/2391
f 3655/2515/2393 3080/1628/1513 3079/2516/2394 3654/2517/2395
f 3272/1639/1524 3273/1638/1523 3274/2518/2396 3275/2519/2397
f 1371/517/402 1376/520/405 1377/1630/1515 1370/1633/1518
f 1947/796/681 1371/517/402 1370/1633/1518 1948/1725/1610
f 3276/2520/2398 4176/2521/2399 4177/2522/2400 3277/2523/2401
f 3653/889/774 3649/2524/2402 3648/2147/2032 3652/886/771
f 4177/2522/2400 4182/2525/2403 4183/2526/2404 2934/2527/2405
f 3645/2528/2406 3649/2524/2402 3650/2529/2407 2851/2530/2408
f 1933/1644/1529 1929/809/694 1928/812/697 1147/1645/1530
f 3640/1946/1831 3636/1905/1790 3635/534/419 3639/533/418
f 1935/1410/1295 1931/1902/1787 1930/1901/1786 1934/2531/2409
f 2937/2532/2410 3263/2533/2411 3262/1651/1536 4197/1650/1535
f 3262/1651/1536 3263/2533/2411 3264/2534/2412 3265/802/687
f 1381/807/692 1386/1907/1792 1387/2218/2103 1380/798/683
f 1636/1523/1408 1641/2535/2413 1642/1516/1401 1635/1519/1404
f 3266/801/686 4202/804/689 4203/2536/2414 3267/2021/1906
f 3614/1476/1361 3610/1133/1018 3609/1914/1799 3613/1913/1798
f 4215/1235/1120 4219/2537/2415 4220/2538/2416 4216/2539/2417
f 2512/2540/2418 2516/1472/1357 2517/1473/1358 1234/2541/2419
f 1682/1668/1553 1900/1667/1552 1141/2542/2420 1683/2211/2096
f 1553/1129/1014 1544/1057/942 1545/1056/941 1552/1126/1011
f 1397/2210/2095 1390/871/756 1391/568/453 1396/567/452
f 1671/1244/1129 1551/563/448 1550/566/451 1670/1241/1126
f 3705/2498/2376 3693/2543/2421 3702/2544/2422 3701/1206/1091
f 4243/858/743 4238/857/742 4237/859/744 4242/2545/2423
f 1496/1101/986 1501/2546/2424 1502/2547/2425 1495/1102/987
f 1238/1471/1356 2525/1246/1131 2533/1245/1130 2538/1468/1353
f 4249/2548/2426 4245/2549/2427 4244/2550/2428 2945/2551/2429
f 2546/1682/1567 1535/2552/2430 1534/2553/2431 2534/1683/1568
f 1406/583/468 1873/586/471 1874/2203/2088 1407/846/731
f 1540/2554/2432 2548/2555/2433 2549/2556/2434 1541/2557/2435
f 1136/2558/2436 1403/2559/2437 1402/2560/2438 1868/2165/2050
f 2563/1117/1002 2558/1464/1349 2557/1467/1352 2562/1114/999
f 2564/2561/2439 2559/1247/1132 2558/1464/1349 2563/1117/1002
f 4267/2562/2440 4262/1936/1821 2948/2563/2441 4266/2564/2442
f 3237/2565/2443 3236/609/494 4280/2566/2444 4281/2567/2445
f 4287/2568/2446 2950/2569/2447 4281/2567/2445 4286/2570/2448
f 2590/1458/1343 2585/1255/1140 2584/1453/1338 2589/2571/2449
f 1836/2572/2450 1130/2573/2451 1823/2574/2452 1831/2035/1920
f 1516/626/511 1521/627/512 1522/2317/2202 1515/2037/1922
f 3227/1709/1594 3226/2575/2453 4306/2153/2038 4307/1710/1595
f 1127/2576/2454 1807/918/803 1808/921/806 1803/1967/1852
f 2615/1720/1605 2610/1443/1328 2609/1446/1331 2614/644/529
f 1753/1400/1285 1749/1775/1660 1748/1074/959 1752/1073/958
f 4327/2577/2455 4323/2578/2456 4322/2579/2457 2957/2580/2458
f 3212/2581/2459 4327/2577/2455 2957/2580/2458 3213/2582/2460
f 3547/909/794 3117/908/793 3116/2583/2461 3548/2170/2055
f 3211/2584/2462 3216/2585/2463 3217/2586/2464 3210/2031/1916
f 1510/1419/1304 2626/1418/1303 2627/1089/974 1511/2587/2465
f 1432/2588/2466 1790/949/834 1124/2589/2467 1433/2590/2468
f 1790/949/834 1786/944/829 1785/943/828 1124/2589/2467
f 1784/1736/1621 1779/1735/1620 1778/2591/2469 1783/947/832
f 3478/1099/984 3473/1098/983 3472/2592/2470 3477/2593/2471
f 1447/2191/2076 1446/937/822 1769/936/821 1770/1746/1631
f 3146/1262/1147 3151/2594/2472 3152/1258/1143 3145/2595/2473
f 4367/1978/1863 4372/1763/1648 4373/2596/2474 4368/1551/1436
f 2668/2010/1895 1258/2597/2475 2655/1755/1640 2663/1758/1643
f 1750/1774/1659 1117/952/837 1744/951/836 1749/1775/1660
f 2965/2598/2476 3193/2599/2477 3192/2600/2478 4379/1077/962
f 4134/2024/1909 4130/2023/1908 4129/2601/2479 4133/2602/2480
f 1738/1778/1663 1452/1264/1149 1451/1772/1657 1739/2603/2481
f 1489/2604/2482 2677/2605/2483 2678/1268/1153 1490/1267/1152
f 4385/1301/1186 4390/1299/1184 4391/1298/1183 2966/2606/2484
f 4399/2607/2485 2967/2608/2486 4386/1297/1182 4394/1300/1185
f 4393/2609/2487 4398/2610/2488 4399/2607/2485 4394/1300/1185
f 1932/2611/2489 1145/2412/2290 1926/1903/1788 1931/1902/1787
f 4400/2612/2490 2969/2613/2491 4405/2614/2492 4401/2615/2493
f 3166/1275/1160 3171/1278/1163 3172/2180/2065 3165/1380/1265
f 3186/2616/2494 4410/2617/2495 4411/1788/1673 3187/1787/1672
f 1462/2185/2070 1712/2184/2069 1112/2188/2073 1463/2618/2496
f 1704/1294/1179 1699/1007/892 1111/1010/895 1703/1291/1176
f 4419/2619/2497 4424/2620/2498 4425/2621/2499 4420/2622/2500
f 4426/2623/2501 2973/2624/2502 4431/2625/2503 4427/2626/2504
f 1470/1368/1253 2728/1791/1676 2727/1039/924 1471/1283/1168
f 1106/2627/1250 1676/2628/2505 1677/1106/991 1105/2629/1252
f 2810/1364/1249 3175/1363/1248 3176/2630/2506 2811/2631/2507
f 2717/2632/2508 2721/2633/2509 2722/1037/922 2718/1016/901
f 1714/1023/908 1702/1026/911 1711/2634/2510 1710/2635/2511
f 3417/1295/1180 3413/2328/2213 3412/2327/2212 2817/2636/2512
f 3418/1296/1181 3166/1275/1160 3165/1380/1265 3419/1379/1264
f 3187/1787/1672 3188/1790/1675 3179/2637/2513 3180/2638/2514
f 1725/997/882 1721/1988/1873 1720/2639/2515 1115/2640/2516
f 1726/996/881 1722/1786/1671 1721/1988/1873 1725/997/882
f 3434/2641/2517 3438/2642/2518 3439/1392/1277 3435/1391/1276
f 1206/376/261 2317/370/255 2325/369/254 2330/373/258
f 3444/1271/1156 3440/1393/1278 3439/1392/1277 3443/1269/1154
f 3196/2643/2519 4384/1302/1187 4385/1301/1186 3197/2644/2520
f 3156/1270/1155 3161/2645/2521 3162/958/843 3155/2646/2522
f 3463/1072/957 3458/1071/956 3457/2647/2523 3462/2648/2524
f 2662/2013/1898 2667/2009/1894 2668/2010/1895 2663/1758/1643
f 3461/2326/2211 3456/2649/2525 2824/2650/2526 3460/2325/2210
f 1501/2546/2424 2653/2651/2527 2654/2652/2528 1502/2547/2425
f 2643/1091/976 1256/2653/2529 2648/2654/2530 2644/1092/977
f 1783/947/832 1778/2591/2469 1777/2655/2531 1782/945/830
f 2936/2656/2532 4188/2657/2533 4189/2658/2534 4184/2659/2535
f 3495/2660/2536 3491/2661/2537 3490/2662/2538 2829/2663/2539
f 3099/2664/2540 3384/2053/1938 3385/1674/1559 3100/1673/1558
f 3215/2665/2541 4331/2666/2542 4332/2667/2543 3216/2585/2463
f 1506/2029/1914 1507/2028/1913 1510/1419/1304 1511/2587/2465
f 3052/2668/2544 3053/2669/2545 3044/760/645 3045/457/342
f 2614/644/529 2609/1446/1331 1251/2670/2546 2613/641/526
f 2616/2671/2547 2611/635/520 2610/1443/1328 2615/1720/1605
f 1250/2672/2548 2603/636/521 2611/635/520 2616/2671/2547
f 1814/1970/1855 1818/930/815 1806/2673/2549 1815/2674/2550
f 2833/2675/2551 3128/2676/2552 3127/2677/2553 3521/926/811
f 3225/931/816 4305/771/656 4306/2153/2038 3226/2575/2453
f 3127/2677/2553 3130/2678/2554 3131/2679/2555 3126/556/441
f 3221/2680/2556 3226/2575/2453 3227/1709/1594 3220/2681/2557
f 3131/2679/2555 3526/2682/2558 3527/619/504 3132/618/503
f 2596/2683/2559 2592/1955/1840 2591/1954/1839 1248/2684/2560
f 2588/1956/1841 2583/1454/1339 1247/2685/2561 2587/1953/1838
f 2498/2686/2562 2497/1229/1114 2502/1228/1113 2503/1232/1117
f 2582/1257/1142 1245/2687/2563 2576/1254/1139 2581/1253/1138
f 3116/2583/2461 3121/2688/2564 3122/2689/2565 3115/2690/2566
f 3121/2688/2564 3552/2691/2567 3553/602/487 3122/2689/2565
f 2570/2692/2568 2566/1115/1000 2565/2693/2569 1244/2694/2570
f 3567/2695/2571 2839/2696/2572 3554/2697/2573 3562/2698/2574
f 3561/1929/1814 3566/2699/2575 3567/2695/2571 3562/2698/2574
f 2841/2700/2576 3108/843/728 3107/842/727 3573/1938/1823
f 3107/842/727 3110/845/730 3111/848/733 3106/847/732
f 3241/2701/2577 3246/1688/1573 3247/851/736 3240/854/739
f 3111/848/733 3578/1685/1570 3579/2702/2578 3112/849/734
f 2544/648/533 2540/2703/2579 2539/2704/2580 1240/649/534
f 2536/2705/2581 2531/2706/2582 1239/2707/2583 2535/2708/2584
f 3587/1322/1207 3592/421/306 3593/424/309 3588/1125/1010
f 3586/1928/1813 3591/1927/1812 3592/421/306 3587/1322/1207
f 4241/2709/2585 4236/862/747 2944/2710/2586 4240/2711/2587
f 1182/2712/2588 2161/2713/2589 2169/2714/2590 2174/2715/2591
f 3958/672/557 2901/1426/1311 3963/1429/1314 3959/673/558
f 3256/826/711 3376/825/710 3377/2716/2592 3257/2717/2593
f 4216/2539/2417 4220/2538/2416 4221/2103/1988 4217/2718/2594
f 2511/2719/2595 2515/2050/1935 2516/1472/1357 2512/2540/2418
f 3616/1921/1806 3620/2720/2596 3621/2721/2597 3617/1920/1805
f 2498/2686/2562 2503/1232/1117 2504/2722/2598 1233/2723/2599
f 3626/968/853 3622/2217/2102 3621/2721/2597 3625/2724/2600
f 1232/2228/2113 1558/2725/2601 1557/1654/1539 2492/2229/2114
f 1934/2531/2409 1930/1901/1786 1929/809/694 1933/1644/1529
f 2486/816/701 2490/1646/1531 2491/1649/1534 1230/2726/2602
f 3642/2727/2603 3646/2728/2604 3647/2146/2031 3643/2145/2030
f 2472/523/408 2477/820/705 2478/819/704 1229/1134/1019
f 3277/2523/2401 3278/2729/2605 3269/2730/2606 3270/1141/1026
f 1228/2731/2607 1568/1625/1510 1567/1624/1509 2466/2063/1948
f 3666/2732/2608 3658/2733/2609 3663/2734/2610 3662/1887/1772
f 3665/2735/2611 3661/1886/1771 3660/2736/2612 3664/1897/1782
f 4162/2737/2613 4166/1634/1519 4167/1637/1522 4163/2514/2392
f 3668/1899/1784 3672/2738/2614 3673/2739/2615 3669/1896/1781
f 3677/2740/2616 3067/716/601 3066/2741/2617 3678/2742/2618
f 3286/1608/1493 4150/981/866 4151/2743/2619 3287/1609/1494
f 3066/2741/2617 3071/2066/1951 3072/2744/2620 3065/2745/2621
f 3072/2744/2620 3683/2746/2622 2858/2747/2623 3073/2748/2624
f 1986/1600/1485 1982/2749/2625 1981/2750/2626 1985/1596/1481
f 1987/1603/1488 1983/1879/1764 1982/2749/2625 1986/1600/1485
f 4136/2751/2627 4140/2752/2628 4141/2753/2629 4137/2754/2630
f 4132/2755/2631 4128/2756/2632 4127/2757/2633 2928/2758/2634
f 1592/2488/2366 1591/480/365 2419/482/367 2420/485/370
f 1589/2759/2635 1590/479/364 1587/478/363 1588/2760/2636
f 1587/478/363 2414/1146/1031 1220/1872/1757 1588/2760/2636
f 3714/2479/2357 3718/2478/2356 3710/2761/2637 3715/2762/2638
f 4110/2763/2639 4114/2764/2640 4115/2765/2641 4111/2766/2642
f 3720/1590/1475 3724/2767/2643 3725/2135/2020 3721/1587/1472
f 3724/2767/2643 2865/2768/2644 3729/754/639 3725/2135/2020
f 3305/2466/2344 4097/2224/2109 4098/2470/2348 3306/2469/2347
f 3052/2668/2544 3735/1272/1157 2866/2769/2645 3053/2669/2545
f 3739/438/323 3743/437/322 3744/1492/1377 3740/1274/1159
f 4084/2770/2646 4088/2771/2647 4089/1865/1750 4085/2772/2648
f 2044/2773/2649 2048/2774/2650 2049/2775/2651 1162/2776/2652
f 3751/432/317 3755/431/316 3756/2777/2653 3752/1985/1870
f 1612/2081/1966 1611/2778/2654 2367/425/310 2368/428/313
f 3036/2779/2655 3041/2078/1963 3042/1768/1653 3035/1771/1656
f 1334/2780/2656 2053/2781/2657 2054/1151/1036 1335/418/303
f 2353/2782/2658 2357/2783/2659 2358/410/295 2354/409/294
f 3772/2784/2660 3776/2785/2661 3777/1336/1221 3773/1335/1220
f 3776/2785/2661 2873/2786/2662 3781/387/272 3777/1336/1221
f 3325/1563/1448 4045/2787/2663 4046/2435/2313 3326/384/269
f 1620/380/265 2340/1001/886 2341/1000/885 1621/2788/2664
f 3026/389/274 3031/1160/1045 3032/2789/2665 3025/723/608
f 3327/385/270 3328/2790/2666 3319/727/612 3320/386/271
f 3032/2789/2665 3787/2791/2667 2874/2792/2668 3033/2793/2669
f 3791/2794/2670 3795/2119/2004 3796/2114/1999 3792/2795/2671
f 2083/2796/2672 2088/2797/2673 2087/8/6 2091/7/5
f 3798/2120/2005 3802/2798/2674 3803/2799/2675 3799/2117/2002
f 3802/2798/2674 2877/2800/2676 3807/365/250 3803/2799/2675
f 2315/364/249 2320/1339/1224 2321/372/257 2316/2801/2677
f 3023/2802/2678 3014/2803/2679 3015/2804/2680 3022/2805/2681
f 2112/712/597 2107/708/593 2106/707/592 2111/1345/1230
f 2908/2806/2682 4006/2807/2683 4007/2808/2684 4002/978/863
f 3824/2809/2685 3828/2810/2686 3829/1553/1438 3825/1552/1437
f 2294/678/563 2298/2301/2186 2299/342/227 2295/341/226
f 2290/675/560 2289/679/564 2294/678/563 2295/341/226
f 1412/1695/1580 1415/881/766 1416/2811/2687 1411/905/790
f 1641/2535/2413 1640/2812/2688 2288/680/565 2289/679/564
f 1639/2813/2689 2287/1199/1084 2288/680/565 1640/2812/2688
f 1637/683/568 1638/682/567 1639/2813/2689 1640/2812/2688
f 2279/2814/2690 1200/681/566 2284/684/569 2280/685/570
f 3669/1896/1781 3673/2739/2615 3674/2815/2691 3670/2816/2692
f 2374/2817/2693 1213/2818/2694 2368/428/313 2373/427/312
f 3850/2819/2695 3854/2820/2696 3855/1020/905 3851/1019/904
f 2268/314/199 2272/2297/2182 2273/320/205 2269/1175/1060
f 2264/1174/1059 2263/315/200 2268/314/199 2269/1175/1060
f 3860/1690/1575 2996/2821/2697 2995/2822/2698 3861/1195/1080
f 1649/2823/2699 2261/2824/2700 2262/316/201 1650/1818/1703
f 3002/667/552 3003/668/553 2994/2825/2701 2995/2822/2698
f 2159/2826/2702 2164/1354/1239 2165/1826/1711 2160/1823/1708
f 3868/2099/1984 3863/1815/1700 3862/2827/2703 3867/2828/2704
f 2624/1434/1319 2612/2829/2705 2621/2830/2706 2620/1435/1320
f 3886/1805/1690 3882/2831/2707 3881/2832/2708 3885/2833/2709
f 3887/1808/1693 3883/2834/2710 3882/2831/2707 3886/1805/1690
f 1661/1182/1067 1660/2835/2711 2236/287/172 2237/286/171
f 1659/2836/2712 2235/2837/2713 2236/287/172 1660/2835/2711
f 1657/2838/2714 1658/2839/2715 1659/2836/2712 1660/2835/2711
f 3890/267/152 3895/266/151 3896/2840/2716 3891/2841/2717
f 2226/2842/2718 1190/2843/2719 2213/2275/2160 2221/2274/2159
f 3925/2269/2154 3921/2361/2239 3920/2844/2720 3924/2266/2151
f 2241/284/169 2236/287/172 2235/2837/2713 2240/2845/2721
f 2267/313/198 2262/316/201 2261/2824/2700 2266/2846/2722
f 2128/1834/1719 2124/2406/2284 2123/2405/2283 1176/2847/2723
f 4131/2026/1911 2926/2848/2724 4125/2849/2725 4130/2023/1908
f 1990/1595/1480 1994/2222/2107 1995/2850/2726 1991/1599/1484
f 3697/1207/1092 3692/766/651 3691/493/378 3696/1204/1089
f 4132/2755/2631 4137/2754/2630 4138/2503/2381 4133/2602/2480
f 4152/2851/2727 4157/2852/2728 4156/2853/2729 4160/2854/2730
f 4155/980/865 4159/2855/2731 4160/2854/2730 4156/2853/2729
f 2454/1892/1777 2459/509/394 2460/512/397 2455/2856/2732
f 1939/2857/2733 1934/2531/2409 1933/1644/1529 1938/1641/1526
f 1956/1881/1766 1951/2467/2345 1950/1893/1778 1955/2858/2734
f 1894/2208/2093 1392/569/454 1391/568/453 1895/864/749
f 2523/1243/1128 2528/2161/2046 2529/870/755 2524/869/754
f 4236/862/747 4232/861/746 4231/2859/2735 2944/2710/2586
f 1539/2860/2736 1540/2554/2432 1537/647/532 1538/650/535
f 2549/2556/2434 2554/1465/1350 2555/1250/1135 2550/2861/2737
f 3548/2170/2055 3116/2583/2461 3115/2690/2566 3549/2171/2056
f 3411/1014/899 3415/2862/2738 3416/2863/2739 2815/1011/896
f 3409/1373/1258 3413/2328/2213 3414/2864/2740 3410/1377/1262
f 4427/2626/2504 4431/2625/2503 4432/281/166 4428/280/165
f 1721/1988/1873 1716/1987/1872 1715/2865/2741 1720/2639/2515
f 4402/2866/2742 4406/2867/2743 4407/2868/2744 4403/2869/2745
f 4401/2615/2493 4405/2614/2492 4406/2867/2743 4402/2866/2742
f 1260/2870/2746 1488/2871/2747 1487/2177/2062 2674/1765/1650
f 4355/2872/2748 3200/2873/2749 3199/2874/2750 4343/2875/2751
f 1507/2028/1913 2622/1430/1315 1252/1431/1316 1508/2324/2209
f 4328/2876/2752 3211/2584/2462 3210/2031/1916 4329/2030/1915
f 4303/2877/2753 3220/2681/2557 3219/2878/2754 4291/2879/2755
f 1412/1695/1580 1413/2173/2058 1414/878/763 1415/881/766
f 1402/2560/2438 1403/2559/2437 1404/2880/2756 1405/584/469
f 1392/569/454 1393/2207/2092 1394/2881/2757 1395/570/455
f 1382/806/691 1920/805/690 1144/2215/2100 1383/2882/2758
f 1597/451/336 2388/2883/2759 1216/2884/2760 1598/452/337
f 3336/2414/2292 3371/2413/2291 3372/2417/2295 3337/2885/2761
f 4095/762/647 4091/443/328 4090/442/327 4094/1864/1749
f 2030/1583/1468 2029/1582/1467 2034/2457/2335 2035/2460/2338
f 1609/2886/2762 1610/2887/2763 1607/2888/2764 1608/2889/2765
f 4069/744/629 3310/1863/1748 3309/2890/2766 4057/745/630
f 2362/2080/1965 1607/2888/2764 1606/2891/2767 2363/2079/1964
f 4069/744/629 4065/414/299 4064/1860/1745 4068/1859/1744
f 1322/721/606 1323/2892/2768 1324/2893/2769 1325/2894/2770
f 1324/2893/2769 2079/39/32 2080/38/31 1325/2894/2770
f 1326/2433/2311 1325/2894/2770 2080/38/31 2081/729/614
f 2337/2085/1970 2333/378/263 2332/2895/2771 2336/2896/2772
f 3790/1852/1737 3791/2794/2670 3786/2897/2773 3785/1853/1738
f 1729/2898/2774 1733/2190/2075 1734/2189/2074 1730/998/883
f 1627/1169/1054 1628/2899/2775 1629/357/242 1630/360/245
f 3346/902/787 3994/1547/1432 3995/2402/2280 3347/1172/1057
f 2286/1524/1409 1635/1519/1404 1634/1518/1403 2274/1839/1724
f 3969/311/196 3974/2394/2272 3975/2396/2274 2902/2900/2776
f 1651/1220/1105 1650/1818/1703 2262/316/201 2263/315/200
f 1291/1821/1706 1296/2901/2777 1297/1536/1421 1290/1539/1424
f 1792/1975/1860 1430/2902/2778 1429/2903/2779 1780/1976/1861
f 3366/1533/1418 3942/1535/1420 3943/2904/2780 3367/2905/2781
f 2206/251/136 2202/250/135 2201/2261/2146 1188/1193/1078
f 3912/2906/2782 2976/599/484 2975/257/142 3913/256/141
f 1271/261/146 1276/2907/2783 1277/1799/1684 1270/2908/2784
f 2977/1793/1678 3911/2909/2785 2893/2910/2786 2978/2360/2238
f 3911/2909/2785 3907/2270/2155 3906/2911/2787 2893/2910/2786
f 3859/2912/2788 3855/1020/905 3854/2820/2696 2885/2913/2789
f 3833/2914/2790 3829/1553/1438 3828/2810/2686 2881/2915/2791
f 4019/2415/2293 3370/2089/1974 3369/2088/1973 4018/2916/2792
f 4071/2231/2116 3315/1575/1460 3314/2446/2324 4070/2232/2117
f 3067/716/601 3677/2740/2616 2857/2917/2793 3068/717/602
f 3077/1286/1171 3651/1285/1170 2853/2918/2794 3078/2919/2795
f 3264/2534/2412 4200/840/725 4201/803/688 3265/802/687
f 1398/2212/2097 1389/872/757 1390/871/756 1397/2210/2095
f 3473/1098/983 3150/1042/927 3149/1041/926 3472/2592/2470
f 4348/2920/2796 2961/2921/2797 4353/2922/2798 4349/1740/1625
f 2645/2923/2799 2649/1100/985 2650/1103/988 2646/1406/1291
f 1779/1735/1620 1775/1744/1629 1774/1094/979 1778/2591/2469
f 3484/1973/1858 3480/2018/1903 3479/1096/981 3483/1412/1297
f 3499/1436/1321 3140/2027/1912 3139/2924/2800 3498/1437/1322
f 1802/1724/1609 1125/912/797 1796/911/796 1801/1721/1606
f 3505/638/523 3500/1191/1076 3499/1436/1321 3504/639/524
f 4301/1708/1593 4297/1702/1587 4296/1701/1586 2953/2925/2801
f 3535/2926/2802 3531/2927/2803 3530/2928/2804 3534/617/502
f 2588/1956/1841 2592/1955/1840 2593/2929/2805 2589/2571/2449
f 3495/2660/2536 3137/2323/2208 3136/1423/1308 3496/1422/1307
f 2545/2930/2806 2541/2049/1934 2540/2703/2579 2544/648/533
f 3097/2931/2807 3098/2932/2808 3099/2664/2540 3100/1673/1558
f 1552/1126/1011 1545/1056/941 1546/564/449 1551/563/448
f 4224/2933/2809 3251/2934/2810 3250/2935/2811 4225/2104/1989
f 1242/2936/2812 2551/1248/1133 2559/1247/1132 2564/2561/2439
f 2440/1145/1030 1577/2937/2813 1576/1142/1027 2441/2065/1950
f 3291/1316/1201 3292/1315/1200 3295/2493/2371 3296/2496/2374
f 3051/1150/1035 3734/1273/1158 3735/1272/1157 3052/2668/2544
f 2388/2883/2759 2384/447/332 2383/446/331 1216/2884/2760
f 2869/430/315 3038/2938/2814 3037/2939/2815 3755/431/316
f 3041/2078/1963 3760/1945/1830 3761/1153/1038 3042/1768/1653
f 2873/2786/2662 3028/2940/2816 3027/388/273 3781/387/272
f 3031/1160/1045 3786/2897/2773 3787/2791/2667 3032/2789/2665
f 2336/2896/2772 2332/2895/2771 2331/2941/2817 1208/2942/2818
f 3021/1166/1051 3391/2943/2819 3392/2944/2820 3022/2805/2681
f 3392/2944/2820 3813/355/240 2878/354/239 3393/2945/2821
f 3833/2914/2790 3007/2091/1976 3006/1832/1717 3834/338/223
f 4290/2946/2822 4282/2947/2823 4287/2568/2446 4286/2570/2448
f 3972/2948/2824 3967/2385/2263 3966/2384/2262 3971/2949/2825
f 1291/1821/1706 1292/1820/1705 1295/2950/2826 1296/2901/2777
f 1922/797/682 1910/800/685 1919/2951/2827 1918/837/722
f 3885/2833/2709 2987/2952/2828 2986/1806/1691 3886/1805/1690
f 3361/1804/1689 3366/1533/1418 3367/2905/2781 3360/2953/2829
f 1675/2954/2830 1674/2955/2831 1689/2956/2832 1690/2957/2833
f 1472/1284/1169 1473/2958/2834 1108/2959/2835 1107/1366/1251
f 2811/2631/2507 3176/2630/2506 3177/2960/2836 2812/2961/1175
f 3380/1289/1174 3395/2962/2837 3396/2963/2838 3381/2964/2839
f 3177/2960/2836 4431/2625/2503 2973/2624/2502 3178/2965/2840
f 1104/2966/2841 1469/2967/2842 1470/1368/1253 1105/1367/1252
f 1174/2968/2843 2109/2969/2844 2117/710/595 2122/2970/2845
f 1481/1781/1666 2705/1031/916 2706/1027/912 1482/1059/944
f 1739/2603/2481 1451/1772/1657 1450/1004/889 1740/1003/888
f 1765/972/857 1441/1754/1639 1440/2192/2077 1766/1981/1866
f 1751/963/848 1747/1075/960 1746/2971/2846 1119/964/849
f 4372/1763/1648 4376/1079/964 4377/2972/2847 4373/2596/2474
f 4370/1760/1645 4374/2973/2848 4375/1076/961 4371/1761/1646
f 4249/2548/2426 3242/1118/1003 3241/2701/2577 4250/2974/2849
f 4279/2975/2850 3235/608/493 3234/2976/2851 4278/2977/2852
f 3235/608/493 4279/2975/2850 4280/2566/2444 3236/609/494
f 4277/2389/2267 4265/2978/2853 4274/2045/1930 4273/2044/1929
f 1848/875/760 1847/2979/2854 1852/2980/2855 1853/1691/1576
f 3271/1140/1025 3276/2520/2398 3277/2523/2401 3270/1141/1026
f 1981/2750/2626 1976/1874/1759 1975/2981/2856 1980/2982/2857
f 1982/2749/2625 1977/1875/1760 1976/1874/1759 1981/2750/2626
f 1977/1875/1760 1982/2749/2625 1983/1879/1764 1978/2983/2858
f 4140/2752/2628 2929/2504/2382 4145/2507/2385 4141/2753/2629
f 2033/2453/2331 2028/1867/1752 2027/2984/2859 2032/2454/2332
f 4054/748/633 4050/2127/2012 4049/2985/2860 2916/2986/2861
f 2069/1568/1453 2073/391/276 2074/394/279 2070/2987/2862
f 4056/1329/1214 4052/1332/1217 4051/2126/2011 4055/747/632
f 2059/2442/2320 2054/1151/1036 2053/2781/2657 2058/2443/2321
f 4028/735/620 4024/2988/2863 4023/2989/2864 2912/736/621
f 1204/2990/2865 1628/2899/2775 1627/1169/1054 2310/352/237
f 1935/1410/1295 1927/1409/1294 1932/2611/2489 1931/1902/1787
f 3827/2300/2185 3822/1217/1102 3821/2107/1992 3826/1554/1439
f 2132/329/214 1305/2991/2866 1304/2992/2867 2131/2397/2275
f 3851/1019/904 3846/2993/2868 2884/2994/2869 3850/2819/2695
f 1196/2995/2870 1648/2996/2871 1647/669/554 2258/304/189
f 2356/1503/1388 2360/1398/1283 2361/1397/1282 1210/1502/1387
f 2174/2715/2591 2169/2714/2590 2168/1353/1238 2173/2256/2141
f 3879/2286/2171 3874/2095/1980 3873/2097/1982 3878/2290/2175
f 1607/2888/2764 2362/2080/1965 1212/2997/2872 1608/2889/2765
f 1192/275/160 1658/2839/2715 1657/2838/2714 2232/271/156
f 3904/2272/2157 3899/2284/2169 3898/658/543 3903/661/546
f 1274/2998/2873 1275/2999/2874 1272/260/145 1273/1194/1079
f 3182/3000/2875 3185/1282/1167 3186/2616/2494 3181/3001/2876
f 2992/3002/2877 2991/3003/2878 3890/267/152 3891/2841/2717
f 3925/2269/2154 3930/2268/2153 3931/3004/2879 3926/3005/2880
f 3137/2323/2208 3495/2660/2536 2829/2663/2539 3138/3006/2881
f 3002/667/552 3001/1817/1702 3864/1816/1701 3865/307/192
f 3837/322/207 3010/2092/1977 3009/3007/2882 3836/323/208
f 3012/331/216 3011/1833/1718 3838/326/211 3839/3008/2883
f 3009/3007/2882 3010/2092/1977 3007/2091/1976 3008/3009/2884
f 2909/2410/2288 3333/2411/2289 3332/1843/1728 4015/1842/1727
f 3813/355/240 3392/2944/2820 3391/2943/2819 3812/3010/2885
f 1367/2510/2388 1978/2983/2858 1153/3011/2886 1368/3012/2887
f 2082/3013/2888 2081/729/614 2086/5/3 2087/8/6
f 3787/2791/2667 3786/2897/2773 3791/2794/2670 3792/2795/2671
f 1327/2434/2312 2082/3013/2888 1169/3014/2889 1328/3015/2890
f 4050/2127/2012 4045/2787/2663 4044/3016/2891 4049/2985/2860
f 3775/2121/2006 2871/2124/2009 3762/3017/2892 3770/2296/2181
f 2872/3018/2893 3772/2784/2660 3773/1335/1220 3768/408/293
f 2364/1395/1280 1605/2084/1969 1604/2083/1968 2352/1396/1281
f 1892/866/751 1896/865/750 1884/873/758 1893/3019/2894
f 3738/439/324 3733/2075/1960 3732/3020/2895 3737/1870/1755
f 3723/1307/1192 2863/2132/2017 3710/2761/2637 3718/2478/2356
f 2407/471/356 2402/1309/1194 2401/2134/2019 2406/473/358
f 3712/2071/1956 3707/2070/1955 3706/2074/1959 3711/3021/2896
f 4165/513/398 2931/516/401 4152/2851/2727 4160/2854/2730
f 2130/2399/2277 2118/2401/2279 2127/3022/2897 2126/3023/2898
f 3608/552/437 3603/2051/1936 3602/2054/1939 3607/553/438
f 2158/2198/2083 1295/2950/2826 1294/3024/2899 2157/2199/2084
f 1875/577/462 1880/3025/2900 1879/1922/1807 1883/578/463
f 2553/1466/1351 2548/2555/2433 2547/3026/2901 2552/3027/2902
f 3317/2448/2326 4073/2313/2198 2918/2451/2329 3318/3028/2903
f 1860/1942/1827 1864/1952/1837 1865/2166/2051 1861/1943/1828
f 3560/1932/1817 3556/1931/1816 3555/3029/2904 2840/3030/2905
f 3545/1450/1335 3549/2171/2056 3537/3031/2906 3546/1451/1336
f 3534/617/502 3530/2928/2804 3529/3032/2907 2836/614/499
f 2605/1445/1330 2600/1713/1598 2599/3033/2908 2604/3034/2909
f 4316/3035/2910 4308/3036/2911 4313/3037/2912 4312/2155/2040
f 3514/1448/1333 3518/927/812 3519/1440/1325 3515/1439/1324
f 3508/640/525 3504/639/524 3503/1438/1323 2832/3038/2913
f 1742/957/842 1455/956/841 1454/1263/1148 1741/3039/2914
f 3471/3040/2915 3145/2595/2473 3144/3041/2916 3459/3042/2917
f 2657/2014/1899 2652/3043/2918 2651/3044/2919 2656/2015/1900
f 3462/2648/2524 3466/1068/953 3467/3045/2920 3463/1072/957
f 3456/2649/2525 3452/3046/2921 3451/3047/2922 2824/2650/2526
f 3445/3048/2923 3155/2646/2522 3154/3049/2924 3433/3050/2925
f 3445/3048/2923 3441/3051/2926 3440/1393/1278 3444/1271/1156
f 3426/2002/1887 3421/3052/2927 3420/3053/2928 3425/3054/2929
f 2697/3055/2930 2701/3056/2931 2702/2007/1892 2698/1384/1269
f 1479/3057/2932 2703/1035/920 2704/1034/919 1480/2179/2064
f 1271/261/146 1272/260/145 1275/2999/2874 1276/2907/2783
f 2207/248/133 1271/261/146 1270/2908/2784 2208/1185/1070
f 2986/1806/1691 2987/2952/2828 2990/3058/2933 2991/3003/2878
f 2987/2952/2828 3885/2833/2709 2889/3059/2934 2988/3060/2935
f 3352/1428/1313 3355/2386/2264 3356/309/194 3351/3061/2936
f 1921/808/693 1381/807/692 1380/798/683 1922/797/682
f 2275/2293/2178 2279/2814/2690 2280/685/570 2276/2294/2179
f 1632/1513/1398 1625/1512/1397 1626/1168/1053 1631/362/247
f 2302/3062/2937 2306/351/236 2307/349/234 2303/2302/2187
f 2328/2116/2001 2323/2115/2000 1207/2306/2191 2327/3063/2938
f 3795/2119/2004 3800/2118/2003 3801/2111/1996 3796/2114/1999
f 4429/283/168 4433/282/167 4421/3064/2939 4430/3065/2940
f 2351/399/284 2347/398/283 2346/999/884 2350/1333/1218
f 2033/2453/2331 2034/2457/2335 2029/1582/1467 2028/1867/1752
f 3372/2417/2295 4021/2238/2123 2910/2237/2122 3373/3066/2941
f 4082/2316/2201 4078/2312/2197 4077/2311/2196 4081/3067/2942
f 3713/2068/1953 3714/2479/2357 3709/3068/2943 3708/2069/1954
f 2416/1485/1370 2412/468/353 2411/472/357 2415/1147/1032
f 2401/2134/2019 2397/2133/2018 2396/3069/2944 1219/3070/2945
f 1804/1969/1854 1809/1968/1853 1810/1971/1856 1805/1722/1607
f 3682/2039/1924 3687/494/379 3688/769/654 3683/2746/2622
f 3695/3071/2946 3690/496/381 2860/3072/2947 3694/3073/2948
f 2932/3074/2949 4162/2737/2613 4163/2514/2392 4158/3075/2950
f 2450/3076/2951 2454/1892/1777 2455/2856/2732 2451/3077/2952
f 3057/779/664 3703/778/663 2861/3078/2953 3058/3079/2954
f 4177/2522/2400 4176/2521/2399 4181/3080/2955 4182/2525/2403
f 1569/1626/1511 2469/3081/2956 2470/2220/2105 1570/1627/1512
f 1913/835/720 1908/833/718 1907/829/714 1912/1661/1546
f 3618/3082/2957 3622/2217/2102 3623/2216/2101 3619/1477/1362
f 3618/3082/2957 3613/1913/1798 3612/551/436 3617/1920/1805
f 3619/1477/1362 3623/2216/2101 3624/3083/2958 2847/1474/1359
f 2501/1227/1112 2496/1225/1110 2495/1224/1109 2500/2157/2042
f 2532/1923/1808 2528/2161/2046 2527/3084/2959 2531/2706/2582
f 3596/422/307 3600/3085/2960 3601/1675/1560 3597/423/308
f 3570/1940/1825 3574/1939/1824 3575/2167/2052 3571/3086/2961
f 3565/3087/2962 3569/1937/1822 3570/1940/1825 3566/2699/2575
f 2548/2555/2433 1540/2554/2432 1539/2860/2736 2547/3026/2901
f 4280/2566/2444 4285/1965/1850 4286/2570/2448 4281/2567/2445
f 2606/1444/1329 2601/1714/1599 2600/1713/1598 2605/1445/1330
f 3512/3088/2963 3516/3089/2964 3517/925/810 3513/1447/1332
f 2600/1713/1598 1520/623/508 1519/622/507 2599/3033/2908
f 3227/1709/1594 3228/1712/1597 3219/2878/2754 3220/2681/2557
f 2632/1086/971 2627/1089/974 2626/1418/1303 2631/3090/2965
f 3964/2379/2257 3351/3061/2936 3350/2283/2168 3965/2376/2254
f 2637/1515/1400 2633/1087/972 2632/1086/971 2636/1737/1622
f 2096/2307/2192 2100/2240/2125 2101/2241/2126 1170/3091/2966
f 3142/1189/1074 3143/3092/2967 3134/1728/1613 3135/1424/1309
f 1501/2546/2424 1500/3093/2968 2652/3043/2918 2653/2651/2527
f 2654/2652/2528 2653/2651/2527 2658/3094/2969 2659/1757/1642
f 4366/1762/1647 4362/1980/1865 4361/3095/2970 2964/1759/1644
f 3152/1258/1143 3153/1261/1146 3144/3041/2916 3145/2595/2473
f 3157/665/550 3443/1269/1154 2821/3096/2971 3158/666/551
f 3447/3097/2972 3160/664/549 3159/663/548 3446/3098/2973
f 4374/2973/2848 2965/2598/2476 4379/1077/962 4375/1076/961
f 1451/1772/1657 1456/954/839 1457/950/835 1450/1004/889
f 3167/1276/1161 3417/1295/1180 2817/2636/2512 3168/3099/2974
f 3169/3100/2975 3170/1277/1162 3167/1276/1161 3168/3099/2974
f 2969/2613/2491 3183/3101/2976 3182/3000/2875 4405/2614/2492
f 1714/1023/908 1710/2635/2511 1709/3102/2977 1713/2187/2072
f 4411/1788/1673 4410/2617/2495 4415/3103/2978 4416/3104/2979
f 4415/3103/2978 4419/2619/2497 4420/2622/2500 4416/3104/2979
f 2156/2387/2265 2144/3105/2980 2153/1680/1565 2152/1679/1564
f 1740/1003/888 1728/1006/891 1737/3106/2981 1736/3107/2982
f 1740/1003/888 1736/3107/2982 1735/2437/2315 1739/2603/2481
f 4393/2609/2487 4389/1303/1188 4388/3108/2983 4392/3109/2984
f 1739/2603/2481 1735/2437/2315 1734/2189/2074 1738/1778/1663
f 2687/2003/1888 2692/1054/939 2693/3110/2985 2688/3111/2986
f 3202/3112/2987 3203/3113/2988 3204/983/868 3205/986/871
f 1766/1981/1866 1762/1984/1869 1761/973/858 1765/972/857
f 3666/2732/2608 3662/1887/1772 3661/1886/1771 3665/2735/2611
f 4363/1979/1864 4367/1978/1863 4368/1551/1436 4364/1550/1435
f 2636/1737/1622 2632/1086/971 2631/3090/2965 2635/3114/2989
f 1792/1975/1860 1788/1974/1859 1787/946/831 1791/948/833
f 4336/3115/2990 4331/2666/2542 4330/3116/2991 4335/3117/2992
f 3486/1911/1796 3490/2662/2538 3491/2661/2537 3487/1414/1299
f 3518/927/812 3522/555/440 3523/558/443 3519/1440/1325
f 4315/1717/1602 4311/2154/2039 4310/770/655 4314/1718/1603
f 1810/1971/1856 1814/1970/1855 1815/2674/2550 1126/3118/2993
f 3136/1423/1308 3141/1190/1075 3142/1189/1074 3135/1424/1309
f 4290/2946/2822 4286/2570/2448 4285/1965/1850 4289/1964/1849
f 3127/2677/2553 3128/2676/2552 3129/3119/2994 3130/2678/2554
f 4264/3120/2995 4260/3121/2996 4259/1934/1819 4263/1933/1818
f 4189/2658/2534 4193/3122/2997 4194/536/421 4190/535/420
f 4262/1936/1821 4258/1935/1820 4257/3123/2998 2948/2563/2441
f 1885/3124/2999 1889/3125/3000 1890/2159/2044 1886/580/465
f 4238/857/742 4234/705/590 4233/860/745 4237/859/744
f 1890/2159/2044 1894/2208/2093 1895/864/749 1891/863/748
f 1887/581/466 1891/863/748 1892/866/751 1888/575/460
f 3590/1926/1811 3594/571/456 3595/574/459 3591/1927/1812
f 4232/861/746 4227/2209/2094 4226/3126/3001 4231/2859/2735
f 1672/1127/1012 2524/869/754 1237/868/753 1673/1128/1013
f 4243/858/743 4247/3127/3002 4248/3128/3003 2943/855/740
f 4242/2545/2423 4246/3129/3004 4247/3127/3002 4243/858/743
f 1317/1555/1440 1310/1163/1048 1311/699/584 1316/1841/1726
f 4240/2711/2587 4244/2550/2428 4245/2549/2427 4241/2709/2585
f 3619/1477/1362 3614/1476/1361 3613/1913/1798 3618/3082/2957
f 2616/2671/2547 2620/1435/1320 2621/2830/2706 1250/2672/2548
f 4210/1236/1121 4206/839/724 4205/841/726 2940/1233/1118
f 4219/2537/2415 4223/1666/1551 4224/2933/2809 4220/2538/2416
f 4191/538/423 2935/3130/3005 4178/3131/3006 4186/3132/3007
f 4185/3133/3008 4190/535/420 4191/538/423 4186/3132/3007
f 1939/2857/2733 1943/3134/3009 1944/526/411 1940/525/410
f 1948/1725/1610 1944/526/411 1943/3134/3009 1947/796/681
f 3643/2145/2030 3638/529/414 2852/532/417 3642/2727/2603
f 4184/2659/2535 4180/821/706 4179/824/709 2936/2656/2532
f 3651/1285/1170 3647/2146/2031 3646/2728/2604 2853/2918/2794
f 2488/541/426 2492/2229/2114 2493/3135/3010 2489/813/698
f 1186/3136/3011 2187/3137/3012 2195/3138/3013 2200/3139/3014
f 2855/3140/3015 3658/2733/2609 3666/2732/2608 3671/3141/3016
f 3671/3141/3016 3666/2732/2608 3665/2735/2611 3670/2816/2692
f 3670/2816/2692 3674/2815/2691 3675/3142/3017 3671/3141/3016
f 4158/3075/2950 4163/2514/2392 4164/2513/2391 4159/2855/2731
f 2446/787/672 2445/504/389 2450/3076/2951 2451/3077/2952
f 2218/2276/2161 1189/1801/1686 2212/1800/1685 2217/2273/2158
f 1955/2858/2734 1950/1893/1778 1949/1895/1780 1954/3143/3018
f 1596/453/338 1601/454/339 1602/459/344 1595/2076/1961
f 2464/511/396 2468/2062/1947 2456/3144/3019 2465/3145/3020
f 2428/1210/1095 2424/483/368 2423/1201/1086 2427/1208/1093
f 4133/2602/2480 4129/2601/2479 4128/2756/2632 4132/2755/2631
f 4129/2601/2479 4124/2495/2373 4123/2494/2372 4128/2756/2632
f 1976/1874/1759 1365/1873/1758 1364/1877/1762 1975/2981/2856
f 2441/2065/1950 1576/1142/1027 1575/1143/1028 2442/1482/1367
f 1159/1594/1479 2015/3146/3021 2016/3147/3022 2011/1591/1476
f 4113/3148/3023 4108/3149/3024 4107/3150/3025 4112/3151/3026
f 2017/3152/3027 2021/3153/3028 2022/3154/3029 2018/3155/3030
f 4103/2472/2350 4098/2470/2348 4097/2224/2109 4102/2223/2108
f 4111/2766/2642 4106/3156/3031 2924/3157/3032 4110/2763/2639
f 4121/3158/3033 3290/12/10 3289/11/9 4109/3159/3034
f 4120/1317/1202 3291/1316/1201 3290/12/10 4121/3158/3033
f 1163/2455/2333 2041/3160/3035 2042/1323/1208 2037/2452/2330
f 4087/444/329 4082/2316/2201 4081/3067/2942 4086/441/326
f 3742/440/325 3747/2130/2015 3748/1578/1463 3743/437/322
f 2043/1326/1211 2047/1325/1210 2048/2774/2650 2044/2773/2649
f 2047/1325/1210 2051/742/627 2052/738/623 2048/2774/2650
f 2868/1871/1756 3746/3161/3036 3747/2130/2015 3742/440/325
f 2030/1583/1468 2035/2460/2338 2036/2459/2337 1161/3162/3037
f 3082/3163/3038 3657/1888/1773 2854/3164/3039 3083/3165/3040
f 2064/1569/1454 2069/1568/1453 2070/2987/2862 2065/404/289
f 4059/749/634 4054/748/633 2916/2986/2861 4058/2444/2322
f 4041/1858/1743 4037/732/617 4036/3166/3041 2913/2430/2308
f 2096/2307/2192 1170/3091/2966 2083/2796/2672 2091/7/5
f 2090/6/4 2095/2235/2120 2096/2307/2192 2091/7/5
f 2911/2428/2306 4022/3167/3042 4030/3168/3043 4035/2425/2303
f 3031/1160/1045 3030/1159/1044 3785/1853/1738 3786/2897/2773
f 3327/385/270 4047/2436/2314 2914/3169/3044 3328/2790/2666
f 4006/2807/2683 4010/2409/2287 4011/2408/2286 4007/2808/2684
f 3822/1217/1102 3818/356/241 3817/2108/1993 3821/2107/1992
f 2115/1346/1231 2111/1345/1230 2110/2407/2285 1175/2243/2128
f 3860/1690/1575 3856/1021/906 3855/1020/905 3859/2912/2788
f 1172/3170/3045 1313/1846/1731 1312/698/583 2102/697/582
f 1307/1520/1405 1306/1828/1713 2133/328/213 2134/689/574
f 1437/910/795 1438/913/798 1429/2903/2779 1430/2902/2778
f 3847/3171/3046 3843/325/210 3842/321/206 3846/2993/2868
f 4151/2743/2619 4150/981/866 4155/980/865 4156/2853/2729
f 3848/3172/3047 3840/3173/3048 3845/3174/3049 3844/3175/3050
f 3347/1172/1057 3348/3176/3051 3339/3177/3052 3340/1173/1058
f 3347/1172/1057 3995/2402/2280 2906/3178/3053 3348/3176/3051
f 3351/3061/2936 3356/309/194 3357/312/197 3350/2283/2168
f 2169/2714/2590 2161/2713/2589 2166/1825/1710 2165/1826/1711
f 3956/3179/3054 3960/2378/2256 3961/2139/2024 3957/2138/2023
f 2249/3180/3055 2253/3181/3056 2254/303/188 2250/2288/2173
f 1294/3024/2899 1295/2950/2826 1292/1820/1705 1293/3182/3057
f 1292/1820/1705 2154/1819/1704 1180/3183/3058 1293/3182/3057
f 3311/1573/1458 3316/1576/1461 3317/2448/2326 3310/1863/1748
f 2366/2449/2327 1610/2887/2763 1609/2886/2762 2365/3184/3059
f 1914/838/723 1909/1917/1802 1908/833/718 1913/835/720
f 3301/3185/3060 3306/2469/2347 3307/2468/2346 3300/763/648
f 3307/2468/2346 4099/2471/2349 2922/3186/3061 3308/3187/3062
f 3062/3188/3063 3063/3189/3064 3054/3190/3065 3055/2497/2375
f 3291/1316/1201 3296/2496/2374 3297/9/7 3290/12/10
f 1577/2937/2813 1580/502/387 1581/501/386 1576/1142/1027
f 4211/1994/1879 4207/1993/1878 4206/839/724 4210/1236/1121
f 3082/3163/3038 3081/1629/1514 3656/1885/1770 3657/1888/1773
f 3092/543/428 3091/3191/3066 3630/1904/1789 3631/544/429
f 3605/1132/1017 3387/3192/3067 3386/1671/1556 3604/2052/1937
f 1236/3193/3068 1548/3194/3069 1547/565/450 2518/1915/1800
f 4250/2974/2849 4246/3129/3004 4245/2549/2427 4249/2548/2426
f 1877/1120/1005 1872/585/470 1871/3195/3070 1876/3196/3071
f 4266/2564/2442 4270/3197/3072 4271/3198/3073 4267/2562/2440
f 4267/2562/2440 4271/3198/3073 4272/2390/2268 4268/3199/3074
f 1822/883/768 1821/3200/3075 1826/2034/1919 1827/1704/1589
f 4294/3201/3076 4298/1707/1592 4299/3202/3077 4295/3203/3078
f 1825/3204/3079 1826/2034/1919 1821/3200/3075 1820/3205/3080
f 4295/3203/3078 4299/3202/3077 4300/3206/3081 2951/3207/3082
f 1825/3204/3079 1820/3205/3080 1819/3208/3083 1824/3209/3084
f 4319/1719/1604 4323/2578/2456 4324/3210/3085 4320/1716/1601
f 3510/2477/2355 3506/2305/2190 3505/638/523 3509/637/522
f 4329/2030/1915 4325/3211/3086 4324/3210/3085 4328/2876/2752
f 4321/3212/3087 4325/3211/3086 4326/3213/3088 2955/3214/3089
f 1799/2429/2307 1794/915/800 1793/3215/3090 1798/3216/3091
f 1769/936/821 1774/1094/979 1775/1744/1629 1770/1746/1631
f 4346/1742/1627 4350/1741/1626 4351/3217/3092 4347/938/823
f 2644/1092/977 2648/2654/2530 2649/1100/985 2645/2923/2799
f 4347/938/823 4351/3217/3092 4352/3218/3093 2959/939/824
f 1743/955/840 1748/1074/959 1749/1775/1660 1744/951/836
f 4376/1079/964 4380/1078/963 4381/3219/3094 4377/2972/2847
f 4396/3220/3095 4400/2612/2490 4401/2615/2493 4397/3221/3096
f 1727/1390/1275 1723/1784/1669 1722/1786/1671 1726/996/881
f 2692/1054/939 2696/1053/938 2697/3055/2930 2693/3110/2985
f 4407/2868/2744 3180/2638/2514 3179/2637/2513 4395/3222/3097
f 3172/2180/2065 3171/1278/1163 3422/3223/3098 3423/2182/2067
f 3404/1374/1259 3400/3224/3099 3399/3225/3100 2816/1375/1260
f 2719/1017/902 2723/1040/925 2724/1370/1255 2720/1369/1254
f 4425/2621/2499 4429/283/168 4430/3065/2940 2971/3226/3101
f 2714/1018/903 2719/1017/902 2720/1369/1254 2715/3227/3102
f 3396/2963/2838 3401/3228/3103 3402/1998/1883 3397/1997/1882
f 2968/3229/3104 4396/3220/3095 4397/3221/3096 4392/3109/2984
f 3437/3230/3105 3432/1795/1680 3431/1798/1683 3436/1394/1279
f 3457/2647/2523 3453/3231/3106 3452/3046/2921 3456/2649/2525
f 2671/1767/1652 2675/1766/1651 2676/1080/965 2672/1776/1661
f 2675/1766/1651 1486/2178/2063 1485/1081/966 2676/1080/965
f 3458/1071/956 3454/3232/3107 3453/3231/3106 3457/2647/2523
f 1748/1074/959 1743/955/840 1742/957/842 1747/1075/960
f 2665/3233/3108 2669/3234/3109 2670/1764/1649 2666/2012/1897
f 3715/2762/2638 2862/3235/3110 3709/3068/2943 3714/2479/2357
f 3474/1097/982 3479/1096/981 3480/2018/1903 3475/1259/1144
f 4419/2619/2497 4415/3103/2978 4414/3236/3111 4418/3237/3112
f 2623/1432/1317 1506/2029/1914 1505/2322/2207 2624/1434/1319
f 4344/2143/2028 4348/2920/2796 4349/1740/1625 4345/1739/1624
f 3131/2679/2555 3130/2678/2554 3525/3238/3113 3526/2682/2558
f 3224/932/817 3225/931/816 3222/3239/3114 3223/3240/3115
f 3553/602/487 3552/2691/2567 3557/1930/1815 3558/603/488
f 2571/3241/3116 1526/3242/3117 1525/1111/996 2572/1110/995
f 4241/2709/2585 4245/2549/2427 4246/3129/3004 4242/2545/2423
f 3582/3243/3118 3577/1684/1569 3576/3244/3119 3581/3245/3120
f 2200/3139/3014 2204/1188/1073 2205/1187/1072 1186/3136/3011
f 2493/3135/3010 1556/1656/1541 1555/2055/1940 2494/1647/1532
f 4194/536/421 4198/1653/1538 4199/3246/3121 4195/537/422
f 3629/3247/3122 3090/2485/2363 3089/2484/2362 3628/3248/3123
f 2463/510/395 2467/2059/1944 2468/2062/1947 2464/511/396
f 3080/1628/1513 3655/2515/2393 3656/1885/1770 3081/1629/1514
f 2260/301/186 1645/1222/1107 1644/1526/1411 2248/3249/3124
f 3010/2092/1977 3837/322/207 3838/326/211 3011/1833/1718
f 4045/2787/2663 3325/1563/1448 3324/2432/2310 4044/3016/2891
f 2415/1147/1032 1586/477/362 1585/2491/2369 2416/1485/1370
f 4418/3237/3112 4414/3236/3111 4413/3250/3125 2972/3251/3126
f 3059/2073/1958 3060/2072/1957 3057/779/664 3058/3079/2954
f 3049/3252/3127 3732/3020/2895 3733/2075/1960 3050/1149/1034
f 3047/755/640 3048/3253/3128 3049/3252/3127 3050/1149/1034
f 1336/419/304 2055/1152/1037 2056/1500/1385 1337/1570/1455
f 3027/388/273 3028/2940/2816 3029/3254/3129 3030/1159/1044
f 1632/1513/1398 1667/3255/3130 1668/3256/3131 1633/1510/1395
f 3007/2091/1976 3833/2914/2790 2881/2915/2791 3008/3009/2884
f 1701/1137/1022 1693/3257/3132 1698/2001/1886 1697/1990/1875
f 3175/1363/1248 4433/282/167 4432/281/166 3176/2630/2506
f 2701/3056/2931 1476/1780/1665 1475/1062/947 2702/2007/1892
f 3463/1072/957 3467/3045/2920 3468/3258/3133 2823/1069/954
f 4129/2601/2479 4130/2023/1908 4125/2849/2725 4124/2495/2373
f 2418/481/366 1590/479/364 1589/2759/2635 2417/1202/1087
f 2398/1308/1193 2393/460/345 2392/3259/3134 2397/2133/2018
f 2392/3259/3134 1600/450/335 1599/449/334 2391/3260/3135
f 3753/1986/1871 3757/3261/3136 3745/3262/3137 3754/3263/3138
f 3752/1985/1870 3756/2777/2653 3757/3261/3136 3753/1986/1871
f 3757/3261/3136 3035/1771/1656 3034/1770/1655 3745/3262/3137
f 2345/1002/887 2340/1001/886 2339/3264/3139 2344/2440/2318
f 3778/1337/1222 3782/390/275 3783/722/607 3779/2122/2007
f 2340/1001/886 1620/380/265 1619/379/264 2339/3264/3139
f 4030/3168/3043 4022/3167/3042 4027/2236/2121 4026/2239/2124
f 3800/2118/2003 3804/3265/3140 3805/2419/2297 3801/2111/1996
f 2122/2970/2845 2117/710/595 2116/713/598 2121/2245/2130
f 3996/3266/3141 4001/3267/3142 4000/2403/2281 4004/2404/2282
f 3175/1363/1248 3174/1362/1247 4421/3064/2939 4433/282/167
f 3977/2248/2133 3982/1622/1507 3983/1347/1232 3978/2393/2271
f 2148/1678/1563 2143/690/575 2142/1351/1236 2147/2247/2132
f 2272/2297/2182 2268/314/199 2267/313/198 2271/2295/2180
f 2245/2287/2172 2241/284/169 2240/2845/2721 1195/3268/3143
f 2226/2842/2718 2230/262/147 2231/265/150 1190/2843/2719
f 3900/3269/3144 3896/2840/2716 3895/266/151 3899/2284/2169
f 3924/2266/2151 3920/2844/2720 3919/3270/3145 2896/3271/3146
f 2199/1531/1416 2203/249/134 2204/1188/1073 2200/3139/3014
f 2195/3138/3013 2187/3137/3012 2192/1812/1697 2191/1813/1698
f 3931/3004/2879 3935/3272/3147 3936/3273/3148 2895/3274/3149
f 3930/2268/2153 3934/657/542 3935/3272/3147 3931/3004/2879
f 3876/3275/3150 3880/3276/3151 3881/2832/2708 3877/2291/2176
f 3976/696/581 3972/2948/2824 3971/2949/2825 2904/693/578
f 2147/2247/2132 2151/2388/2266 2152/1679/1564 2148/1678/1563
f 2174/2715/2591 2178/1181/1066 2179/1180/1065 1182/2712/2588
f 4024/2988/2863 4019/2415/2293 4018/2916/2792 4023/2989/2864
f 2099/1621/1506 2103/700/585 2104/1162/1047 2100/2240/2125
f 3182/3000/2875 3183/3101/2976 3184/1279/1164 3185/1282/1167
f 2048/2774/2650 2052/738/623 2040/741/626 2049/2775/2651
f 4080/3277/3152 4076/2230/2115 4075/2233/2118 2920/3278/3153
f 2140/692/577 1177/1521/1406 2134/689/574 2139/688/573
f 3703/778/663 3699/3279/3154 3698/3280/3155 2861/3078/2953
f 3287/1609/1494 4151/2743/2619 2930/3281/3156 3288/3282/3157
f 1372/518/403 1946/795/680 1148/1216/1101 1373/3283/3158
f 1381/807/692 1382/806/691 1385/1906/1791 1386/1907/1792
f 1384/3284/3159 1385/1906/1791 1382/806/691 1383/2882/2758
f 3257/2717/2593 3250/2935/2811 3251/2934/2810 3256/826/711
f 1394/2881/2757 1679/3285/3160 1680/3286/3161 1395/570/455
f 4276/2391/2269 3231/606/491 3230/3287/3162 4277/2389/2267
f 1527/3288/3163 2570/2692/2568 1244/2694/2570 1528/3289/3164
f 3234/2976/2851 3235/608/493 3232/607/492 3233/3290/3165
f 1434/3291/3166 1435/914/799 1432/2588/2466 1433/2590/2468
f 3437/3230/3105 3441/3051/2926 3442/3292/3167 2819/3293/3168
f 4412/3294/3169 4417/3295/3170 4416/3104/2979 4420/2622/2500
f 1001/3296/3171 967/3297/3172 968/3298/3173 1000/3299/3174
f 245/3300/3175 250/3301/3176 251/3302/3177 246/3303/3178
f 840/3304/19 741/3305/19 740/3306/19 841/3307/19
f 2025/759/644 1341/758/643 1340/751/636 2026/750/635
f 1856/1944/1829 1861/1943/1828 1862/595/480 1857/598/483
f 1307/1520/1405 1308/1522/1407 1299/2400/2278 1300/1829/1714
f 1277/1799/1684 1278/1802/1687 1269/3308/3179 1270/2908/2784
f 3859/2912/2788 2997/2381/2259 2996/2821/2697 3860/1690/1575
f 3872/2100/1985 3868/2099/1984 3867/2828/2704 2888/3309/3180
f 2129/1836/1721 1301/1827/1712 1300/1829/1714 2130/2399/2277
f 1396/567/452 1681/1669/1554 1682/1668/1553 1397/2210/2095
f 1692/1107/992 1677/1106/991 1676/2628/2505 1691/3310/3181
f 1948/1725/1610 1370/1633/1518 1369/1632/1517 1936/1726/1611
f 3635/534/419 3630/1904/1789 3629/3247/3122 3634/530/415
f 3725/2135/2020 3729/754/639 3730/455/340 3726/1305/1190
f 1838/892/777 1842/1694/1579 1843/904/789 1839/894/779
f 3237/2565/2443 4281/2567/2445 2950/2569/2447 3238/3311/3182
f 1536/3312/3183 1541/2557/2435 1542/3313/3184 1535/2552/2430
f 1856/1944/1829 1852/2980/2855 1851/3314/3185 1855/1941/1826
f 2219/2265/2150 2215/2264/2149 2214/2357/2235 1191/2363/2241
f 3432/1795/1680 3424/3315/3186 3429/3316/3187 3428/1796/1681
f 1256/2653/2529 1498/3317/3188 1497/3318/3189 2648/2654/2530
f 4277/2389/2267 3230/3287/3162 3229/3319/3190 4265/2978/2853
f 2012/2481/2359 2008/1310/1195 2007/1592/1477 2011/1591/1476
f 4112/3151/3026 4116/3320/3191 4117/3321/3192 4113/3148/3023
f 2992/3002/2877 2993/3322/3193 2984/3323/3194 2985/1807/1692
f 2016/3147/3022 2020/2475/2353 2021/3153/3028 2017/3152/3027
f 2067/1565/1450 2071/2438/2316 2072/2125/2010 2068/1566/1451
f 1108/3324/2835 1674/2955/2831 1675/2954/2830 1107/3325/1251
f 4377/2972/2847 4381/3219/3094 4369/3326/3195 4378/3327/3196
f 3535/2926/2802 3540/1457/1342 3541/1449/1334 3536/3328/3197
f 3072/2744/2620 3073/2748/2624 3064/3329/3198 3065/2745/2621
f 2635/3114/2989 2631/3090/2965 2630/3330/3199 1255/3331/3200
f 4303/2877/2753 4299/3202/3077 4298/1707/1592 4302/1706/1591
f 1302/1835/1720 2128/1834/1719 1176/2847/2723 1303/3332/3201
f 4169/514/399 4173/630/515 4161/3333/3202 4170/515/400
f 3601/1675/1560 3095/1239/1124 3094/1238/1123 3589/1676/1561
f 1322/721/606 1325/2894/2770 1326/2433/2311 1321/718/603
f 1224/1144/1029 1578/3334/3203 1577/2937/2813 2440/1145/1030
f 3557/1930/1815 3561/1929/1814 3562/2698/2574 3558/603/488
f 1617/381/266 2336/2896/2772 1208/2942/2818 1618/382/267
f 3397/1997/1882 3382/3335/3204 3381/2964/2839 3396/2963/2838
f 3574/1939/1824 3106/847/732 3105/850/735 3575/2167/2052
f 3614/1476/1361 3606/1475/1360 3611/1130/1015 3610/1133/1018
f 2012/2481/2359 2017/3152/3027 2018/3155/3030 2013/2480/2358
f 3062/3188/3063 3061/2492/2370 3708/2069/1954 3709/3068/2943
f 1784/1736/1621 1788/1974/1859 1789/1977/1862 1122/1733/1618
f 357/3336/21 356/3337/21 501/3338/21 500/3339/21
f 469/3340/3205 468/3341/3206 774/3342/3207 775/3343/3208
f 70/3344/3209 69/3345/3210 352/3346/3211 353/3347/3209
f 41/3348/3212 40/3349/62 323/3350/62 324/3351/3213
f 398/210/3214 391/211/2216 392/87/3215 399/212/3214
f 362/3352/3216 363/3353/62 364/87/3217 361/191/62
f 2744/193/57 2745/3354/56 1080/3355/56 1079/194/57
f 440/3356/3218 439/3357/3219 423/3358/3219 422/3359/3218
f 454/3360/55 426/3361/54 425/3362/3220 437/3363/54
f 2749/3364/2216 2750/97/66 1085/100/66 1084/3365/2216
f 53/3366/3221 52/3367/3222 335/3368/3222 336/3369/3223
f 326/3370/21 532/3371/44 531/3372/21 327/3373/21
f 591/42/35 541/3374/3224 526/3375/21 527/43/21
f 310/3376/19 311/3377/19 28/3378/19 27/3379/19
f 2/3380/19 86/3381/3225 1/3382/19
f 1/3382/19 86/3381/3225 78/3383/3226
f 1/3384/19 78/3385/3226 278/3386/3227
f 91/3387/3228 96/3388/3229 97/3389/3230 92/3390/3231
f 538/3391/3232 644/3392/3233 643/3393/3234 537/3394/3235
f 80/3395/3236 88/3396/3237 89/3397/3238 81/3398/3239
f 89/3397/3238 90/3399/3240 82/3400/3241 81/3398/3239
f 282/3401/3242 82/3402/3241 40/3403/62
f 282/3401/3242 40/3403/62 41/3404/3212
f 86/3381/3225 2/3380/19 91/3387/3228
f 91/3387/3228 2/3380/19 3/3405/19
f 91/3387/3228 3/3405/19 96/3388/3229
f 96/3388/3229 3/3405/19 4/3406/19
f 96/3388/3229 4/3406/19 101/3407/3243
f 101/3407/3243 4/3406/19 5/3408/19
f 101/3407/3243 5/3408/19 106/3409/3244
f 106/3409/3244 5/3408/19 6/3410/19
f 106/3409/3244 6/3410/19 111/3411/3245
f 111/3411/3245 6/3410/19 7/3412/19
f 111/3411/3245 7/3412/19 116/3413/3246
f 116/3413/3246 7/3412/19 8/3414/19
f 116/3413/3246 8/3414/19 121/3415/3247
f 121/3415/3247 8/3414/19 9/3416/19
f 121/3415/3247 9/3416/19 126/3417/3248
f 126/3417/3248 9/3416/19 10/3418/19
f 126/3417/3248 10/3418/19 131/3419/3249
f 131/3419/3249 10/3418/19 11/3420/79
f 131/3419/3249 11/3420/79 136/3421/3250
f 136/3421/3250 11/3420/79 12/3422/19
f 136/3421/3250 12/3422/19 141/3423/3251
f 141/3423/3251 12/3422/19 13/3424/19
f 141/3423/3251 13/3424/19 146/3425/3252
f 146/3425/3252 13/3424/19 14/3426/19
f 146/3425/3252 14/3426/19 150/3427/3253
f 150/3427/3253 14/3426/19 15/3428/19
f 150/3427/3253 15/3428/19 155/3429/3254
f 155/3429/3254 15/3428/19 16/3430/19
f 155/3429/3254 16/3430/19 160/3431/3255
f 160/3431/3255 16/3430/19 17/3432/19
f 160/3431/3255 17/3432/19 165/3433/3256
f 165/3433/3256 17/3432/19 18/3434/19
f 165/3433/3256 18/3434/19 170/3435/3257
f 170/3435/3257 18/3434/19 19/3436/19
f 170/3435/3257 19/3436/19 175/226/122
f 175/226/122 19/3436/19 20/3437/19
f 175/226/122 20/3437/19 84/227/123
f 508/3438/80 509/3439/21 680/3440/3258 685/3441/3259
f 193/3442/3260 21/3443/19 184/3444/3261
f 126/3417/3248 131/3419/3249 132/3445/3262 127/34/27
f 176/225/121 171/3446/3263 170/3435/3257 175/226/122
f 708/3447/3264 703/3448/3265 702/3449/3266 707/3450/3267
f 172/3451/3268 167/3452/3269 166/3453/3270 171/3446/3263
f 173/3454/3271 168/3455/3272 167/3452/3269 172/3451/3268
f 197/3456/3273 187/3457/3274 186/3458/3275 196/3459/3276
f 212/3460/3277 217/3461/3278 218/3462/3279 213/3463/3280
f 82/3402/3241 282/3401/3242 281/3464/3281 81/3465/3239
f 208/3466/3282 213/3463/3280 54/3467/3283
f 54/3467/3283 213/3463/3280 53/3468/3221
f 53/3468/3221 213/3463/3280 218/3462/3279
f 53/3468/3221 218/3462/3279 85/3469/3284
f 174/3470/3285 169/3471/3286 168/3455/3272 173/3454/3271
f 153/3472/3287 149/3473/3288 148/3474/3289 152/3475/3290
f 254/3476/3291 259/3477/3292 260/3478/3293 255/3479/3294
f 151/3480/3295 147/3481/3296 146/3425/3252 150/3427/3253
f 219/3482/3297 214/3483/3298 27/3484/19
f 219/3482/3297 27/3484/19 28/3485/19
f 21/3443/19 22/3486/19 184/3444/3261
f 184/3444/3261 22/3486/19 194/3487/3299
f 171/3446/3263 166/3453/3270 165/3433/3256 170/3435/3257
f 269/3488/3300 274/3489/3301 275/3490/3302 270/3491/3303
f 163/3492/3304 158/3493/3305 157/3494/3306 162/3495/3307
f 159/3496/3308 154/3497/3309 153/3472/3287 158/3493/3305
f 22/3486/19 23/3498/19 194/3487/3299
f 194/3487/3299 23/3498/19 199/3499/3310
f 184/3444/3261 194/3487/3299 195/3500/3311 185/3501/3312
f 162/3495/3307 157/3494/3306 156/3502/3313 161/3503/3314
f 202/3504/3315 197/3456/3273 196/3459/3276 201/3505/3316
f 23/3498/19 24/3506/19 199/3499/3310
f 199/3499/3310 24/3506/19 204/3507/3317
f 209/3508/3318 214/3483/3298 215/3509/3319 210/3510/3320
f 713/3511/3321 708/3447/3264 707/3450/3267 712/3512/3322
f 24/3506/19 25/3513/19 204/3507/3317
f 204/3507/3317 25/3513/19 209/3508/3318
f 156/3502/3313 151/3480/3295 150/3427/3253 155/3429/3254
f 25/3513/19 26/3514/19 209/3508/3318
f 209/3508/3318 26/3514/19 214/3483/3298
f 26/3514/19 27/3484/19 214/3483/3298
f 219/3482/3297 28/3485/19 223/3515/3323
f 223/3515/3323 28/3485/19 29/3516/19
f 223/3515/3323 29/3516/19 228/3517/3324
f 228/3517/3324 29/3516/19 30/3518/3325
f 228/3517/3324 30/3518/3325 233/3519/3326
f 233/3519/3326 30/3518/3325 31/3520/19
f 233/3519/3326 31/3520/19 238/3521/3327
f 238/3521/3327 31/3520/19 32/3522/19
f 238/3521/3327 32/3522/19 243/3523/3328
f 243/3523/3328 32/3522/19 33/3524/19
f 243/3523/3328 33/3524/19 248/3525/3329
f 248/3525/3329 33/3524/19 34/3526/19
f 248/3525/3329 34/3526/19 253/3527/3330
f 253/3527/3330 34/3526/19 35/3528/19
f 253/3527/3330 35/3528/19 258/3529/3331
f 258/3529/3331 35/3528/19 36/3530/19
f 258/3529/3331 36/3530/19 263/3531/3332
f 263/3531/3332 36/3530/19 37/3532/19
f 263/3531/3332 37/3532/19 268/3533/3333
f 268/3533/3333 37/3532/19 38/3534/19
f 268/3533/3333 38/3534/19 273/3535/3334
f 273/3535/3334 38/3534/19 39/3536/20
f 273/3535/3334 39/3536/20 278/3386/3227
f 278/3386/3227 39/3536/20 1/3384/19
f 282/3401/3242 41/3404/3212 277/3537/3335
f 277/3537/3335 41/3404/3212 42/3538/3336
f 277/3537/3335 42/3538/3336 272/3539/3337
f 272/3539/3337 42/3538/3336 43/3540/99
f 272/3539/3337 43/3540/99 267/3541/3338
f 267/3541/3338 43/3540/99 44/3542/98
f 267/3541/3338 44/3542/98 262/3543/3339
f 262/3543/3339 44/3542/98 45/3544/3340
f 262/3543/3339 45/3544/3340 257/3545/3341
f 257/3545/3341 45/3544/3340 46/3546/3342
f 257/3545/3341 46/3546/3342 252/3547/3343
f 252/3547/3343 46/3546/3342 47/3548/59
f 252/3547/3343 47/3548/59 247/3549/3344
f 247/3549/3344 47/3548/59 48/3550/58
f 247/3549/3344 48/3550/58 242/3551/3345
f 242/3551/3345 48/3550/58 49/3552/3346
f 242/3551/3345 49/3552/3346 237/3553/3347
f 237/3553/3347 49/3552/3346 50/3554/3348
f 237/3553/3347 50/3554/3348 232/3555/3349
f 232/3555/3349 50/3554/3348 51/3556/3350
f 232/3555/3349 51/3556/3350 227/3557/3351
f 227/3557/3351 51/3556/3350 52/3558/3222
f 227/3557/3351 52/3558/3222 85/3469/3284
f 85/3469/3284 52/3558/3222 53/3468/3221
f 54/3467/3283 55/3559/2222 208/3466/3282
f 208/3466/3282 55/3559/2222 203/3560/3352
f 687/3561/3353 682/3562/3354 681/3563/3355 686/3564/3356
f 178/3565/3357 173/3454/3271 172/3451/3268 177/3566/3358
f 244/3567/3359 249/3568/3360 250/3301/3176 245/3300/3175
f 96/3388/3229 101/3407/3243 102/3569/3361 97/3389/3230
f 55/3559/2222 56/3570/113 203/3560/3352
f 203/3560/3352 56/3570/113 198/3571/3362
f 154/3497/3309 83/3572/3363 149/3473/3288 153/3472/3287
f 673/3573/3364 668/3574/3365 667/3575/3366 672/3576/3367
f 738/3577/3368 733/3578/3369 732/3579/3370 737/3580/3371
f 185/3501/3312 192/3581/3372 193/3442/3260 184/3444/3261
f 56/3570/113 57/3582/112 198/3571/3362
f 198/3571/3362 57/3582/112 188/3583/3373
f 276/3584/3374 281/3464/3281 282/3401/3242 277/3537/3335
f 93/3585/3375 98/3586/3376 99/3587/3377 94/3588/3378
f 186/3458/3275 191/3589/3379 192/3581/3372 185/3501/3312
f 214/3483/3298 219/3482/3297 220/3590/3380 215/3509/3319
f 57/3582/112 58/3591/3381 188/3583/3373
f 188/3583/3373 58/3591/3381 189/3592/3382
f 188/3583/3373 189/3592/3382 190/3593/3383 187/3457/3274
f 187/3457/3274 190/3593/3383 191/3589/3379 186/3458/3275
f 196/3459/3276 186/3458/3275 185/3501/3312 195/3500/3311
f 219/3482/3297 223/3515/3323 224/3594/3384 220/3590/3380
f 58/3591/3381 59/3595/3385 189/3592/3382
f 189/3592/3382 59/3595/3385 183/3596/3386
f 189/3592/3382 183/3596/3386 182/3597/3387 190/3593/3383
f 206/3598/3388 211/3599/3389 212/3460/3277 207/3600/3390
f 619/3601/3391 614/3602/3392 613/3603/3393 618/3604/3394
f 199/3499/3310 204/3507/3317 205/3605/3395 200/3606/3396
f 59/3595/3385 60/3607/3397 183/3596/3386
f 183/3596/3386 60/3607/3397 179/3608/3398
f 198/3571/3362 188/3583/3373 187/3457/3274 197/3456/3273
f 225/3609/3399 230/3610/3400 231/3611/3401 226/3612/3402
f 200/3606/3396 205/3605/3395 206/3598/3388 201/3505/3316
f 204/3507/3317 209/3508/3318 210/3510/3320 205/3605/3395
f 60/3607/3397 61/3613/3403 179/3608/3398
f 179/3608/3398 61/3613/3403 174/3470/3285
f 203/3560/3352 198/3571/3362 197/3456/3273 202/3504/3315
f 201/3505/3316 206/3598/3388 207/3600/3390 202/3504/3315
f 97/3389/3230 102/3569/3361 103/3614/3404 98/3586/3376
f 253/3527/3330 258/3529/3331 259/3477/3292 254/3476/3291
f 61/3613/3403 62/3615/2224 174/3470/3285
f 174/3470/3285 62/3615/2224 169/3471/3286
f 208/3466/3282 203/3560/3352 202/3504/3315 207/3600/3390
f 108/3616/3405 113/3617/3406 114/236/125 109/3618/3407
f 699/3619/3408 694/3620/3409 693/3621/3410 698/3622/3411
f 62/3615/2224 63/3623/2223 169/3471/3286
f 169/3471/3286 63/3623/2223 164/3624/3412
f 207/3600/3390 212/3460/3277 213/3463/3280 208/3466/3282
f 211/3599/3389 216/3625/3413 217/3461/3278 212/3460/3277
f 215/3509/3319 220/3590/3380 221/3626/3414 216/3625/3413
f 690/135/81 685/3441/3259 684/3627/3415 689/3628/3416
f 63/3623/2223 64/3629/3417 164/3624/3412
f 164/3624/3412 64/3629/3417 159/3496/3308
f 109/3618/3407 114/236/125 115/239/128 110/3630/3418
f 220/3590/3380 224/3594/3384 225/3609/3399 221/3626/3414
f 273/3535/3334 278/3386/3227 279/3631/3419 274/3489/3301
f 64/3629/3417 65/3632/3420 159/3496/3308
f 159/3496/3308 65/3632/3420 154/3497/3309
f 217/3461/3278 222/3633/3421 85/3469/3284 218/3462/3279
f 688/3634/3422 683/3635/3423 682/3562/3354 687/3561/3353
f 224/3594/3384 229/3636/3424 230/3610/3400 225/3609/3399
f 570/3637/3425 575/3638/3426 576/3639/3427 571/3640/3428
f 154/3497/3309 65/3632/3420 83/3572/3363
f 83/3572/3363 65/3632/3420 66/3641/3429
f 83/3572/3363 66/3641/3429 145/3642/3430
f 145/3642/3430 66/3641/3429 67/3643/3431
f 145/3642/3430 67/3643/3431 140/3644/3432
f 140/3644/3432 67/3643/3431 68/3645/3433
f 140/3644/3432 68/3645/3433 135/3646/3434
f 135/3646/3434 68/3645/3433 69/3647/3210
f 135/3646/3434 69/3647/3210 130/3648/3435
f 130/3648/3435 69/3647/3210 70/3649/3209
f 130/3648/3435 70/3649/3209 125/3650/3436
f 125/3650/3436 70/3649/3209 71/3651/3437
f 125/3650/3436 71/3651/3437 120/238/127
f 120/238/127 71/3651/3437 72/3652/2231
f 120/238/127 72/3652/2231 115/239/128
f 115/239/128 72/3652/2231 73/3653/2228
f 115/239/128 73/3653/2228 110/3630/3418
f 110/3630/3418 73/3653/2228 74/3654/2227
f 110/3630/3418 74/3654/2227 105/3655/3438
f 105/3655/3438 74/3654/2227 75/3656/3439
f 105/3655/3438 75/3656/3439 100/3657/3440
f 100/3657/3440 75/3656/3439 76/3658/3441
f 100/3657/3440 76/3658/3441 95/3659/3442
f 95/3659/3442 76/3658/3441 77/3660/3443
f 95/3659/3442 77/3660/3443 90/3399/3240
f 90/3399/3240 77/3660/3443 40/3661/62
f 90/3399/3240 40/3661/62 82/3400/3241
f 79/3662/3444 279/3631/3419 278/3386/3227 78/3385/3226
f 192/3581/3372 180/224/120 84/227/123 193/3442/3260
f 243/3523/3328 248/3525/3329 249/3568/3360 244/3567/3359
f 263/3531/3332 268/3533/3333 269/3488/3300 264/3663/3445
f 258/3529/3331 263/3531/3332 264/3663/3445 259/3477/3292
f 194/3487/3299 199/3499/3310 200/3606/3396 195/3500/3311
f 223/3515/3323 228/3517/3324 229/3636/3424 224/3594/3384
f 78/3383/3226 86/3381/3225 87/3664/3446 79/3665/3444
f 238/3521/3327 243/3523/3328 244/3567/3359 239/3666/3447
f 233/3519/3326 238/3521/3327 239/3666/3447 234/3667/3448
f 80/3668/3236 280/3669/3449 279/3631/3419 79/3662/3444
f 545/3670/3450 548/3671/3451 549/3672/3452 544/3673/3453
f 102/3569/3361 107/3674/3454 108/3616/3405 103/3614/3404
f 264/3663/3445 269/3488/3300 270/3491/3303 265/3675/3455
f 234/3667/3448 239/3666/3447 240/3676/3456 235/3677/3457
f 274/3489/3301 279/3631/3419 280/3669/3449 275/3490/3302
f 249/3568/3360 254/3476/3291 255/3479/3294 250/3301/3176
f 132/3445/3262 137/3678/3458 138/3679/3459 133/3680/3460
f 239/3666/3447 244/3567/3359 245/3300/3175 240/3676/3456
f 205/3605/3395 210/3510/3320 211/3599/3389 206/3598/3388
f 229/3636/3424 234/3667/3448 235/3677/3457 230/3610/3400
f 236/3681/3461 241/3682/3462 242/3551/3345 237/3553/3347
f 123/36/29 128/35/28 129/3683/3463 124/3684/3464
f 553/3685/3465 558/3686/3466 559/3687/3467 554/3688/3468
f 270/3491/3303 275/3490/3302 276/3584/3374 271/3689/3469
f 168/3455/3272 163/3492/3304 162/3495/3307 167/3452/3269
f 260/3478/3293 265/3675/3455 266/3690/3470 261/3691/3471
f 255/3479/3294 260/3478/3293 261/3691/3471 256/3692/3472
f 250/3301/3176 255/3479/3294 256/3692/3472 251/3302/3177
f 133/3680/3460 138/3679/3459 139/3693/3473 134/3694/3474
f 240/3676/3456 245/3300/3175 246/3303/3178 241/3682/3462
f 235/3677/3457 240/3676/3456 241/3682/3462 236/3681/3461
f 230/3610/3400 235/3677/3457 236/3681/3461 231/3611/3401
f 81/3465/3239 281/3464/3281 280/3669/3449 80/3668/3236
f 169/3471/3286 164/3624/3412 163/3492/3304 168/3455/3272
f 271/3689/3469 276/3584/3374 277/3537/3335 272/3539/3337
f 582/3695/3475 587/3696/3476 588/3697/3477 583/3698/3478
f 667/3575/3366 662/3699/3479 661/3700/3480 666/3701/3481
f 256/3692/3472 261/3691/3471 262/3543/3339 257/3545/3341
f 251/3302/3177 256/3692/3472 257/3545/3341 252/3547/3343
f 94/3588/3378 99/3587/3377 100/3657/3440 95/3659/3442
f 697/3702/3482 692/3703/3483 691/3704/3484 696/3705/3485
f 134/3694/3474 139/3693/3473 140/3644/3432 135/3646/3434
f 231/3611/3401 236/3681/3461 237/3553/3347 232/3555/3349
f 557/3706/3486 562/3707/3487 563/3708/3488 558/3686/3466
f 711/3709/3489 706/3710/3490 705/3711/3491 710/3712/3492
f 147/3481/3296 142/3713/3493 141/3423/3251 146/3425/3252
f 142/3713/3493 137/3678/3458 136/3421/3250 141/3423/3251
f 132/3445/3262 131/3419/3249 136/3421/3250 137/3678/3458
f 161/3503/3314 156/3502/3313 155/3429/3254 160/3431/3255
f 166/3453/3270 161/3503/3314 160/3431/3255 165/3433/3256
f 268/3533/3333 273/3535/3334 274/3489/3301 269/3488/3300
f 101/3407/3243 106/3409/3244 107/3674/3454 102/3569/3361
f 106/3409/3244 111/3411/3245 112/3714/3494 107/3674/3454
f 111/3411/3245 116/3413/3246 117/3715/3495 112/3714/3494
f 121/3415/3247 126/3417/3248 127/34/27 122/33/26
f 670/3716/3496 665/3717/3497 664/3718/3498 669/3719/3499
f 86/3381/3225 91/3387/3228 92/3390/3231 87/3664/3446
f 181/3720/3500 177/3566/3358 176/225/121 180/224/120
f 177/3566/3358 172/3451/3268 171/3446/3263 176/225/121
f 127/34/27 132/3445/3262 133/3680/3460 128/35/28
f 152/3475/3290 148/3474/3289 147/3481/3296 151/3480/3295
f 117/3715/3495 122/33/26 123/36/29 118/3721/3501
f 544/3673/3453 554/3688/3468 555/3722/3502 545/3670/3450
f 107/3674/3454 112/3714/3494 113/3617/3406 108/3616/3405
f 92/3390/3231 97/3389/3230 98/3586/3376 93/3585/3375
f 148/3474/3289 143/3723/3503 142/3713/3493 147/3481/3296
f 259/3477/3292 264/3663/3445 265/3675/3455 260/3478/3293
f 87/3664/3446 92/3390/3231 93/3585/3375 88/3396/3237
f 144/3724/3504 149/3473/3288 83/3572/3363 145/3642/3430
f 544/3673/3453 549/3672/3452 550/3725/3505 543/3726/3506
f 138/3679/3459 143/3723/3503 144/3724/3504 139/3693/3473
f 190/3593/3383 182/3597/3387 181/3720/3500 191/3589/3379
f 265/3675/3455 270/3491/3303 271/3689/3469 266/3690/3470
f 216/3625/3413 221/3626/3414 222/3633/3421 217/3461/3278
f 118/3721/3501 123/36/29 124/3684/3464 119/237/126
f 128/35/28 133/3680/3460 134/3694/3474 129/3683/3463
f 158/3493/3305 153/3472/3287 152/3475/3290 157/3494/3306
f 628/3727/3507 623/3728/3508 622/3729/3509 627/3730/3510
f 98/3586/3376 103/3614/3404 104/3731/3511 99/3587/3377
f 588/3697/3477 593/3732/3512 594/3733/3513 589/3734/3514
f 88/3396/3237 93/3585/3375 94/3588/3378 89/3397/3238
f 139/3693/3473 144/3724/3504 145/3642/3430 140/3644/3432
f 183/3596/3386 179/3608/3398 178/3565/3357 182/3597/3387
f 129/3683/3463 134/3694/3474 135/3646/3434 130/3648/3435
f 124/3684/3464 129/3683/3463 130/3648/3435 125/3650/3436
f 119/237/126 124/3684/3464 125/3650/3436 120/238/127
f 179/3608/3398 174/3470/3285 173/3454/3271 178/3565/3357
f 246/3303/3178 251/3302/3177 252/3547/3343 247/3549/3344
f 596/3735/3515 601/3736/3516 602/3737/3517 597/3738/3518
f 617/3739/3519 612/3740/3520 611/3741/3521 616/3742/3522
f 89/3397/3238 94/3588/3378 95/3659/3442 90/3399/3240
f 506/133/80 695/136/82 540/3743/3523 505/3744/21
f 39/23/20 322/22/19 283/3745/19 1/3746/19
f 319/3747/19 320/137/19 37/138/19 36/3748/19
f 318/3749/19 319/3747/19 36/3748/19 35/3750/19
f 391/3751/19 398/3752/19 420/3753/19 421/3754/19
f 316/3755/19 317/3756/19 34/3757/19 33/3758/19
f 314/3759/19 315/3760/19 32/3761/19 31/3762/19
f 313/3763/19 314/3759/19 31/3762/19 30/3764/3325
f 312/3765/19 313/3763/19 30/3764/3325 29/3766/19
f 311/3377/19 312/3765/19 29/3766/19 28/3378/19
f 21/3443/19 193/3442/3260 84/227/123 20/3437/19
f 309/3767/19 310/3376/19 27/3379/19 26/3768/19
f 15/231/19 297/230/19 298/3769/19
f 15/231/19 298/3769/19 16/3770/19
f 16/3770/19 298/3769/19 299/3771/19
f 16/3770/19 299/3771/19 17/3772/19
f 17/3772/19 299/3771/19 300/3773/19
f 17/3772/19 300/3773/19 18/3774/19
f 18/3774/19 300/3773/19 301/3775/19
f 18/3774/19 301/3775/19 19/3776/19
f 19/3776/19 301/3775/19 302/3777/19
f 19/3776/19 302/3777/19 20/3778/19
f 20/3778/19 302/3777/19 303/3779/19
f 20/3778/19 303/3779/19 21/3780/19
f 21/3780/19 303/3779/19 304/3781/19
f 21/3780/19 304/3781/19 22/3782/19
f 22/3782/19 304/3781/19 305/3783/19
f 22/3782/19 305/3783/19 23/3784/19
f 23/3784/19 305/3783/19 306/3785/19
f 23/3784/19 306/3785/19 24/3786/19
f 24/3786/19 306/3785/19 307/3787/19
f 24/3786/19 307/3787/19 25/3788/19
f 25/3788/19 307/3787/19 308/3789/19
f 25/3788/19 308/3789/19 26/3768/19
f 26/3768/19 308/3789/19 309/3767/19
f 747/3790/19 746/3791/19 835/3792/19 834/3793/19
f 296/233/19 14/232/19 13/183/19 295/182/19
f 746/3791/19 745/3794/19 836/3795/19 835/3792/19
f 776/3796/19 846/3797/19 845/3798/19 777/3799/19
f 291/3800/19 9/3801/19 8/3802/19 290/3803/19
f 289/3804/19 7/3805/19 6/3806/19 288/3807/19
f 286/62/19 4/61/19 3/3808/19 285/3809/19
f 285/3809/19 3/3808/19 2/3810/19 284/3811/19
f 40/3812/62 77/3813/3443 360/3814/3443 323/3815/62
f 61/3816/3403 60/3817/3397 343/3818/3524 344/3819/3525
f 76/3820/3441 75/3821/3439 358/3822/3526 359/3823/3441
f 75/3821/3439 74/2349/2227 357/2352/2230 358/3822/3526
f 72/2353/2231 71/3824/3437 354/3825/3527 355/2354/2232
f 71/3824/3437 70/3344/3209 353/3347/3209 354/3825/3527
f 362/3826/3216 409/3827/3528 418/3828/3528 363/3829/62
f 68/3830/3433 67/3831/3431 350/3832/3431 351/3833/3433
f 67/3831/3431 66/3834/3429 349/3835/3429 350/3832/3431
f 66/3834/3429 65/3836/3420 348/3837/3529 349/3835/3429
f 65/3836/3420 64/3838/3417 347/3839/3417 348/3837/3529
f 64/3838/3417 63/2345/2223 346/2348/2225 347/3839/3417
f 441/165/97 440/3356/3218 422/3359/3218 421/166/97
f 2733/151/92 2734/3840/90 1069/3841/90 1068/152/92
f 69/3345/3210 68/3830/3433 351/3833/3433 352/3346/3211
f 60/3817/3397 59/3842/3385 342/3843/2216 343/3818/3524
f 382/3844/57 383/3845/3530 386/3846/3530 387/3847/57
f 55/2341/2222 54/3848/3283 337/3849/3283 338/2342/2222
s 0
f 4547/87/3531 4516/87/3531 4549/87/3531
s 1
f 77/3813/3443 76/3820/3441 359/3823/3441 360/3814/3443
f 51/3850/3350 50/3851/3348 333/3852/3348 334/3853/3350
f 50/3851/3348 49/3854/3346 332/3855/3532 333/3852/3348
f 42/3856/3336 41/3348/3212 324/3351/3213 325/3857/3336
f 46/3858/3342 45/3859/3340 328/3860/3533 329/3861/3534
f 49/3854/3346 48/83/58 331/86/61 332/3855/3532
f 365/3826/105 366/3827/3535 375/3828/3535 376/3829/63
f 4511/187/95 4510/3862/94 287/3863/94 286/188/95
f 367/3864/3536 368/3844/90 373/3847/90 374/3865/3536
f 47/84/59 46/3858/3342 329/3861/3534 330/85/60
f 379/3826/3537 380/3827/3538 389/3828/3538 390/3829/2216
f 379/3352/3537 390/3353/2216 392/87/3215 391/191/2216
f 4540/3866/63 4591/3867/63 4574/3868/63 4541/3869/63
f 2734/3840/90 2735/3870/89 1070/3871/89 1069/3841/90
f 393/3826/54 394/3827/3539 403/3828/3539 404/3829/54
f 394/3827/3539 395/3864/3540 402/3865/3540 403/3828/3539
f 393/190/54 404/163/54 407/197/54 406/196/54
f 45/3859/3340 44/170/98 327/173/101 328/3860/3533
f 395/3864/3540 396/3844/3541 401/3872/3541 402/3865/3540
f 396/3844/3541 397/3845/3542 400/3846/3542 401/3872/3541
f 419/3873/19 420/3753/19 436/3874/19
f 436/3874/19 420/3753/19 396/3875/19
f 436/3874/19 396/3875/19 395/3876/19
f 431/3877/19 409/3878/19 362/3879/19 430/3880/19
f 420/3753/19 398/3752/19 397/3881/19
f 364/3882/21 363/3751/21 450/3754/21 451/3883/21
f 379/3882/19 422/3883/19 380/3884/19
f 380/3884/19 422/3883/19 381/3885/19
f 381/3885/19 422/3883/19 382/3886/19
f 382/3886/19 422/3883/19 383/3887/19
f 383/3887/19 422/3883/19 423/3888/19
f 383/3887/19 423/3888/19 384/3889/19
f 384/3889/19 423/3888/19 377/3890/19
f 377/3890/19 423/3888/19 424/3891/19
f 377/3890/19 424/3891/19 425/3892/19
f 425/3892/19 426/3893/19 377/3890/19
f 377/3890/19 426/3893/19 365/3894/19
f 365/3894/19 426/3893/19 427/3895/19
f 365/3894/19 427/3895/19 428/3896/19
f 429/3897/19 367/3898/19 428/3896/19
f 428/3896/19 367/3898/19 366/3899/19
f 428/3896/19 366/3899/19 365/3894/19
f 441/3880/21 392/3879/21 390/3900/21 440/3897/21
f 429/3897/19 361/3900/19 370/3901/19
f 429/3897/19 370/3901/19 369/3902/19
f 363/3751/21 418/3752/21 449/3753/21 450/3754/21
f 409/3878/19 431/3877/19 410/3903/19
f 410/3903/19 431/3877/19 411/3904/19
f 411/3904/19 431/3877/19 433/3905/19
f 411/3904/19 433/3905/19 412/3906/19
f 412/3906/19 433/3905/19 413/3907/19
f 413/3907/19 433/3905/19 405/3908/19
f 405/3908/19 433/3905/19 434/3909/19
f 405/3908/19 434/3909/19 406/3910/19
f 431/3877/19 432/3911/19 433/3905/19
f 369/3902/19 368/3912/19 429/3897/19
f 429/3897/19 368/3912/19 367/3898/19
f 397/3881/19 396/3875/19 420/3753/19
f 395/3876/19 394/3913/19 436/3874/19
f 436/3874/19 394/3913/19 393/3914/19
f 436/3874/19 393/3914/19 435/3915/19
f 435/3915/19 393/3914/19 406/3910/19
f 438/3895/21 378/3894/21 437/3893/21
f 437/3893/21 378/3894/21 376/3890/21
f 437/3893/21 376/3890/21 454/3892/21
f 454/3892/21 376/3890/21 453/3891/21
f 453/3891/21 376/3890/21 452/3888/21
f 452/3888/21 376/3890/21 375/3889/21
f 452/3888/21 375/3889/21 374/3887/21
f 438/3895/21 439/3896/21 378/3894/21
f 378/3894/21 439/3896/21 385/3899/21
f 385/3899/21 439/3896/21 386/3898/21
f 386/3898/21 439/3896/21 440/3897/21
f 386/3898/21 440/3897/21 387/3912/21
f 387/3912/21 440/3897/21 388/3902/21
f 388/3902/21 440/3897/21 389/3901/21
f 389/3901/21 440/3897/21 390/3900/21
f 421/3754/19 422/3883/19 379/3882/19 391/3751/19
f 399/3878/21 442/3877/21 400/3903/21
f 400/3903/21 442/3877/21 401/3904/21
f 401/3904/21 442/3877/21 444/3905/21
f 401/3904/21 444/3905/21 402/3906/21
f 402/3906/21 444/3905/21 403/3907/21
f 403/3907/21 444/3905/21 404/3908/21
f 404/3908/21 444/3905/21 445/3909/21
f 404/3908/21 445/3909/21 407/3910/21
f 442/3877/21 443/3911/21 444/3905/21
f 452/3888/21 374/3887/21 451/3883/21
f 451/3883/21 374/3887/21 373/3886/21
f 451/3883/21 373/3886/21 372/3885/21
f 372/3885/21 371/3884/21 451/3883/21
f 451/3883/21 371/3884/21 364/3882/21
f 442/3877/21 399/3878/21 392/3879/21 441/3880/21
f 449/3753/21 418/3752/21 417/3881/21
f 417/3881/21 416/3875/21 449/3753/21
f 449/3753/21 416/3875/21 447/3874/21
f 449/3753/21 447/3874/21 448/3873/21
f 416/3875/21 415/3876/21 447/3874/21
f 447/3874/21 415/3876/21 414/3913/21
f 447/3874/21 414/3913/21 408/3914/21
f 407/3910/21 446/3915/21 408/3914/21
f 408/3914/21 446/3915/21 447/3874/21
f 412/3845/3543 413/210/2226 414/212/2226 415/3846/3543
f 397/3845/3542 398/210/3214 399/212/3214 400/3846/3542
f 383/3845/3530 384/210/115 385/212/115 386/3846/3530
f 52/3367/3222 51/3850/3350 334/3853/3350 335/3368/3222
f 409/3827/3528 410/3864/3544 417/3865/3544 418/3828/3528
f 439/3357/3219 438/3916/3545 424/3917/3545 423/3358/3219
f 58/3918/3381 57/206/112 340/209/114 341/3919/3546
f 380/3827/3538 381/3864/3547 388/3865/3547 389/3828/3538
f 411/3844/3548 412/3845/3543 415/3846/3543 416/3847/3548
f 438/3916/3545 437/3920/54 425/3921/3220 424/3917/3545
f 456/3922/3549 542/3923/3550 455/87/3551
f 455/87/3551 542/3923/3550 551/3924/3552
f 455/87/3551 551/3924/3552 495/3925/3553
f 495/3925/3553 551/3924/3552 735/3926/3554
f 495/3925/3553 735/3926/3554 494/3927/3555
f 494/3927/3555 735/3926/3554 730/3928/3556
f 494/3927/3555 730/3928/3556 493/3929/3557
f 493/3929/3557 730/3928/3556 725/3930/3558
f 493/3929/3557 725/3930/3558 492/3931/3559
f 492/3931/3559 725/3930/3558 720/3932/3560
f 492/3931/3559 720/3932/3560 491/3933/3561
f 491/3933/3561 720/3932/3560 715/3934/3562
f 491/3933/3561 715/3934/3562 490/3935/3563
f 490/3935/3563 715/3934/3562 710/3712/3492
f 490/3935/3563 710/3712/3492 489/3936/3564
f 489/3936/3564 710/3712/3492 705/3711/3491
f 489/3936/3564 705/3711/3491 488/3937/3565
f 488/3937/3565 705/3711/3491 700/3938/3566
f 488/3937/3565 700/3938/3566 487/3939/3567
f 487/3939/3567 700/3938/3566 696/3705/3485
f 487/3939/3567 696/3705/3485 486/3940/3568
f 486/3940/3568 696/3705/3485 691/3704/3484
f 486/3940/3568 691/3704/3484 485/3941/3569
f 485/3941/3569 691/3704/3484 686/3564/3356
f 485/3941/3569 686/3564/3356 484/3942/3570
f 484/3942/3570 686/3564/3356 681/3563/3355
f 484/3942/3570 681/3563/3355 483/3943/3571
f 483/3943/3571 681/3563/3355 676/3944/3572
f 483/3943/3571 676/3944/3572 482/3945/3573
f 482/3945/3573 676/3944/3572 671/3946/3574
f 482/3945/3573 671/3946/3574 481/3947/3575
f 481/3947/3575 671/3946/3574 666/3701/3481
f 481/3947/3575 666/3701/3481 480/3948/3576
f 480/3948/3576 666/3701/3481 661/3700/3480
f 480/3948/3576 661/3700/3480 479/3949/3577
f 479/3949/3577 661/3700/3480 656/3950/3578
f 479/3949/3577 656/3950/3578 478/3951/3579
f 478/3951/3579 656/3950/3578 651/3952/3580
f 478/3951/3579 651/3952/3580 477/3953/3581
f 477/3953/3581 651/3952/3580 646/3954/3582
f 477/3953/3581 646/3954/3582 476/3955/3583
f 476/3955/3583 646/3954/3582 535/3956/3584
f 476/3955/3583 535/3956/3584 475/3957/3585
f 475/3958/3585 535/3959/3584 641/3960/3586
f 475/3958/3585 641/3960/3586 474/3961/3587
f 474/3961/3587 641/3960/3586 636/3962/3588
f 474/3961/3587 636/3962/3588 473/3963/3589
f 473/3963/3589 636/3962/3588 631/3964/3590
f 473/3963/3589 631/3964/3590 472/3965/3591
f 472/3965/3591 631/3964/3590 626/3966/3592
f 472/3965/3591 626/3966/3592 471/3967/3593
f 471/3967/3593 626/3966/3592 621/3968/3594
f 471/3967/3593 621/3968/3594 470/3969/3595
f 470/3969/3595 621/3968/3594 616/3742/3522
f 470/3969/3595 616/3742/3522 469/3970/3205
f 469/3970/3205 616/3742/3522 611/3741/3521
f 469/3970/3205 611/3741/3521 468/3971/3206
f 468/3971/3206 611/3741/3521 606/3972/3596
f 468/3971/3206 606/3972/3596 467/3973/23
f 467/3973/23 606/3972/3596 601/3736/3516
f 467/3973/23 601/3736/3516 466/3974/24
f 466/3974/24 601/3736/3516 596/3735/3515
f 466/3974/24 596/3735/3515 465/3975/76
f 465/3975/76 596/3735/3515 592/3976/3597
f 465/3975/76 592/3976/3597 464/3977/3598
f 464/3977/3598 592/3976/3597 587/3696/3476
f 464/3977/3598 587/3696/3476 463/3978/3599
f 463/3978/3599 587/3696/3476 582/3695/3475
f 463/3978/3599 582/3695/3475 462/3979/3600
f 462/3979/3600 582/3695/3475 577/3980/3601
f 462/3979/3600 577/3980/3601 461/3981/3602
f 461/3981/3602 577/3980/3601 572/3982/3603
f 461/3981/3602 572/3982/3603 460/3983/3604
f 460/3983/3604 572/3982/3603 567/3984/3605
f 460/3983/3604 567/3984/3605 459/3985/3606
f 459/3985/3606 567/3984/3605 562/3707/3487
f 459/3985/3606 562/3707/3487 458/3986/3607
f 458/3986/3607 562/3707/3487 557/3706/3486
f 458/3986/3607 557/3706/3486 457/3987/3608
f 457/3987/3608 557/3706/3486 552/3988/3609
f 457/3987/3608 552/3988/3609 456/3922/3549
f 456/3922/3549 552/3988/3609 542/3923/3550
f 497/3989/21 547/3990/3610 496/3991/21
f 496/3991/21 547/3990/3610 546/3992/3611
f 496/3991/21 546/3992/3611 534/3993/21
f 534/3993/21 546/3992/3611 556/3994/3612
f 534/3993/21 556/3994/3612 533/3995/44
f 533/3995/44 556/3994/3612 561/3996/3613
f 533/3995/44 561/3996/3613 532/3997/44
f 532/3997/44 561/3996/3613 566/3998/3614
f 532/3997/44 566/3998/3614 531/3999/21
f 531/3999/21 566/3998/3614 571/3640/3428
f 531/3999/21 571/3640/3428 530/4000/21
f 530/4000/21 571/3640/3428 576/3639/3427
f 530/4000/21 576/3639/3427 529/235/21
f 529/235/21 576/3639/3427 581/234/124
f 503/4001/21 709/4002/3615 714/4003/3616 502/4004/21
f 504/4005/21 704/4006/3617 709/4002/3615 503/4001/21
f 505/3744/21 540/3743/3523 704/4006/3617 504/4005/21
f 655/4007/3618 650/4008/3619 649/4009/3620 654/4010/3621
f 694/3620/3409 689/3628/3416 688/3634/3422 693/3621/3410
f 568/4011/3622 573/4012/3623 574/4013/3624 569/4014/3625
f 692/3703/3483 687/3561/3353 686/3564/3356 691/3704/3484
f 547/3990/3610 497/3989/21 739/4015/3626
f 739/4015/3626 497/3989/21 498/4016/44
f 739/4015/3626 498/4016/44 734/4017/3627
f 734/4017/3627 498/4016/44 499/4018/21
f 734/4017/3627 499/4018/21 729/4019/3628
f 729/4019/3628 499/4018/21 500/4020/21
f 729/4019/3628 500/4020/21 724/4021/3629
f 724/4021/3629 500/4020/21 501/4022/21
f 724/4021/3629 501/4022/21 719/4023/3630
f 719/4023/3630 501/4022/21 502/4004/21
f 719/4023/3630 502/4004/21 714/4003/3616
f 294/185/19 12/184/19 11/130/79 293/129/19
f 541/3374/3224 600/4024/3631 525/4025/3632 526/3375/21
f 524/4026/21 525/4025/3632 600/4024/3631 605/4027/3633
f 599/4028/3634 604/4029/3635 605/4027/3633 600/4024/3631
f 610/4030/3636 605/4027/3633 604/4029/3635 609/4031/3637
f 609/4031/3637 604/4029/3635 603/4032/3638 608/4033/3639
f 614/3602/3392 609/4031/3637 608/4033/3639 613/3603/3393
f 573/4012/3623 578/4034/3640 579/4035/3641 574/4013/3624
f 221/3626/3414 225/3609/3399 226/3612/3402 222/3633/3421
f 577/3980/3601 582/3695/3475 583/3698/3478 578/4034/3640
f 612/3740/3520 607/4036/3642 606/3972/3596 611/3741/3521
f 769/50/41 433/49/40 432/4037/3643 768/4038/3644
f 719/4023/3630 714/4003/3616 713/3511/3321 718/4039/3645
f 138/3679/3459 137/3678/3458 142/3713/3493 143/3723/3503
f 593/3732/3512 597/3738/3518 598/4040/3646 594/3733/3513
f 627/3730/3510 622/3729/3509 621/3968/3594 626/3966/3592
f 523/4041/3632 610/4030/3636 615/4042/3647 522/4043/21
f 620/4044/3648 615/4042/3647 614/3602/3392 619/3601/3391
f 624/4045/3649 619/3601/3391 618/3604/3394 623/3728/3508
f 618/3604/3394 613/3603/3393 612/3740/3520 617/3739/3519
f 672/3576/3367 667/3575/3366 666/3701/3481 671/3946/3574
f 680/3440/3258 509/3439/21 675/4046/3650
f 615/4042/3647 610/4030/3636 609/4031/3637 614/3602/3392
f 629/4047/3651 624/4045/3649 623/3728/3508 628/3727/3507
f 613/3603/3393 608/4033/3639 607/4036/3642 612/3740/3520
f 637/4048/3652 632/4049/3653 631/3964/3590 636/3962/3588
f 509/3439/21 510/4050/21 675/4046/3650
f 675/4046/3650 510/4050/21 670/3716/3496
f 630/4051/3654 625/4052/3655 624/4045/3649 629/4047/3651
f 634/4053/3656 629/4047/3651 628/3727/3507 633/4054/3657
f 638/4055/3658 633/4054/3657 632/4049/3653 637/4048/3652
f 721/4056/3659 716/4057/3660 715/3934/3562 720/3932/3560
f 510/4050/21 511/4058/21 670/3716/3496
f 670/3716/3496 511/4058/21 665/3717/3497
f 635/4059/3661 630/4051/3654 629/4047/3651 634/4053/3656
f 654/4010/3621 649/4009/3620 648/4060/3662 653/4061/3663
f 103/3614/3404 108/3616/3405 109/3618/3407 104/3731/3511
f 587/3696/3476 592/3976/3597 593/3732/3512 588/3697/3477
f 511/4058/21 512/4062/21 665/3717/3497
f 665/3717/3497 512/4062/21 660/4063/3664
f 650/4008/3619 539/4064/3665 538/4065/3232 649/4009/3620
f 589/3734/3514 594/3733/3513 595/4066/3666 590/4067/3667
f 608/4033/3639 603/4032/3638 602/3737/3517 607/4036/3642
f 647/4068/3668 536/4069/3669 535/3956/3584 646/3954/3582
f 512/4062/21 513/4070/21 660/4063/3664
f 660/4063/3664 513/4070/21 655/4007/3618
f 645/4071/3670 640/4072/3671 639/4073/3672 644/3392/3233
f 574/4013/3624 579/4035/3641 580/4074/3673 575/3638/3426
f 648/4060/3662 537/4075/3235 536/4069/3669 647/4068/3668
f 652/4076/3674 647/4068/3668 646/3954/3582 651/3952/3580
f 513/4070/21 514/4077/21 655/4007/3618
f 655/4007/3618 514/4077/21 650/4008/3619
f 539/4078/3665 645/4071/3670 644/3392/3233 538/3391/3232
f 649/4009/3620 538/4065/3232 537/4075/3235 648/4060/3662
f 653/4061/3663 648/4060/3662 647/4068/3668 652/4076/3674
f 164/3624/3412 159/3496/3308 158/3493/3305 163/3492/3304
f 514/4077/21 515/4079/21 650/4008/3619
f 650/4008/3619 515/4079/21 539/4064/3665
f 640/4072/3671 635/4059/3661 634/4053/3656 639/4073/3672
f 639/4073/3672 634/4053/3656 633/4054/3657 638/4055/3658
f 578/4034/3640 583/3698/3478 584/4080/3675 579/4035/3641
f 726/4081/3676 721/4056/3659 720/3932/3560 725/3930/3558
f 515/4082/21 516/4083/21 539/4078/3665
f 539/4078/3665 516/4083/21 645/4071/3670
f 680/3440/3258 675/4046/3650 674/4084/3677 679/4085/3678
f 659/4086/3679 654/4010/3621 653/4061/3663 658/4087/3680
f 663/4088/3681 658/4087/3680 657/4089/3682 662/3699/3479
f 226/3612/3402 227/3557/3351 85/3469/3284 222/3633/3421
f 516/4083/21 517/4090/21 645/4071/3670
f 645/4071/3670 517/4090/21 640/4072/3671
f 625/4052/3655 620/4044/3648 619/3601/3391 624/4045/3649
f 723/4091/3683 718/4039/3645 717/4092/3684 722/4093/3685
f 668/3574/3365 663/4088/3681 662/3699/3479 667/3575/3366
f 543/3726/3506 550/3725/3505 551/3924/3552 542/3923/3550
f 517/4090/21 518/4094/21 640/4072/3671
f 640/4072/3671 518/4094/21 635/4059/3661
f 540/3743/3523 695/136/82 694/3620/3409 699/3619/3408
f 112/3714/3494 117/3715/3495 118/3721/3501 113/3617/3406
f 732/3579/3370 727/4095/3686 726/4081/3676 731/4096/3687
f 99/3587/3377 104/3731/3511 105/3655/3438 100/3657/3440
f 518/4094/21 519/4097/21 635/4059/3661
f 635/4059/3661 519/4097/21 630/4051/3654
f 228/3517/3324 233/3519/3326 234/3667/3448 229/3636/3424
f 594/3733/3513 598/4040/3646 599/4028/3634 595/4066/3666
f 678/4098/3688 673/3573/3364 672/3576/3367 677/4099/3689
f 682/3562/3354 677/4099/3689 676/3944/3572 681/3563/3355
f 519/4097/21 520/4100/21 630/4051/3654
f 630/4051/3654 520/4100/21 625/4052/3655
f 675/4046/3650 670/3716/3496 669/3719/3499 674/4084/3677
f 679/4085/3678 674/4084/3677 673/3573/3364 678/4098/3688
f 682/3562/3354 683/3635/3423 678/4098/3688 677/4099/3689
f 736/4101/3690 731/4096/3687 730/3928/3556 735/3926/3554
f 520/4100/21 521/4102/21 625/4052/3655
f 625/4052/3655 521/4102/21 620/4044/3648
f 248/3525/3329 253/3527/3330 254/3476/3291 249/3568/3360
f 559/3687/3467 564/4103/3691 565/4104/3692 560/4105/3693
f 633/4054/3657 628/3727/3507 627/3730/3510 632/4049/3653
f 521/4102/21 522/4043/21 620/4044/3648
f 620/4044/3648 522/4043/21 615/4042/3647
f 685/3441/3259 680/3440/3258 679/4085/3678 684/3627/3415
f 718/4039/3645 713/3511/3321 712/3512/3322 717/4092/3684
f 565/4104/3692 570/3637/3425 571/3640/3428 566/3998/3614
f 507/134/21 508/3438/80 685/3441/3259 690/135/81
f 226/3612/3402 231/3611/3401 232/3555/3349 227/3557/3351
f 542/3923/3550 552/3988/3609 553/3685/3465 543/3726/3506
f 552/3988/3609 557/3706/3486 558/3686/3466 553/3685/3465
f 657/4089/3682 652/4076/3674 651/3952/3580 656/3950/3578
f 662/3699/3479 657/4089/3682 656/3950/3578 661/3700/3480
f 567/3984/3605 572/3982/3603 573/4012/3623 568/4011/3622
f 572/3982/3603 577/3980/3601 578/4034/3640 573/4012/3623
f 676/3944/3572 677/4099/3689 672/3576/3367 671/3946/3574
f 562/3707/3487 567/3984/3605 568/4011/3622 563/3708/3488
f 642/4106/3694 637/4048/3652 636/3962/3588 641/3960/3586
f 592/3976/3597 596/3735/3515 597/3738/3518 593/3732/3512
f 104/3731/3511 109/3618/3407 110/3630/3418 105/3655/3438
f 607/4036/3642 602/3737/3517 601/3736/3516 606/3972/3596
f 622/3729/3509 617/3739/3519 616/3742/3522 621/3968/3594
f 144/3724/3504 143/3723/3503 148/3474/3289 149/3473/3288
f 543/3726/3506 553/3685/3465 554/3688/3468 544/3673/3453
f 707/3450/3267 702/3449/3266 701/4107/3695 706/3710/3490
f 549/3672/3452 737/3580/3371 736/4101/3690 550/3725/3505
f 658/4087/3680 653/4061/3663 652/4076/3674 657/4089/3682
f 275/3490/3302 280/3669/3449 281/3464/3281 276/3584/3374
f 693/3621/3410 688/3634/3422 687/3561/3353 692/3703/3483
f 643/3393/3234 638/4055/3658 637/4048/3652 642/4106/3694
f 113/3617/3406 118/3721/3501 119/237/126 114/236/125
f 182/3597/3387 178/3565/3357 177/3566/3358 181/3720/3500
f 623/3728/3508 618/3604/3394 617/3739/3519 622/3729/3509
f 597/3738/3518 602/3737/3517 603/4032/3638 598/4040/3646
f 537/3394/3235 643/3393/3234 642/4106/3694 536/4108/3669
f 241/3682/3462 246/3303/3178 247/3549/3344 242/3551/3345
f 716/4057/3660 711/3709/3489 710/3712/3492 715/3934/3562
f 731/4096/3687 726/4081/3676 725/3930/3558 730/3928/3556
f 632/4049/3653 627/3730/3510 626/3966/3592 631/3964/3590
f 261/3691/3471 266/3690/3470 267/3541/3338 262/3543/3339
f 550/3725/3505 736/4101/3690 735/3926/3554 551/3924/3552
f 266/3690/3470 271/3689/3469 272/3539/3337 267/3541/3338
f 706/3710/3490 701/4107/3695 700/3938/3566 705/3711/3491
f 701/4107/3695 697/3702/3482 696/3705/3485 700/3938/3566
f 536/4108/3669 642/4106/3694 641/3960/3586 535/3959/3584
f 195/3500/3311 200/3606/3396 201/3505/3316 196/3459/3276
f 167/3452/3269 162/3495/3307 161/3503/3314 166/3453/3270
f 554/3688/3468 559/3687/3467 560/4105/3693 555/3722/3502
f 684/3627/3415 679/4085/3678 678/4098/3688 683/3635/3423
f 564/4103/3691 569/4014/3625 570/3637/3425 565/4104/3692
f 669/3719/3499 664/3718/3498 663/4088/3681 668/3574/3365
f 728/4109/3696 723/4091/3683 722/4093/3685 727/4095/3686
f 579/4035/3641 584/4080/3675 585/4110/3697 580/4074/3673
f 584/4080/3675 589/3734/3514 590/4067/3667 585/4110/3697
f 733/3578/3369 728/4109/3696 727/4095/3686 732/3579/3370
f 210/3510/3320 215/3509/3319 216/3625/3413 211/3599/3389
f 191/3589/3379 181/3720/3500 180/224/120 192/3581/3372
f 558/3686/3466 563/3708/3488 564/4103/3691 559/3687/3467
f 583/3698/3478 588/3697/3477 589/3734/3514 584/4080/3675
f 563/3708/3488 568/4011/3622 569/4014/3625 564/4103/3691
f 727/4095/3686 722/4093/3685 721/4056/3659 726/4081/3676
f 722/4093/3685 717/4092/3684 716/4057/3660 721/4056/3659
f 717/4092/3684 712/3512/3322 711/3709/3489 716/4057/3660
f 712/3512/3322 707/3450/3267 706/3710/3490 711/3709/3489
f 737/3580/3371 732/3579/3370 731/4096/3687 736/4101/3690
f 702/3449/3266 698/3622/3411 697/3702/3482 701/4107/3695
f 698/3622/3411 693/3621/3410 692/3703/3483 697/3702/3482
f 555/3722/3502 560/4105/3693 561/3996/3613 556/3994/3612
f 545/3670/3450 555/3722/3502 556/3994/3612 546/3992/3611
f 116/3413/3246 121/3415/3247 122/33/26 117/3715/3495
f 546/3992/3611 547/3990/3610 548/3671/3451 545/3670/3450
f 660/4063/3664 655/4007/3618 654/4010/3621 659/4086/3679
f 580/4074/3673 585/4110/3697 586/41/34 581/234/124
f 575/3638/3426 580/4074/3673 581/234/124 576/3639/3427
f 694/3620/3409 695/136/82 690/135/81 689/3628/3416
f 665/3717/3497 660/4063/3664 659/4086/3679 664/3718/3498
f 585/4110/3697 590/4067/3667 591/42/35 586/41/34
f 595/4066/3666 599/4028/3634 600/4024/3631 541/3374/3224
f 548/3671/3451 738/3577/3368 737/3580/3371 549/3672/3452
f 79/3665/3444 87/3664/3446 88/3396/3237 80/3395/3236
f 674/4084/3677 669/3719/3499 668/3574/3365 673/3573/3364
f 644/3392/3233 639/4073/3672 638/4055/3658 643/3393/3234
f 664/3718/3498 659/4086/3679 658/4087/3680 663/4088/3681
f 688/3634/3422 689/3628/3416 684/3627/3415 683/3635/3423
f 569/4014/3625 574/4013/3624 575/3638/3426 570/3637/3425
f 598/4040/3646 603/4032/3638 604/4029/3635 599/4028/3634
f 703/3448/3265 699/3619/3408 698/3622/3411 702/3449/3266
f 157/3494/3306 152/3475/3290 151/3480/3295 156/3502/3313
f 560/4105/3693 565/4104/3692 566/3998/3614 561/3996/3613
f 739/4015/3626 734/4017/3627 733/3578/3369 738/3577/3368
f 734/4017/3627 729/4019/3628 728/4109/3696 733/3578/3369
f 729/4019/3628 724/4021/3629 723/4091/3683 728/4109/3696
f 724/4021/3629 719/4023/3630 718/4039/3645 723/4091/3683
f 590/4067/3667 595/4066/3666 541/3374/3224 591/42/35
f 714/4003/3616 709/4002/3615 708/3447/3264 713/3511/3321
f 709/4002/3615 704/4006/3617 703/3448/3265 708/3447/3264
f 704/4006/3617 540/3743/3523 699/3619/3408 703/3448/3265
f 547/3990/3610 739/4015/3626 738/3577/3368 548/3671/3451
f 534/4111/21 324/4112/21 323/4113/21 496/4114/21
f 324/4112/21 534/4111/21 533/4115/44 325/4116/21
f 325/4116/21 533/4115/44 532/3371/44 326/3370/21
f 327/3373/21 531/3372/21 530/4117/21 328/4118/21
f 501/3338/21 356/3337/21 502/4119/21
f 502/4119/21 356/3337/21 355/4120/21
f 502/4119/21 355/4120/21 503/4121/21
f 503/4121/21 355/4120/21 354/4122/21
f 503/4121/21 354/4122/21 504/4123/21
f 504/4123/21 354/4122/21 353/4124/21
f 504/4123/21 353/4124/21 505/4125/21
f 505/4125/21 353/4124/21 352/4126/21
f 505/4125/21 352/4126/21 506/4127/80
f 506/4127/80 352/4126/21 351/4128/21
f 506/4127/80 351/4128/21 507/4129/21
f 507/4129/21 351/4128/21 350/4130/21
f 507/4129/21 350/4130/21 508/4131/80
f 508/4131/80 350/4130/21 349/4132/21
f 508/4131/80 349/4132/21 509/4133/21
f 509/4133/21 349/4132/21 348/4134/21
f 509/4133/21 348/4134/21 510/4135/21
f 510/4135/21 348/4134/21 347/4136/21
f 510/4135/21 347/4136/21 511/4137/21
f 511/4137/21 347/4136/21 346/4138/21
f 511/4137/21 346/4138/21 512/4139/21
f 512/4139/21 346/4138/21 345/4140/21
f 512/4139/21 345/4140/21 513/4141/21
f 513/4141/21 345/4140/21 344/4142/21
f 513/4141/21 344/4142/21 514/4143/21
f 514/4143/21 344/4142/21 343/4144/21
f 514/4143/21 343/4144/21 515/4145/21
f 515/4145/21 343/4144/21 342/4146/21
f 515/4145/21 342/4146/21 516/4147/21
f 516/4147/21 342/4146/21 341/4148/21
f 516/4147/21 341/4148/21 517/4149/21
f 517/4149/21 341/4148/21 340/4150/21
f 517/4149/21 340/4150/21 518/4151/21
f 518/4151/21 340/4150/21 339/4152/21
f 518/4151/21 339/4152/21 519/4153/21
f 519/4153/21 339/4152/21 338/4154/21
f 519/4153/21 338/4154/21 520/4155/21
f 520/4155/21 338/4154/21 337/4156/21
f 520/4155/21 337/4156/21 521/4157/21
f 521/4157/21 337/4156/21 336/4158/21
f 521/4157/21 336/4158/21 522/4159/21
f 522/4159/21 336/4158/21 335/4160/21
f 522/4159/21 335/4160/21 523/4161/3632
f 523/4161/3632 335/4160/21 334/4162/21
f 523/4161/3632 334/4162/21 524/4163/21
f 524/4163/21 334/4162/21 333/4164/21
f 524/4163/21 333/4164/21 525/4165/3632
f 525/4165/3632 333/4164/21 332/4166/21
f 525/4165/3632 332/4166/21 526/4167/21
f 526/4167/21 332/4166/21 331/4168/21
f 526/4167/21 331/4168/21 527/4169/21
f 527/4169/21 331/4168/21 330/4170/21
f 527/4169/21 330/4170/21 528/4171/21
f 528/4171/21 330/4170/21 329/4172/21
f 528/4171/21 329/4172/21 529/4173/21
f 529/4173/21 329/4172/21 328/4118/21
f 529/4173/21 328/4118/21 530/4117/21
f 358/56/21 357/3336/21 500/3339/21 499/57/21
f 524/4026/21 605/4027/3633 610/4030/3636 523/4041/3632
f 4584/4174/3698 4585/4175/3699 4522/4176/3700 4521/4177/3701
f 448/4178/3702 768/4038/3644 432/4037/3643
f 292/132/19 10/131/19 9/3801/19 291/3800/19
f 406/223/54 771/20/18 435/19/17
f 4521/4177/3701 4520/4179/3217 4583/13/11 4584/4174/3698
f 419/46/37 773/45/36 443/4180/3703
f 315/3760/19 316/3755/19 33/3758/19 32/3761/19
f 443/4180/3703 468/3341/3206 467/30/23
f 768/4038/3644 448/4178/3702 463/4181/3599
f 464/4182/3598 447/4183/3704 446/4184/3705
f 464/4182/3598 446/4184/3705 465/124/76
f 465/124/76 446/4184/3705 407/123/54
f 4590/4185/21 4594/4186/21 4593/4187/21 4591/4188/21
f 467/30/23 444/29/22 443/4180/3703
f 761/4189/3706 456/4190/3549 455/4191/3551 760/4192/3707
f 740/4193/62 475/4194/3585 780/4195/3708
f 741/4196/3709 742/4197/3710 477/4198/3581 476/4199/3583
f 742/4197/3710 743/4200/3711 478/4201/3579 477/4198/3581
f 778/4202/3712 473/4203/3589 472/4204/3591
f 744/4205/3713 480/4206/3576 479/4207/3577 743/4200/3711
f 745/4208/3714 481/4209/3575 480/4206/3576 744/4205/3713
f 762/4210/3715 457/4211/3608 456/4190/3549 761/4189/3706
f 754/4212/3716 490/4213/3563 489/4214/3564 753/4215/3717
f 752/4216/3718 488/4217/3565 487/4218/3567 751/4219/3719
f 767/4220/3720 768/4038/3644 462/4221/3600 461/4222/3602
f 478/4201/3579 743/4200/3711 479/4207/3577
f 751/4219/3719 487/4218/3567 486/4223/3568 750/4224/3721
f 765/4225/3722 766/4226/3723 460/4227/3604 459/4228/3606
f 760/4192/3707 455/4191/3551 495/4229/3553 759/4230/3724
f 763/4231/3725 458/4232/3607 457/4211/3608 762/4210/3715
f 483/4233/3571 747/4234/3726 748/4235/3727
f 753/4215/3717 489/4214/3564 488/4217/3565 752/4216/3718
f 484/4236/3570 749/4237/3728 485/4238/3569
f 746/4239/3729 482/4240/3573 481/4209/3575 745/4208/3714
f 750/4224/3721 486/4223/3568 485/4238/3569 749/4237/3728
f 748/4235/3727 749/4237/3728 484/4236/3570 483/4233/3571
f 756/4241/3730 492/4242/3559 491/4243/3561 755/4244/3731
f 758/4245/3732 759/4230/3724 494/4246/3555 493/4247/3557
f 470/4248/3595 469/3340/3205 775/3343/3208 776/4249/3733
f 471/4250/3593 470/4248/3595 776/4249/3733 777/4251/3734
f 764/4252/3735 765/4225/3722 459/4228/3606 458/4232/3607
f 493/4247/3557 757/4253/3736 758/4245/3732
f 747/4234/3726 483/4233/3571 482/4240/3573 746/4239/3729
f 494/4246/3555 759/4230/3724 495/4229/3553
f 766/4226/3723 767/4220/3720 461/4222/3602 460/4227/3604
f 360/4254/21 359/55/21 498/58/44 497/4255/21
f 474/4256/3587 779/4257/3737 780/4195/3708 475/4194/3585
f 473/4203/3589 778/4202/3712 779/4257/3737 474/4256/3587
f 458/4232/3607 763/4231/3725 764/4252/3735
f 472/4204/3591 471/4250/3593 777/4251/3734 778/4202/3712
f 476/4258/3583 475/4194/3585 740/4259/62 741/4196/3709
f 755/4244/3731 491/4243/3561 490/4213/3563 754/4212/3716
f 757/4253/3736 493/4247/3557 492/4242/3559 756/4241/3730
f 462/4221/3600 768/4038/3644 463/4181/3599
f 782/4260/3738 882/4261/3739 781/4262/3740
f 781/4262/3740 882/4261/3739 902/4263/3741
f 781/4262/3740 902/4263/3741 903/4264/3742
f 903/4264/3742 902/4263/3741 821/4265/19
f 903/4264/3742 821/4265/19 881/4266/3743
f 881/4266/3743 821/4265/19 822/4267/19
f 881/4266/3743 822/4267/19 943/4268/3744
f 943/4268/3744 822/4267/19 880/4269/3745
f 943/4268/3744 880/4269/3745 820/4270/3746
f 820/4270/3746 880/4269/3745 819/4271/3747
f 819/4271/3747 880/4269/3745 942/4272/3748
f 819/4271/3747 942/4272/3748 879/4273/3749
f 879/4273/3749 942/4272/3748 823/4274/19
f 879/4273/3749 823/4274/19 824/4275/19
f 783/4276/3750 883/4277/3751 782/4260/3738
f 782/4260/3738 883/4277/3751 904/4278/3752
f 782/4260/3738 904/4278/3752 882/4261/3739
f 882/4261/3739 904/4278/3752 860/4279/19
f 882/4261/3739 860/4279/19 821/4265/19
f 784/4280/3753 884/4281/3754 783/4276/3750
f 783/4276/3750 884/4281/3754 905/4282/3755
f 783/4276/3750 905/4282/3755 883/4277/3751
f 883/4277/3751 905/4282/3755 859/4283/19
f 883/4277/3751 859/4283/19 860/4279/19
f 785/4284/3756 885/4285/3757 784/4280/3753
f 784/4280/3753 885/4285/3757 906/4286/3758
f 784/4280/3753 906/4286/3758 884/4281/3754
f 884/4281/3754 906/4286/3758 858/4287/19
f 884/4281/3754 858/4287/19 859/4283/19
f 786/4288/3759 886/4289/3760 785/4284/3756
f 785/4284/3756 886/4289/3760 907/4290/3761
f 785/4284/3756 907/4290/3761 885/4285/3757
f 885/4285/3757 907/4290/3761 857/4291/19
f 885/4285/3757 857/4291/19 858/4287/19
f 787/4292/3762 887/4293/3763 786/4288/3759
f 786/4288/3759 887/4293/3763 908/4294/3764
f 786/4288/3759 908/4294/3764 886/4289/3760
f 886/4289/3760 908/4294/3764 856/4295/19
f 886/4289/3760 856/4295/19 857/4291/19
f 788/4296/3765 888/4297/3766 787/4292/3762
f 787/4292/3762 888/4297/3766 909/4298/3767
f 787/4292/3762 909/4298/3767 887/4293/3763
f 887/4293/3763 909/4298/3767 855/4299/19
f 887/4293/3763 855/4299/19 856/4295/19
f 789/4300/3768 889/4301/3769 788/4296/3765
f 788/4296/3765 889/4301/3769 910/4302/3770
f 788/4296/3765 910/4302/3770 888/4297/3766
f 888/4297/3766 910/4302/3770 854/4303/19
f 888/4297/3766 854/4303/19 855/4299/19
f 790/4304/3771 890/4305/3772 789/4300/3768
f 789/4300/3768 890/4305/3772 911/4306/3773
f 789/4300/3768 911/4306/3773 889/4301/3769
f 889/4301/3769 911/4306/3773 853/4307/19
f 889/4301/3769 853/4307/19 854/4303/19
f 791/4308/3774 891/4309/3775 790/4304/3771
f 790/4304/3771 891/4309/3775 912/4310/3776
f 790/4304/3771 912/4310/3776 890/4305/3772
f 890/4305/3772 912/4310/3776 852/4311/19
f 890/4305/3772 852/4311/19 853/4307/19
f 792/4312/3777 892/4313/3778 791/4308/3774
f 791/4308/3774 892/4313/3778 913/4314/3779
f 791/4308/3774 913/4314/3779 891/4309/3775
f 891/4309/3775 913/4314/3779 851/4315/19
f 891/4309/3775 851/4315/19 852/4311/19
f 793/4316/3780 893/4317/3781 792/4312/3777
f 792/4312/3777 893/4317/3781 914/4318/3782
f 792/4312/3777 914/4318/3782 892/4313/3778
f 892/4313/3778 914/4318/3782 850/4319/19
f 892/4313/3778 850/4319/19 851/4315/19
f 794/4320/3783 894/4321/3784 793/4316/3780
f 793/4316/3780 894/4321/3784 915/4322/3785
f 793/4316/3780 915/4322/3785 893/4317/3781
f 893/4317/3781 915/4322/3785 849/4323/19
f 893/4317/3781 849/4323/19 850/4319/19
f 795/4324/3786 895/4325/3787 794/4320/3783
f 794/4320/3783 895/4325/3787 916/4326/3788
f 794/4320/3783 916/4326/3788 917/4327/3789
f 917/4327/3789 916/4326/3788 848/4328/19
f 917/4327/3789 848/4328/19 894/4321/3784
f 894/4321/3784 848/4328/19 849/4323/19
f 894/4321/3784 849/4323/19 915/4322/3785
f 796/4329/3790 896/4330/3791 795/4324/3786
f 795/4324/3786 896/4330/3791 918/4331/3792
f 795/4324/3786 918/4331/3792 895/4325/3787
f 895/4325/3787 918/4331/3792 847/4332/19
f 895/4325/3787 847/4332/19 848/4328/19
f 797/4333/3793 897/4334/3794 796/4329/3790
f 796/4329/3790 897/4334/3794 919/4335/3795
f 796/4329/3790 919/4335/3795 896/4330/3791
f 896/4330/3791 919/4335/3795 846/4336/19
f 896/4330/3791 846/4336/19 847/4332/19
f 798/4337/3796 898/4338/3797 797/4333/3793
f 797/4333/3793 898/4338/3797 920/4339/3798
f 797/4333/3793 920/4339/3798 897/4334/3794
f 897/4334/3794 920/4339/3798 845/4340/19
f 897/4334/3794 845/4340/19 846/4336/19
f 799/4341/3799 899/4342/3800 798/4337/3796
f 798/4337/3796 899/4342/3800 921/4343/3801
f 798/4337/3796 921/4343/3801 898/4338/3797
f 898/4338/3797 921/4343/3801 844/4344/19
f 898/4338/3797 844/4344/19 845/4340/19
f 800/4345/3802 900/4346/3803 799/4341/3799
f 799/4341/3799 900/4346/3803 922/4347/3804
f 799/4341/3799 922/4347/3804 899/4342/3800
f 899/4342/3800 922/4347/3804 843/4348/19
f 899/4342/3800 843/4348/19 844/4344/19
f 801/4349/3805 901/4350/3806 800/4345/3802
f 800/4345/3802 901/4350/3806 923/4351/3807
f 800/4345/3802 923/4351/3807 900/4346/3803
f 900/4346/3803 923/4351/3807 842/4352/19
f 900/4346/3803 842/4352/19 843/4348/19
f 802/4353/3808 862/4354/3809 801/4355/3805
f 801/4355/3805 862/4354/3809 861/4356/3810
f 801/4349/3805 861/4357/3810 901/4350/3806
f 901/4350/3806 861/4357/3810 841/4358/19
f 901/4350/3806 841/4358/19 842/4352/19
f 803/4359/3811 863/4360/3812 802/4353/3808
f 802/4353/3808 863/4360/3812 924/4361/3813
f 802/4353/3808 924/4361/3813 862/4354/3809
f 862/4354/3809 924/4361/3813 840/4362/19
f 862/4354/3809 840/4362/19 841/4363/19
f 804/4364/3814 864/4365/3815 803/4359/3811
f 803/4359/3811 864/4365/3815 925/4366/3816
f 803/4359/3811 925/4366/3816 863/4360/3812
f 863/4360/3812 925/4366/3816 839/4367/19
f 863/4360/3812 839/4367/19 840/4362/19
f 805/4368/3817 865/4369/3818 804/4364/3814
f 804/4364/3814 865/4369/3818 926/4370/3819
f 804/4364/3814 926/4370/3819 864/4365/3815
f 864/4365/3815 926/4370/3819 838/4371/19
f 864/4365/3815 838/4371/19 839/4367/19
f 806/4372/3820 866/4373/3821 805/4368/3817
f 805/4368/3817 866/4373/3821 927/4374/3822
f 805/4368/3817 927/4374/3822 865/4369/3818
f 865/4369/3818 927/4374/3822 837/4375/19
f 865/4369/3818 837/4375/19 838/4371/19
f 807/4376/3823 867/4377/3824 806/4372/3820
f 806/4372/3820 867/4377/3824 928/4378/3825
f 806/4372/3820 928/4378/3825 866/4373/3821
f 866/4373/3821 928/4378/3825 836/4379/19
f 866/4373/3821 836/4379/19 837/4375/19
f 808/4380/3826 868/4381/3827 807/4376/3823
f 807/4376/3823 868/4381/3827 929/4382/3828
f 807/4376/3823 929/4382/3828 867/4377/3824
f 867/4377/3824 929/4382/3828 835/4383/19
f 867/4377/3824 835/4383/19 836/4379/19
f 809/4384/3829 869/4385/3830 808/4380/3826
f 808/4380/3826 869/4385/3830 930/4386/3831
f 808/4380/3826 930/4386/3831 931/4387/3832
f 931/4387/3832 930/4386/3831 834/4388/19
f 931/4387/3832 834/4388/19 868/4381/3827
f 868/4381/3827 834/4388/19 835/4383/19
f 868/4381/3827 835/4383/19 929/4382/3828
f 810/4389/3833 870/4390/3834 809/4384/3829
f 809/4384/3829 870/4390/3834 932/4391/3835
f 809/4384/3829 932/4391/3835 869/4385/3830
f 869/4385/3830 932/4391/3835 833/4392/19
f 869/4385/3830 833/4392/19 834/4388/19
f 811/4393/3836 871/4394/3837 810/4389/3833
f 810/4389/3833 871/4394/3837 933/4395/3838
f 810/4389/3833 933/4395/3838 870/4390/3834
f 870/4390/3834 933/4395/3838 832/4396/19
f 870/4390/3834 832/4396/19 833/4392/19
f 812/4397/3839 872/4398/3840 811/4393/3836
f 811/4393/3836 872/4398/3840 934/4399/3841
f 811/4393/3836 934/4399/3841 871/4394/3837
f 871/4394/3837 934/4399/3841 831/4400/19
f 871/4394/3837 831/4400/19 832/4396/19
f 813/4401/3842 873/4402/3843 812/4397/3839
f 812/4397/3839 873/4402/3843 935/4403/3844
f 812/4397/3839 935/4403/3844 872/4398/3840
f 872/4398/3840 935/4403/3844 830/4404/19
f 872/4398/3840 830/4404/19 831/4400/19
f 814/4405/3845 874/4406/3846 813/4401/3842
f 813/4401/3842 874/4406/3846 936/4407/3847
f 813/4401/3842 936/4407/3847 873/4402/3843
f 873/4402/3843 936/4407/3847 829/4408/19
f 873/4402/3843 829/4408/19 830/4404/19
f 815/4409/3848 875/4410/3849 814/4405/3845
f 814/4405/3845 875/4410/3849 937/4411/3850
f 814/4405/3845 937/4411/3850 874/4406/3846
f 874/4406/3846 937/4411/3850 828/4412/19
f 874/4406/3846 828/4412/19 829/4408/19
f 816/4413/3851 876/4414/3852 815/4409/3848
f 815/4409/3848 876/4414/3852 938/4415/3853
f 815/4409/3848 938/4415/3853 875/4410/3849
f 875/4410/3849 938/4415/3853 827/4416/19
f 875/4410/3849 827/4416/19 828/4412/19
f 817/4417/3854 877/4418/3855 816/4413/3851
f 816/4413/3851 877/4418/3855 939/4419/3856
f 816/4413/3851 939/4419/3856 876/4414/3852
f 876/4414/3852 939/4419/3856 826/4420/19
f 876/4414/3852 826/4420/19 827/4416/19
f 818/4421/3857 878/4422/3858 817/4417/3854
f 817/4417/3854 878/4422/3858 940/4423/3859
f 817/4417/3854 940/4423/3859 877/4418/3855
f 877/4418/3855 940/4423/3859 825/4424/19
f 877/4418/3855 825/4424/19 826/4420/19
f 819/4271/3747 879/4273/3749 818/4421/3857
f 818/4421/3857 879/4273/3749 941/4425/3860
f 818/4421/3857 941/4425/3860 878/4422/3858
f 878/4422/3858 941/4425/3860 824/4275/19
f 878/4422/3858 824/4275/19 825/4424/19
f 943/4268/3744 820/4270/3746 881/4266/3743
f 881/4266/3743 820/4270/3746 781/4262/3740
f 881/4266/3743 781/4262/3740 903/4264/3742
f 822/4267/19 823/4274/19 880/4269/3745
f 880/4269/3745 823/4274/19 942/4272/3748
f 841/4363/19 861/4356/3810 862/4354/3809
f 868/4381/3827 808/4380/3826 931/4387/3832
f 869/4385/3830 834/4388/19 930/4386/3831
f 870/4390/3834 833/4392/19 932/4391/3835
f 871/4394/3837 832/4396/19 933/4395/3838
f 872/4398/3840 831/4400/19 934/4399/3841
f 873/4402/3843 830/4404/19 935/4403/3844
f 874/4406/3846 829/4408/19 936/4407/3847
f 875/4410/3849 828/4412/19 937/4411/3850
f 882/4261/3739 821/4265/19 902/4263/3741
f 883/4277/3751 860/4279/19 904/4278/3752
f 884/4281/3754 859/4283/19 905/4282/3755
f 885/4285/3757 858/4287/19 906/4286/3758
f 886/4289/3760 857/4291/19 907/4290/3761
f 887/4293/3763 856/4295/19 908/4294/3764
f 888/4297/3766 855/4299/19 909/4298/3767
f 894/4321/3784 794/4320/3783 917/4327/3789
f 895/4325/3787 848/4328/19 916/4326/3788
f 896/4330/3791 847/4332/19 918/4331/3792
f 897/4334/3794 846/4336/19 919/4335/3795
f 898/4338/3797 845/4340/19 920/4339/3798
f 899/4342/3800 844/4344/19 921/4343/3801
f 900/4346/3803 843/4348/19 922/4347/3804
f 901/4350/3806 842/4352/19 923/4351/3807
f 890/4305/3772 853/4307/19 911/4306/3773
f 854/4303/19 910/4302/3770 889/4301/3769
f 891/4309/3775 852/4311/19 912/4310/3776
f 892/4313/3778 851/4315/19 913/4314/3779
f 893/4317/3781 850/4319/19 914/4318/3782
f 863/4360/3812 840/4362/19 924/4361/3813
f 864/4365/3815 839/4367/19 925/4366/3816
f 865/4369/3818 838/4371/19 926/4370/3819
f 866/4373/3821 837/4375/19 927/4374/3822
f 867/4377/3824 836/4379/19 928/4378/3825
f 877/4418/3855 826/4420/19 939/4419/3856
f 827/4416/19 938/4415/3853 876/4414/3852
f 878/4422/3858 825/4424/19 940/4423/3859
f 879/4273/3749 824/4275/19 941/4425/3860
f 994/4426/3861 974/4427/3862 975/4428/3863 993/4429/3864
f 995/4430/3865 973/4431/3866 974/4427/3862 994/4426/3861
f 1006/4432/3867 962/4433/3868 963/4434/3869 1005/4435/3870
f 989/4436/3871 979/4437/3872 980/4438/3873 988/4439/3874
f 998/4440/3875 970/4441/3876 971/4442/3877 997/4443/3878
f 1000/3299/3174 968/3298/3173 969/4444/3879 999/4445/3880
f 1019/4446/3881 949/4447/3882 950/4448/3883 1018/4449/3884
f 1011/4450/3885 957/4451/3886 958/4452/3887 1010/4453/3888
f 1002/4454/3889 966/4455/3890 967/3297/3172 1001/3296/3171
f 1013/4456/3891 955/4457/3892 956/4458/3893 1012/4459/3894
f 1015/4460/3895 953/4461/3896 954/4462/3897 1014/4463/3898
f 4464/4464/19 4504/4465/3899 4505/4466/3900 4465/4467/19
f 1016/4468/3901 952/4469/3902 953/4461/3896 1015/4460/3895
f 1007/4470/3903 961/4471/3904 962/4433/3868 1006/4432/3867
f 4460/4472/19 4500/4473/3905 4501/4474/3906 4461/4475/19
f 1020/4476/3907 948/4477/3908 949/4447/3882 1019/4446/3881
f 1009/4478/3909 959/4479/3910 960/4480/3911 1008/4481/3912
f 1021/4482/3913 947/4483/3914 948/4477/3908 1020/4476/3907
f 1012/4459/3894 956/4458/3893 957/4451/3886 1011/4450/3885
f 4445/4484/19 4485/4485/3915 4486/4486/3916 4446/4487/19
f 985/4488/3917 983/4489/3918 944/4490/3919 984/4491/3920
f 945/4492/3921 1023/4493/3922 984/4491/3920 944/4490/3919
f 993/4429/3864 975/4428/3863 976/4494/3923 992/4495/3924
f 987/4496/3925 981/4497/3926 982/4498/3927 986/4499/3928
f 1018/4449/3884 950/4448/3883 951/4500/3929 1017/4501/3930
f 1010/4453/3888 958/4452/3887 959/4479/3910 1009/4478/3909
f 999/4445/3880 969/4444/3879 970/4441/3876 998/4440/3875
f 1008/4481/3912 960/4480/3911 961/4471/3904 1007/4470/3903
f 1017/4501/3930 951/4500/3929 952/4469/3902 1016/4468/3901
f 1023/4493/3922 945/4492/3921 946/4502/3931 1022/4503/3932
f 1004/4504/3933 964/4505/3934 965/4506/3935 1003/4507/3936
f 1014/4463/3898 954/4462/3897 955/4457/3892 1013/4456/3891
f 986/4499/3928 982/4498/3927 983/4489/3918 985/4488/3917
f 997/4443/3878 971/4442/3877 972/4508/3937 996/4509/3938
f 988/4439/3874 980/4438/3873 981/4497/3926 987/4496/3925
f 2776/4510/19 4441/4511/19 4442/4512/19 2777/4513/19
f 990/4514/3939 978/4515/3940 979/4437/3872 989/4436/3871
f 991/4516/3941 977/4517/3942 978/4515/3940 990/4514/3939
f 992/4495/3924 976/4494/3923 977/4517/3942 991/4516/3941
f 1003/4507/3936 965/4506/3935 966/4455/3890 1002/4454/3889
f 1033/4518/21 1034/4519/21 954/4520/3897 953/4521/3896
f 1063/4522/21 1024/87/21 944/110/3919 983/4523/3918
f 2790/4524/19 4455/4525/19 4456/4526/19 2791/4527/19
f 967/4528/3172 966/4529/3890 1046/4530/21 1047/4531/21
f 1030/4532/21 1031/4533/21 951/4534/3929 950/4535/3883
f 970/4536/3876 969/4537/3879 1049/4538/21 1050/4539/21
f 958/4540/3887 1038/4541/21 1039/4542/21 959/4543/3910
f 2772/4544/19 4437/4545/19 4438/4546/19 2773/4547/19
f 956/4548/3893 1036/4549/80 1037/4550/21 957/4551/3886
f 975/4552/3863 1055/4553/21 1056/4554/21 976/4555/3923
f 971/4556/3877 970/4536/3876 1050/4539/21 1051/4557/21
f 974/4558/3862 1054/4559/21 1055/4553/21 975/4552/3863
f 1025/4560/21 1026/4561/21 946/4562/3931 945/4563/3921
f 972/4564/3937 971/4556/3877 1051/4557/21 1052/4565/3632
f 968/4566/3173 967/4528/3172 1047/4531/21 1048/4567/21
f 978/4568/3940 1058/4569/21 1059/4570/21 979/4571/3872
f 1029/4572/21 1030/4532/21 950/4535/3883 949/4573/3882
f 960/4574/3911 1040/4575/21 1041/4576/21 961/4577/3904
f 961/4577/3904 1041/4576/21 1042/4578/21 962/4579/3868
f 962/4579/3868 1042/4578/21 1043/4580/21 963/4581/3869
f 974/4558/3862 973/4582/3866 1053/4583/21 1054/4559/21
f 963/4581/3869 1043/4580/21 1044/4584/44 964/4585/3934
f 966/4529/3890 965/4586/3935 1045/4587/21 1046/4530/21
f 1026/4561/21 1027/4588/21 947/4589/3914 946/4562/3931
f 980/4590/3873 1060/4591/21 1061/4592/21 981/4593/3926
f 2773/4547/19 4438/4546/19 4439/4594/19 2774/4595/19
f 979/4571/3872 1059/4570/21 1060/4591/21 980/4590/3873
f 977/4596/3942 1057/4597/21 1058/4569/21 978/4568/3940
f 959/4543/3910 1039/4542/21 1040/4575/21 960/4574/3911
f 955/4598/3892 1035/4599/21 1036/4549/80 956/4548/3893
f 1035/4599/21 955/4598/3892 954/4520/3897 1034/4519/21
f 1024/87/21 1025/4560/21 945/4563/3921 944/110/3919
f 973/4582/3866 972/4564/3937 1052/4565/3632 1053/4583/21
f 981/4593/3926 1061/4592/21 1062/4600/21 982/4601/3927
f 957/4551/3886 1037/4550/21 1038/4541/21 958/4540/3887
f 969/4537/3879 968/4566/3173 1048/4567/21 1049/4538/21
f 1028/4602/21 1029/4572/21 949/4573/3882 948/4603/3908
f 1027/4588/21 1028/4602/21 948/4603/3908 947/4589/3914
f 976/4555/3923 1056/4554/21 1057/4597/21 977/4596/3942
f 982/4601/3927 1062/4600/21 1063/4522/21 983/4523/3918
f 1063/4604/21 2187/3137/3012 1024/4605/21
f 1024/4605/21 2187/3137/3012 1186/3136/3011
f 1024/4605/21 1186/3136/3011 2205/1187/1072
f 2201/2261/2146 2197/2260/2145 1064/87/62
f 2201/2261/2146 1064/87/62 1188/1193/1078
f 1188/1193/1078 1064/87/62 1273/1194/1079
f 2982/601/486 3917/254/139 2894/253/138 2983/4606/3943
f 2982/601/486 2983/4606/3943 2974/258/143 2975/257/142
f 2980/1794/1679 3915/4607/3944 3916/2362/2240 2981/600/485
f 2208/1185/1070 2204/1188/1073 2203/249/134 2207/248/133
f 3902/662/547 3906/2911/2787 3907/2270/2155 3903/661/546
f 2218/2276/2161 2213/2275/2160 1024/4605/21
f 1024/4605/21 2213/2275/2160 1190/2843/2719
f 1024/4605/21 1190/2843/2719 1025/4608/21
f 1025/4608/21 1190/2843/2719 2231/265/150
f 1025/4608/21 2231/265/150 2222/264/149
f 3934/657/542 3938/656/541 3939/4609/3945 3935/3272/3147
f 3897/4610/3946 2890/4611/3947 3891/2841/2717 3896/2840/2716
f 1192/275/160 2227/274/159 1065/4612/72
f 1192/275/160 1065/4612/72 1658/2839/2715
f 1658/2839/2715 1065/4612/72 1659/2836/2712
f 3406/1013/898 3398/1012/897 3403/1995/1880 3402/1998/1883
f 2181/2372/2250 2177/2255/2140 2176/2254/2139 2180/4613/3948
f 3877/2291/2176 3881/2832/2708 3882/2831/2707 3878/2290/2175
f 3877/2291/2176 3872/2100/1985 2888/3309/3180 3876/3275/3150
f 2239/298/183 1194/297/182 1025/4608/21
f 1025/4608/21 1194/297/182 1026/4614/21
f 1026/4614/21 1194/297/182 2257/4615/3949
f 1026/4614/21 2257/4615/3949 2248/3249/3124
f 3869/2098/1983 3864/1816/1701 3863/1815/1700 3868/2099/1984
f 2164/1354/1239 2159/2826/2702 2158/2198/2083 2163/1355/1240
f 1196/2995/2870 2253/3181/3056 1066/4616/110
f 1196/2995/2870 1066/4616/110 1648/2996/2871
f 1648/2996/2871 1066/4616/110 1649/2823/2699
f 3861/1195/1080 2995/2822/2698 2994/2825/2701 3849/1196/1081
f 2265/319/204 1198/318/203 1026/4614/21
f 1026/4614/21 1198/318/203 1027/4617/21
f 1027/4617/21 1198/318/203 2283/1840/1725
f 1027/4617/21 2283/1840/1725 2274/1839/1724
f 3845/3174/3049 2882/4618/3950 3839/3008/2883 3844/3175/3050
f 1200/681/566 2279/2814/2690 1067/4619/91
f 1200/681/566 1067/4619/91 1638/682/567
f 1638/682/567 1067/4619/91 1639/2813/2689
f 1304/2992/2867 1305/2991/2866 1302/1835/1720 1303/3332/3201
f 3835/335/220 3005/334/219 3004/333/218 3823/4620/3951
f 2122/2970/2845 2126/3023/2898 2127/3022/2897 1174/2968/2843
f 3825/1552/1437 3820/2110/1995 2880/4621/3952 3824/2809/2685
f 2291/339/224 1202/344/229 1027/4617/21
f 1027/4617/21 1202/344/229 1028/4622/21
f 1028/4622/21 1202/344/229 2309/348/233
f 1028/4622/21 2309/348/233 2300/347/232
f 3817/2108/1993 3812/3010/2885 3811/4623/3953 3816/2109/1994
f 3812/3010/2885 3817/2108/1993 3818/356/241 3813/355/240
f 1204/2990/2865 2305/4624/3954 1068/4625/92
f 1204/2990/2865 1068/4625/92 1628/2899/2775
f 1628/2899/2775 1068/4625/92 1629/357/242
f 3022/2805/2681 3392/2944/2820 3393/2945/2821 3023/2802/2678
f 2388/2883/2759 1597/451/336 1596/453/338 2389/4626/3955
f 4301/1708/1593 3222/3239/3114 3221/2680/2556 4302/1706/1591
f 2322/371/256 2317/370/255 1028/4622/21
f 1028/4622/21 2317/370/255 1029/4627/21
f 1029/4627/21 2317/370/255 1206/376/261
f 1029/4627/21 1206/376/261 2335/375/260
f 2331/2941/2817 2327/3063/2938 1069/4628/90
f 2331/2941/2817 1069/4628/90 1208/2942/2818
f 1208/2942/2818 1069/4628/90 1618/382/267
f 2074/394/279 2078/393/278 2066/2509/2387 2075/4629/3956
f 2348/395/280 2343/400/285 1029/4627/21
f 1029/4627/21 2343/400/285 1030/4630/21
f 1030/4630/21 2343/400/285 1210/1502/1387
f 1030/4630/21 1210/1502/1387 2361/1397/1282
f 2064/1569/1454 2060/1501/1386 2059/2442/2320 2063/1567/1452
f 3762/3017/2892 3767/1155/1040 3766/1154/1039 3770/2296/2181
f 2357/2783/2659 2353/2782/2658 1070/4631/89
f 2357/2783/2659 1070/4631/89 1212/2997/2872
f 1212/2997/2872 1070/4631/89 1608/2889/2765
f 3042/1768/1653 3761/1153/1038 2870/1156/1041 3043/1769/1654
f 2374/2817/2693 2369/1495/1380 1030/4630/21
f 1030/4630/21 2369/1495/1380 1031/4632/21
f 1031/4632/21 2369/1495/1380 1214/436/321
f 1031/4632/21 1214/436/321 2387/435/320
f 3928/4633/3957 3932/2368/2246 3933/654/539 3929/2267/2152
f 2034/2457/2335 2038/2456/2334 2039/2461/2339 2035/2460/2338
f 2383/446/331 2379/445/330 1071/4634/2221
f 2383/446/331 1071/4634/2221 1216/2884/2760
f 1216/2884/2760 1071/4634/2221 1598/452/337
f 2018/3155/3030 2022/3154/3029 2023/4635/3958 1158/4636/3959
f 2400/462/347 2395/466/351 1031/4632/21
f 1031/4632/21 2395/466/351 1032/4637/21
f 1032/4637/21 2395/466/351 1218/470/355
f 1032/4637/21 1218/470/355 2413/469/354
f 3716/1586/1471 3712/2071/1956 3711/3021/2896 2864/1589/1474
f 2409/476/361 2405/475/360 1072/4638/2219
f 2409/476/361 1072/4638/2219 1220/1872/1757
f 1220/1872/1757 1072/4638/2219 1588/2760/2636
f 3062/3188/3063 3709/3068/2943 2862/3235/3110 3063/3189/3064
f 1351/784/669 1352/783/668 1355/1318/1203 1356/1320/1205
f 3704/781/666 3700/1205/1090 3699/3279/3154 3703/778/663
f 2426/488/373 2421/487/372 1032/4637/21
f 1032/4637/21 2421/487/372 1222/492/377
f 1032/4637/21 1222/492/377 1033/4639/21
f 1033/4639/21 1222/492/377 2439/491/376
f 1033/4639/21 2439/491/376 2430/1483/1368
f 1984/1878/1763 1153/3011/2886 1978/2983/2858 1983/1879/1764
f 4141/2753/2629 4145/2507/2385 4146/548/433 4142/547/432
f 3689/768/653 2858/2747/2623 3683/2746/2622 3688/769/654
f 1224/1144/1029 2435/498/383 1073/4640/2218
f 1224/1144/1029 1073/4640/2218 1578/3334/3203
f 1578/3334/3203 1073/4640/2218 1579/4641/3960
f 3287/1609/1494 3288/3282/3157 3279/4642/3961 3280/1610/1495
f 3679/4643/3962 3065/2745/2621 3064/3329/3198 3667/4644/3963
f 1973/508/393 1969/507/392 1968/1619/1504 1972/790/675
f 3156/1270/1155 3157/665/550 3160/664/549 3161/2645/2521
f 4159/2855/2731 4155/980/865 4154/979/864 4158/3075/2950
f 2447/4645/3964 1226/4646/3965 1033/4639/21
f 1033/4639/21 1226/4646/3965 1034/4647/21
f 1034/4647/21 1226/4646/3965 2465/3145/3020
f 1034/4647/21 2465/3145/3020 2456/3144/3019
f 1951/2467/2345 1956/1881/1766 1957/1481/1366 1952/1480/1365
f 4203/2536/2414 4202/804/689 4207/1993/1878 4208/1659/1544
f 1228/2731/2607 2461/4648/3966 1074/4649/63
f 1228/2731/2607 1074/4649/63 1568/1625/1510
f 1568/1625/1510 1074/4649/63 1569/1626/1511
f 1374/1894/1779 1375/519/404 1372/518/403 1373/3283/3158
f 1277/1799/1684 1276/2907/2783 2211/2358/2236 2212/1800/1685
f 4185/3133/3008 4181/3080/2955 4180/821/706 4184/2659/2535
f 2473/818/703 1230/2726/2602 1034/4647/21
f 1034/4647/21 1230/2726/2602 1035/4650/21
f 1035/4650/21 1230/2726/2602 2491/1649/1534
f 1035/4650/21 2491/1649/1534 2482/1648/1533
f 4192/4651/3967 2937/2532/2410 4197/1650/1535 4193/3122/2997
f 3637/1948/1833 2850/545/430 3631/544/429 3636/1905/1790
f 1232/2228/2113 2487/540/425 1075/4652/3968
f 1232/2228/2113 1075/4652/3968 1558/2725/2601
f 1558/2725/2601 1075/4652/3968 1559/1223/1108
f 1921/808/693 1917/836/721 1916/2213/2098 1920/805/690
f 3617/1920/1805 3621/2721/2597 3622/2217/2102 3618/3082/2957
f 1810/1971/1856 1126/3118/2993 1797/1723/1608 1805/1722/1607
f 2499/4653/3969 1234/2541/2419 1035/4650/21
f 1035/4650/21 1234/2541/2419 1036/4654/80
f 1036/4654/80 1234/2541/2419 2517/1473/1358
f 1036/4654/80 2517/1473/1358 2508/1058/943
f 1906/1919/1804 1141/2542/2420 1900/1667/1552 1905/1912/1797
f 3609/1914/1799 3604/2052/1937 3603/2051/1936 3608/552/437
f 1904/834/719 1899/1670/1555 1898/4655/3970 1903/830/715
f 3913/256/141 3901/259/144 3910/2279/2164 3909/2278/2163
f 1236/3193/3068 2513/560/445 1076/4656/102
f 1236/3193/3068 1076/4656/102 1548/3194/3069
f 1548/3194/3069 1076/4656/102 1549/4657/3971
f 1895/864/749 1391/568/453 1390/871/756 1896/865/750
f 3595/574/459 3599/573/458 3600/3085/2960 3596/422/307
f 1888/575/460 1892/866/751 1893/3019/2894 1138/576/461
f 2530/867/752 2525/1246/1131 1036/4654/80
f 1036/4654/80 2525/1246/1131 1037/4658/21
f 1037/4658/21 2525/1246/1131 1238/1471/1356
f 1037/4658/21 1238/1471/1356 2543/1470/1355
f 1881/579/464 1877/1120/1005 1876/3196/3071 1139/4659/3972
f 2539/2704/2580 2535/2708/2584 1077/4660/103
f 2539/2704/2580 1077/4660/103 1240/649/534
f 1240/649/534 1077/4660/103 1538/650/535
f 3112/849/734 3579/2702/2578 2842/4661/3973 3113/4662/3974
f 1402/2560/2438 1405/584/469 1406/583/468 1401/588/473
f 1357/1611/1496 1356/1320/1205 2003/1313/1198 2004/1312/1197
f 2556/1249/1134 2551/1248/1133 1037/4658/21
f 1037/4658/21 2551/1248/1133 1038/4663/21
f 1038/4663/21 2551/1248/1133 1242/2936/2812
f 1038/4663/21 1242/2936/2812 2569/4664/3975
f 4268/3199/3074 4272/2390/2268 4273/2044/1929 4269/2043/1928
f 3554/2697/2573 3559/604/489 3558/603/488 3562/2698/2574
f 2565/2693/2569 2561/4665/3976 1078/4666/107
f 2565/2693/2569 1078/4666/107 1244/2694/2570
f 1244/2694/2570 1078/4666/107 1528/3289/3164
f 3122/2689/2565 3553/602/487 2838/605/490 3123/4667/3977
f 3726/1305/1190 3730/455/340 3731/458/343 3727/1306/1191
f 1840/4668/3978 1844/610/495 1832/613/498 1841/4669/3979
f 2582/1257/1142 2577/1256/1141 1038/4663/21
f 1038/4663/21 2577/1256/1141 1039/4670/21
f 1039/4670/21 2577/1256/1141 1246/1461/1346
f 1039/4670/21 1246/1461/1346 2595/1460/1345
f 1823/2574/2452 1828/1705/1590 1827/1704/1589 1831/2035/1920
f 3497/1425/1310 3485/1729/1614 3494/4671/3980 3493/4672/3981
f 2591/1954/1839 2587/1953/1838 1079/4673/57
f 2591/1954/1839 1079/4673/57 1248/2684/2560
f 1248/2684/2560 1079/4673/57 1518/625/510
f 3132/618/503 3133/621/506 3124/2174/2059 3125/557/442
f 3126/556/441 3131/2679/2555 3132/618/503 3125/557/442
f 3516/3089/2964 2833/2675/2551 3521/926/811 3517/925/810
f 1836/2572/2450 1840/4668/3978 1841/4669/3979 1130/2573/2451
f 2608/631/516 2603/636/521 1039/4670/21
f 1039/4670/21 2603/636/521 1040/4674/21
f 1040/4674/21 2603/636/521 1250/2672/2548
f 1040/4674/21 1250/2672/2548 2621/2830/2706
f 1805/1722/1607 1801/1721/1606 1800/1727/1612 1804/1969/1854
f 1803/1967/1852 1799/2429/2307 1798/3216/3091 1127/2576/2454
f 2617/642/527 2613/641/526 1080/4675/56
f 2617/642/527 1080/4675/56 1252/1431/1316
f 1252/1431/1316 1080/4675/56 1508/2324/2209
f 3142/1189/1074 3501/1192/1077 2830/2304/2189 3143/3092/2967
f 3217/2586/2464 3218/4676/3982 3209/2032/1917 3210/2031/1916
f 1431/4677/3983 1432/2588/2466 1435/914/799 1436/917/802
f 1790/949/834 1432/2588/2466 1431/4677/3983 1791/948/833
f 3496/1422/1307 3492/4678/3984 3491/2661/2537 3495/2660/2536
f 4340/2144/2029 4336/3115/2990 4335/3117/2992 2960/2142/2027
f 2634/2176/2061 2629/1514/1399 1040/4674/21
f 1040/4674/21 2629/1514/1399 1254/1408/1293
f 1040/4674/21 1254/1408/1293 1041/4679/21
f 1041/4679/21 1254/1408/1293 2647/1407/1292
f 1041/4679/21 2647/1407/1292 2638/1105/990
f 4349/1740/1625 4353/2922/2798 4354/4680/3985 4350/1741/1626
f 1256/2653/2529 2643/1091/976 1081/4681/3986
f 1256/2653/2529 1081/4681/3986 1498/3317/3188
f 1498/3317/3188 1081/4681/3986 1499/4682/3987
f 3207/1749/1634 3208/1752/1637 3199/2874/2750 3200/2873/2749
f 3206/4683/3988 4358/4684/3989 4359/1750/1635 3207/1749/1634
f 4362/1980/1865 4363/1979/1864 4358/4684/3989 4357/985/870
f 3461/2326/2211 3465/1064/949 3466/1068/953 3462/2648/2524
f 2655/1755/1640 1258/2597/2475 1041/4679/21
f 1041/4679/21 1258/2597/2475 1042/4685/21
f 1042/4685/21 1258/2597/2475 2673/1777/1662
f 1042/4685/21 2673/1777/1662 2664/1083/968
f 3453/3231/3106 3448/4686/3990 3447/3097/2972 3452/3046/2921
f 1260/2870/2746 2669/3234/3109 1082/4687/118
f 1260/2870/2746 1082/4687/118 1488/2871/2747
f 1488/2871/2747 1082/4687/118 1489/2604/2482
f 3162/958/843 3163/961/846 3154/3049/2924 3155/2646/2522
f 2681/1387/1272 1262/1386/1271 1042/4685/21
f 1042/4685/21 1262/1386/1271 1043/4688/21
f 1043/4688/21 1262/1386/1271 2699/1385/1270
f 1043/4688/21 2699/1385/1270 2690/2008/1893
f 3429/3316/3187 2818/2183/2068 3423/2182/2067 3428/1796/1681
f 1264/991/876 2695/1052/937 1083/4689/117
f 1264/991/876 1083/4689/117 1478/992/877
f 1478/992/877 1083/4689/117 1479/3057/2932
f 3419/1379/1264 3415/2862/2738 3414/2864/2740 3418/1296/1181
f 2707/4690/3991 1266/1372/1257 1043/4688/21
f 1043/4688/21 1266/1372/1257 1044/4691/44
f 1044/4691/44 1266/1372/1257 2725/1371/1256
f 1044/4691/44 2725/1371/1256 2716/1792/1677
f 1691/3310/3181 1696/1991/1876 1697/1990/1875 1692/1107/992
f 1696/1991/1876 1691/3310/3181 1690/2957/2833 1695/1008/893
f 1268/4692/3992 2721/2633/2509 1084/4693/2216
f 1268/4692/3992 1084/4693/2216 1473/2958/2834
f 1473/2958/2834 1084/4693/2216 1108/2959/2835
f 3176/2630/2506 4432/281/166 4431/2625/2503 3177/2960/2836
f 3401/3228/3103 3396/2963/2838 3395/2962/2837 3400/3224/3099
f 4158/3075/2950 4154/979/864 4153/4694/3993 2932/3074/2949
f 1698/2001/1886 1693/3257/3132 1044/4695/44
f 1044/4695/44 1693/3257/3132 1045/4696/21
f 1045/4696/21 1693/3257/3132 1110/4697/3994
f 1045/4696/21 1110/4697/3994 1711/2634/2510
f 2710/1032/917 2714/1018/903 2715/3227/3102 2711/1028/913
f 2713/1015/900 2709/1033/918 2708/1036/921 1267/4698/3995
f 1707/1292/1177 1703/1291/1176 1085/4699/66
f 1707/1292/1177 1085/4699/66 1112/2188/2073
f 1112/2188/2073 1085/4699/66 1463/2618/2496
f 1477/993/878 1478/992/877 1479/3057/2932 1480/2179/2064
f 1724/1783/1668 1719/1782/1667 1045/4696/21
f 1045/4696/21 1719/1782/1667 1046/4700/21
f 1046/4700/21 1719/1782/1667 1114/1989/1874
f 1046/4700/21 1114/1989/1874 1737/3106/2981
f 2681/1387/1272 2686/1047/932 2685/1046/931 2689/1388/1273
f 1733/2190/2075 1729/2898/2774 1086/4701/67
f 1733/2190/2075 1086/4701/67 1116/1779/1664
f 1116/1779/1664 1086/4701/67 1453/1265/1150
f 3197/2644/2520 4385/1301/1186 2966/2606/2484 3198/4702/3996
f 1487/2177/2062 1488/2871/2747 1489/2604/2482 1490/1267/1152
f 3191/4703/3997 3196/2643/2519 3197/2644/2520 3190/4704/3998
f 4379/1077/962 3192/2600/2478 3191/4703/3997 4380/1078/963
f 2668/2010/1895 2672/1776/1661 2673/1777/1662 1258/2597/2475
f 1750/1774/1659 1745/1773/1658 1046/4700/21
f 1046/4700/21 1745/1773/1658 1047/4705/21
f 1047/4705/21 1745/1773/1658 1118/4706/3999
f 1047/4705/21 1118/4706/3999 1763/1983/1868
f 1759/966/851 1755/965/850 1087/4707/4000
f 1759/966/851 1087/4707/4000 1120/1403/1288
f 1120/1403/1288 1087/4707/4000 1443/1404/1289
f 3201/4708/4001 3206/4683/3988 3207/1749/1634 3200/2873/2749
f 4354/4680/3985 3201/4708/4001 3200/2873/2749 4355/2872/2748
f 4353/2922/2798 3202/3112/2987 3201/4708/4001 4354/4680/3985
f 1776/1743/1628 1771/1734/1619 1047/4705/21
f 1047/4705/21 1771/1734/1619 1048/4709/21
f 1048/4709/21 1771/1734/1619 1122/1733/1618
f 1048/4709/21 1122/1733/1618 1789/1977/1862
f 4341/1417/1302 4337/1416/1301 4336/3115/2990 4340/2144/2029
f 3692/766/651 3688/769/654 3687/494/379 3691/493/378
f 1785/943/828 1781/942/827 1088/4710/4002
f 1785/943/828 1088/4710/4002 1124/2589/2467
f 1124/2589/2467 1088/4710/4002 1433/2590/2468
f 3217/2586/2464 4333/1732/1617 2958/1731/1616 3218/4676/3982
f 3600/3085/2960 3096/4711/4003 3095/1239/1124 3601/1675/1560
f 4327/2577/2455 3212/2581/2459 3211/2584/2462 4328/2876/2752
f 4328/2876/2752 4324/3210/3085 4323/2578/2456 4327/2577/2455
f 4318/2020/1905 4322/2579/2457 4323/2578/2456 4319/1719/1604
f 1802/1724/1609 1797/1723/1608 1048/4709/21
f 1048/4709/21 1797/1723/1608 1126/3118/2993
f 1048/4709/21 1126/3118/2993 1049/4712/21
f 1049/4712/21 1126/3118/2993 1815/2674/2550
f 1049/4712/21 1815/2674/2550 1806/2673/2549
f 2601/1714/1599 2606/1444/1329 2607/634/519 2602/633/518
f 4198/1653/1538 3261/1652/1537 3260/2022/1907 4199/3246/3121
f 4313/3037/2912 2954/1711/1596 4307/1710/1595 4312/2155/2040
f 1128/1715/1600 1811/919/804 1089/4713/3541
f 1128/1715/1600 1089/4713/3541 1423/1958/1843
f 1423/1958/1843 1089/4713/3541 1424/1959/1844
f 2596/2683/2559 1517/624/509 1516/626/511 2597/2036/1921
f 2597/2036/1921 2593/2929/2805 2592/1955/1840 2596/2683/2559
f 4293/1703/1588 4297/1702/1587 4298/1707/1592 4294/3201/3076
f 2278/317/202 2282/1838/1723 2283/1840/1725 1198/318/203
f 4293/1703/1588 4288/1696/1581 2952/1699/1584 4292/1700/1585
f 1823/2574/2452 1130/2573/2451 1049/4712/21
f 1049/4712/21 1130/2573/2451 1050/4714/21
f 1050/4714/21 1130/2573/2451 1841/4669/3979
f 1050/4714/21 1841/4669/3979 1832/613/498
f 4285/1965/1850 4280/2566/2444 4279/2975/2850 4284/1697/1582
f 1132/2172/2057 1837/891/776 1090/4715/116
f 1132/2172/2057 1090/4715/116 1413/2173/2058
f 1413/2173/2058 1090/4715/116 1414/878/763
f 3122/2689/2565 3123/4667/3977 3114/4716/4004 3115/2690/2566
f 2570/2692/2568 1527/3288/3163 1526/3242/3117 2571/3241/3116
f 2572/1110/995 2568/4717/4005 2567/1116/1001 2571/3241/3116
f 1849/597/482 1134/596/481 1050/4714/21
f 1050/4714/21 1134/596/481 1051/4718/21
f 1051/4718/21 1134/596/481 1867/2195/2080
f 1051/4718/21 1867/2195/2080 1858/2194/2079
f 4258/1935/1820 4253/591/476 4252/594/479 4257/3123/2998
f 4261/4719/4006 2946/1687/1572 4255/1686/1571 4260/3121/2996
f 1136/2558/2436 1863/1951/1836 1091/4720/109
f 1136/2558/2436 1091/4720/109 1403/2559/2437
f 1403/2559/2437 1091/4720/109 1404/2880/2756
f 3112/849/734 3113/4662/3974 3104/2168/2053 3105/850/735
f 4250/2974/2849 3241/2701/2577 3240/854/739 4251/2201/2086
f 3582/3243/3118 3583/1321/1206 3578/1685/1570 3577/1684/1569
f 3587/1322/1207 3583/1321/1206 3582/3243/3118 3586/1928/1813
f 1875/577/462 1138/576/461 1051/4718/21
f 1051/4718/21 1138/576/461 1052/4721/3632
f 1052/4721/3632 1138/576/461 1893/3019/2894
f 1052/4721/3632 1893/3019/2894 1884/873/758
f 4233/860/745 4228/2160/2045 4227/2209/2094 4232/861/746
f 1140/2206/2091 1889/3125/3000 1092/4722/93
f 1140/2206/2091 1092/4722/93 1393/2207/2092
f 1393/2207/2092 1092/4722/93 1394/2881/2757
f 3257/2717/2593 3377/2716/2592 3378/4723/4007 3258/4724/4008
f 3258/4724/4008 3249/4725/4009 3250/2935/2811 3257/2717/2593
f 1375/519/404 1950/1893/1778 1951/2467/2345 1376/520/405
f 4223/1666/1551 3252/1665/1550 3251/2934/2810 4224/2933/2809
f 2060/1501/1386 2064/1569/1454 2065/404/289 2061/403/288
f 1906/1919/1804 1901/1918/1803 1052/4721/3632
f 1052/4721/3632 1901/1918/1803 1053/4726/21
f 1053/4726/21 1901/1918/1803 1142/4727/4010
f 1053/4726/21 1142/4727/4010 1919/2951/2827
f 1700/1138/1023 1696/1991/1876 1695/1008/893 1699/1007/892
f 1915/2214/2099 1911/1662/1547 1093/4728/73
f 1915/2214/2099 1093/4728/73 1144/2215/2100
f 1144/2215/2100 1093/4728/73 1383/2882/2758
f 3267/2021/1906 4203/2536/2414 2938/4729/4011 3268/4730/4012
f 3092/543/428 3093/546/431 3084/4731/4013 3085/970/855
f 4193/3122/2997 4197/1650/1535 4198/1653/1538 4194/536/421
f 1932/2611/2489 1927/1409/1294 1053/4726/21
f 1053/4726/21 1927/1409/1294 1054/4732/21
f 1054/4732/21 1927/1409/1294 1146/528/413
f 1054/4732/21 1146/528/413 1945/527/412
f 4181/3080/2955 4185/3133/3008 4186/3132/3007 4182/2525/2403
f 4178/3131/3006 4183/2526/2404 4182/2525/2403 4186/3132/3007
f 1941/1215/1100 1937/1640/1525 1094/4733/54
f 1941/1215/1100 1094/4733/54 1148/1216/1101
f 1148/1216/1101 1094/4733/54 1373/3283/3158
f 3277/2523/2401 4177/2522/2400 2934/2527/2405 3278/2729/2605
f 3082/3163/3038 3083/3165/3040 3074/2151/2036 3075/888/773
f 4171/1636/1521 3272/1639/1524 3271/1140/1025 4172/629/514
f 4167/1637/1522 4171/1636/1521 4172/629/514 4168/628/513
f 3660/2736/2612 3655/2515/2393 3654/2517/2395 3659/4734/4014
f 1958/1478/1363 1953/2137/2022 1054/4732/21
f 1054/4732/21 1953/2137/2022 1055/4735/21
f 1055/4735/21 1953/2137/2022 1150/2136/2021
f 1055/4735/21 1150/2136/2021 1971/2196/2081
f 2447/4645/3964 2452/4736/4015 2451/3077/2952 2455/2856/2732
f 2454/1892/1777 2450/3076/2951 2449/1211/1096 2453/1891/1776
f 2453/1891/1776 2449/1211/1096 2448/1213/1098 1227/4737/4016
f 1967/1618/1503 1963/1617/1502 1095/4738/4017
f 1967/1618/1503 1095/4738/4017 1152/793/678
f 1152/793/678 1095/4738/4017 1363/794/679
f 4145/2507/2385 3282/2506/2384 3281/1607/1492 4146/548/433
f 3686/495/380 3681/2040/1925 3680/4739/4018 3685/4740/4019
f 3029/3254/3129 3784/1854/1739 3785/1853/1738 3030/1159/1044
f 1984/1878/1763 1979/1602/1487 1055/4735/21
f 1055/4735/21 1979/1602/1487 1056/4741/21
f 1056/4741/21 1979/1602/1487 1154/1601/1486
f 1056/4741/21 1154/1601/1486 1997/2000/1885
f 2429/486/371 2425/484/369 2424/483/368 2428/1210/1095
f 1993/2221/2106 1989/1598/1483 1096/4742/4020
f 1993/2221/2106 1096/4742/4020 1156/2499/2377
f 1156/2499/2377 1096/4742/4020 1353/4743/4021
f 3297/9/7 4125/2849/2725 2926/2848/2724 3298/10/8
f 4120/1317/1202 4116/3320/3191 4115/2765/2641 4119/1314/1199
f 2010/2483/2361 2005/2482/2360 1056/4741/21
f 1056/4741/21 2005/2482/2360 1158/4636/3959
f 1056/4741/21 1158/4636/3959 1057/4744/21
f 1057/4744/21 1158/4636/3959 2023/4635/3958
f 1057/4744/21 2023/4635/3958 2014/753/638
f 2393/460/345 2398/1308/1193 2399/464/349 2394/461/346
f 4105/4745/4022 2922/3186/3061 4099/2471/2349 4104/2473/2351
f 1160/2314/2199 2019/2474/2352 1097/4746/88
f 1160/2314/2199 1097/4746/88 1343/1868/1753
f 1343/1868/1753 1097/4746/88 1344/1869/1754
f 1316/1841/1726 1311/699/584 1312/698/583 1315/1848/1733
f 2389/4626/3955 2385/4747/4023 2384/447/332 2388/2883/2759
f 4085/2772/2648 4089/1865/1750 4090/442/327 4086/441/326
f 4085/2772/2648 4080/3277/3152 2920/3278/3153 4084/2770/2646
f 2031/2458/2336 1162/2776/2652 1057/4744/21
f 1057/4744/21 1162/2776/2652 1058/4748/21
f 1058/4748/21 1162/2776/2652 2049/2775/2651
f 1058/4748/21 2049/2775/2651 2040/741/626
f 4077/2311/2196 4072/2310/2195 4071/2231/2116 4076/2230/2115
f 1164/2308/2193 2045/4749/4024 1098/4750/87
f 1164/2308/2193 1098/4750/87 1333/2309/2194
f 1333/2309/2194 1098/4750/87 1334/2780/2656
f 1347/1584/1469 2030/1583/1468 1161/3162/3037 1348/2227/2112
f 2057/401/286 1166/4751/4025 1058/4748/21
f 1058/4748/21 1166/4751/4025 1059/4752/21
f 1059/4752/21 1166/4751/4025 2075/4629/3956
f 1059/4752/21 2075/4629/3956 2066/2509/2387
f 2341/1000/885 2346/999/884 2347/398/283 2342/397/282
f 4053/1331/1216 2914/3169/3044 4047/2436/2314 4052/1332/1217
f 1168/2439/2317 2071/2438/2316 1099/4753/3548
f 1168/2439/2317 1099/4753/3548 1323/2892/2768
f 1323/2892/2768 1099/4753/3548 1324/2893/2769
f 3032/2789/2665 3033/2793/2669 3024/724/609 3025/723/608
f 3853/4754/4026 3848/3172/3047 3847/3171/3046 3852/1022/907
f 3795/2119/2004 3791/2794/2670 3790/1852/1737 3794/1856/1741
f 4032/737/622 4036/3166/3041 4037/732/617 4033/731/616
f 2460/512/397 1226/4646/3965 2447/4645/3964 2455/2856/2732
f 2083/2796/2672 1170/3091/2966 1059/4752/21
f 1059/4752/21 1170/3091/2966 1060/4755/21
f 1060/4755/21 1170/3091/2966 2101/2241/2126
f 1060/4755/21 2101/2241/2126 2092/1165/1050
f 4025/2418/2296 4020/2416/2294 4019/2415/2293 4024/2988/2863
f 2320/1339/1224 2315/364/249 2314/363/248 2319/1508/1393
f 1172/3170/3045 2097/2424/2302 1100/4756/94
f 1172/3170/3045 1100/4756/94 1313/1846/1731
f 1313/1846/1731 1100/4756/94 1314/1847/1732
f 3337/2885/2761 3372/2417/2295 3373/3066/2941 3338/4757/4027
f 3338/4757/4027 3329/4758/4028 3330/4759/4029 3337/2885/2761
f 4016/1845/1730 3331/1844/1729 3330/4759/4029 4017/2150/2035
f 2114/1851/1736 2109/2969/2844 1060/4755/21
f 1060/4755/21 2109/2969/2844 1061/4760/21
f 1061/4760/21 2109/2969/2844 1174/2968/2843
f 1061/4760/21 1174/2968/2843 2127/3022/2897
f 4002/978/863 3998/977/862 3997/4761/4030 2908/2806/2682
f 2123/2405/2283 2119/2244/2129 1101/4762/95
f 2123/2405/2283 1101/4762/95 1176/2847/2723
f 1176/2847/2723 1101/4762/95 1303/3332/3201
f 3267/2021/1906 3268/4730/4012 3259/4763/4031 3260/2022/1907
f 3846/2993/2868 3842/321/206 3841/324/209 2884/2994/2869
f 2140/692/577 2135/691/576 1061/4760/21
f 1061/4760/21 2135/691/576 1062/4764/21
f 1062/4764/21 2135/691/576 1178/1681/1566
f 1062/4764/21 1178/1681/1566 2153/1680/1565
f 2149/1541/1426 2145/1540/1425 1102/4765/104
f 2149/1541/1426 1102/4765/104 1180/3183/3058
f 1180/3183/3058 1102/4765/104 1293/3182/3057
f 3357/312/197 3969/311/196 2902/2900/2776 3358/2281/2166
f 1647/669/554 1648/2996/2871 1649/2823/2699 1650/1818/1703
f 3963/1429/1314 3352/1428/1313 3351/3061/2936 3964/2379/2257
f 4227/2209/2094 3375/828/713 3374/4766/4032 4226/3126/3001
f 2166/1825/1710 2161/2713/2589 1062/4764/21
f 1062/4764/21 2161/2713/2589 1063/4604/21
f 1063/4604/21 2161/2713/2589 1182/2712/2588
f 1063/4604/21 1182/2712/2588 2179/1180/1065
f 2000/774/659 1996/1999/1884 1995/2850/2726 1999/785/670
f 3878/2290/2175 3882/2831/2707 3883/2834/2710 3879/2286/2171
f 2175/2374/2252 2171/2373/2251 1103/4767/2215
f 2175/2374/2252 1103/4767/2215 1184/4768/4033
f 1184/4768/4033 1103/4767/2215 1283/279/164
f 3367/2905/2781 3943/2904/2780 2898/4769/4034 3368/4770/4035
f 3367/2905/2781 3368/4770/4035 3359/4771/4036 3360/2953/2829
f 2232/271/156 1657/2838/2714 1656/1530/1415 2233/272/157
f 3937/655/540 3362/1803/1688 3361/1804/1689 3938/656/541
f 2192/1812/1697 2187/3137/3012 1063/4604/21
f 1065/4612/72 2223/2364/2242 1064/87/62
f 1064/87/62 2223/2364/2242 1191/2363/2241
f 1064/87/62 1191/2363/2241 2214/2357/2235
f 1066/4616/110 2249/3180/3055 1065/4612/72
f 1065/4612/72 2249/3180/3055 1195/3268/3143
f 1065/4612/72 1195/3268/3143 2240/2845/2721
f 3879/2286/2171 3883/2834/2710 3884/4772/4037 2887/2285/2170
f 1067/4619/91 2275/2293/2178 1066/4616/110
f 1066/4616/110 2275/2293/2178 1199/2292/2177
f 1066/4616/110 1199/2292/2177 2266/2846/2722
f 1068/4625/92 2301/4773/4038 1067/4619/91
f 1067/4619/91 2301/4773/4038 1203/1909/1794
f 1067/4619/91 1203/1909/1794 2292/1200/1085
f 3827/2300/2185 3831/336/221 3832/4774/4039 2879/2299/2184
f 1069/4628/90 1207/2306/2191 1068/4625/92
f 1068/4625/92 1207/2306/2191 2318/1509/1394
f 1068/4625/92 2318/1509/1394 2313/701/586
f 1070/4631/89 1211/2441/2319 1069/4628/90
f 1069/4628/90 1211/2441/2319 2344/2440/2318
f 1069/4628/90 2344/2440/2318 2339/3264/3139
f 3779/2122/2007 3783/722/607 3771/725/610 3780/2123/2008
f 3436/1394/1279 3440/1393/1278 3441/3051/2926 3437/3230/3105
f 1071/4634/2221 1215/1577/1462 1070/4631/89
f 1070/4631/89 1215/1577/1462 2370/2129/2014
f 1070/4631/89 2370/2129/2014 2365/3184/3059
f 1072/4638/2219 1219/3070/2945 1071/4634/2221
f 1071/4634/2221 1219/3070/2945 2396/3069/2944
f 1071/4634/2221 2396/3069/2944 2391/3260/3135
f 3727/1306/1191 3731/458/343 3719/761/646 3728/2131/2016
f 2020/2475/2353 2024/756/641 2025/759/644 2021/3153/3028
f 1073/4640/2218 2431/497/382 1072/4638/2219
f 1072/4638/2219 2431/497/382 1223/1484/1369
f 1072/4638/2219 1223/1484/1369 2422/1203/1088
f 3697/1207/1092 3701/1206/1091 3702/2544/2422 2859/4775/4040
f 3695/3071/2946 3699/3279/3154 3700/1205/1090 3696/1204/1089
f 1074/4649/63 2457/4776/4041 1073/4640/2218
f 1073/4640/2218 2457/4776/4041 1227/4737/4016
f 1073/4640/2218 1227/4737/4016 2448/1213/1098
f 3671/3141/3016 3675/3142/3017 3676/4777/4042 2855/3140/3015
f 1075/4652/3968 2483/539/424 1074/4649/63
f 1074/4649/63 2483/539/424 1231/4778/4043
f 1074/4649/63 1231/4778/4043 2474/4779/4044
f 1938/1641/1526 1942/1214/1099 1943/3134/3009 1939/2857/2733
f 1076/4656/102 2509/559/444 1075/4652/3968
f 1075/4652/3968 2509/559/444 1235/2158/2043
f 1075/4652/3968 1235/2158/2043 2500/2157/2042
f 1912/1661/1546 1916/2213/2098 1917/836/721 1913/835/720
f 1077/4660/103 1239/2707/2583 1076/4656/102
f 1076/4656/102 1239/2707/2583 2526/4780/4045
f 1076/4656/102 2526/4780/4045 2521/2164/2049
f 1078/4666/107 1243/4781/4046 1077/4660/103
f 1077/4660/103 1243/4781/4046 2552/3027/2902
f 1077/4660/103 2552/3027/2902 2547/3026/2901
f 3571/3086/2961 3575/2167/2052 3563/2169/2054 3572/4782/4047
f 1079/4673/57 1247/2685/2561 1078/4666/107
f 1078/4666/107 1247/2685/2561 2578/1463/1348
f 1078/4666/107 2578/1463/1348 2573/1462/1347
f 1080/4675/56 1251/2670/2546 1079/4673/57
f 1079/4673/57 1251/2670/2546 2604/3034/2909
f 1079/4673/57 2604/3034/2909 2599/3033/2908
f 3519/1440/1325 3523/558/443 3511/2175/2060 3520/1441/1326
f 1081/4681/3986 2639/1090/975 1080/4675/56
f 1080/4675/56 2639/1090/975 1255/3331/3200
f 1080/4675/56 1255/3331/3200 2630/3330/3199
f 3489/1972/1857 3493/4672/3981 3494/4671/3980 2827/4783/4048
f 3487/1414/1299 3491/2661/2537 3492/4678/3984 3488/1411/1296
f 1082/4687/118 2665/3233/3108 1081/4681/3986
f 1081/4681/3986 2665/3233/3108 1259/2016/1901
f 1081/4681/3986 1259/2016/1901 2656/2015/1900
f 1756/962/847 1760/967/852 1761/973/858 1757/1401/1286
f 1083/4689/117 2691/1051/936 1082/4687/118
f 1082/4687/118 2691/1051/936 1263/2006/1891
f 1082/4687/118 1263/2006/1891 2682/2005/1890
f 4046/2435/2313 4051/2126/2011 4052/1332/1217 4047/2436/2314
f 1084/4693/2216 2717/2632/2508 1083/4689/117
f 1083/4689/117 2717/2632/2508 1267/4698/3995
f 1083/4689/117 1267/4698/3995 2708/1036/921
f 1704/1294/1179 1708/1293/1178 1709/3102/2977 1705/1139/1024
f 1085/4699/66 1111/1010/895 1084/4784/2216
f 1084/4784/2216 1111/1010/895 1694/1009/894
f 1084/4784/2216 1694/1009/894 1689/2956/2832
f 3505/638/523 3506/2305/2190 3501/1192/1077 3500/1191/1076
f 1086/4701/67 1115/2640/2516 1085/4699/66
f 1085/4699/66 1115/2640/2516 1720/2639/2515
f 1085/4699/66 1720/2639/2515 1715/2865/2741
f 4403/2869/2745 4407/2868/2744 4395/3222/3097 4404/4785/4049
f 2696/1053/938 2700/994/879 2701/3056/2931 2697/3055/2930
f 1087/4707/4000 1119/964/849 1086/4701/67
f 1086/4701/67 1119/964/849 1746/2971/2846
f 1086/4701/67 1746/2971/2846 1741/3039/2914
f 3455/4786/4050 2822/960/845 3449/959/844 3454/3232/3107
f 1088/4710/4002 1123/4787/4051 1087/4707/4000
f 1087/4707/4000 1123/4787/4051 1772/4788/4052
f 1087/4707/4000 1772/4788/4052 1767/4789/4053
f 4351/3217/3092 4355/2872/2748 4343/2875/2751 4352/3218/3093
f 1089/4713/3541 1807/918/803 1088/4710/4002
f 1088/4710/4002 1807/918/803 1127/2576/2454
f 1088/4710/4002 1127/2576/2454 1798/3216/3091
f 4320/1716/1601 4324/3210/3085 4325/3211/3086 4321/3212/3087
f 1090/4715/116 1833/890/775 1089/4713/3541
f 1089/4713/3541 1833/890/775 1131/4790/4054
f 1089/4713/3541 1131/4790/4054 1824/3209/3084
f 3509/637/522 3514/1448/1333 3515/1439/1324 3510/2477/2355
f 1091/4720/109 1859/1950/1835 1090/4715/116
f 1090/4715/116 1859/1950/1835 1135/1949/1834
f 1090/4715/116 1135/1949/1834 1850/4791/4055
f 1092/4722/93 1885/3124/2999 1091/4720/109
f 1091/4720/109 1885/3124/2999 1139/4659/3972
f 1091/4720/109 1139/4659/3972 1876/3196/3071
f 1093/4728/73 1143/832/717 1092/4722/93
f 1092/4722/93 1143/832/717 1902/831/716
f 1092/4722/93 1902/831/716 1897/4792/4056
f 3604/2052/1937 3609/1914/1799 3610/1133/1018 3605/1132/1017
f 1094/4733/54 1147/1645/1530 1093/4728/73
f 1093/4728/73 1147/1645/1530 1928/812/697
f 1093/4728/73 1928/812/697 1923/811/696
f 4195/537/422 4199/3246/3121 4187/4793/4057 4196/4794/4058
f 1095/4738/4017 1151/1616/1501 1094/4733/54
f 1094/4733/54 1151/1616/1501 1954/3143/3018
f 1094/4733/54 1954/3143/3018 1949/1895/1780
f 3663/2734/2610 2854/3164/3039 3657/1888/1773 3662/1887/1772
f 1096/4742/4020 1155/1597/1482 1095/4738/4017
f 1095/4738/4017 1155/1597/1482 1980/2982/2857
f 1095/4738/4017 1980/2982/2857 1975/2981/2856
f 4143/550/435 4147/549/434 4135/4795/4059 4144/2501/2379
f 2436/499/384 2440/1145/1030 2441/2065/1950 2437/2064/1949
f 1097/4746/88 2015/3146/3021 1096/4742/4020
f 1096/4742/4020 2015/3146/3021 1159/1594/1479
f 1096/4742/4020 1159/1594/1479 2006/1593/1478
f 4113/3148/3023 4117/3321/3192 4118/4796/4060 2923/4797/4061
f 4111/2766/2642 4115/2765/2641 4116/3320/3191 4112/3151/3026
f 1098/4750/87 2041/3160/3035 1097/4746/88
f 1097/4746/88 2041/3160/3035 1163/2455/2333
f 1097/4746/88 1163/2455/2333 2032/2454/2332
f 4302/1706/1591 3221/2680/2556 3220/2681/2557 4303/2877/2753
f 1099/4753/3548 2067/1565/1450 1098/4750/87
f 1098/4750/87 2067/1565/1450 1167/1564/1449
f 1098/4750/87 1167/1564/1449 2058/2443/2321
f 4060/746/631 4064/1860/1745 4065/414/299 4061/413/298
f 1100/4756/94 2093/2423/2301 1099/4753/3548
f 1099/4753/3548 2093/2423/2301 1171/1561/1446
f 1099/4753/3548 1171/1561/1446 2084/40/33
f 4034/734/619 4038/733/618 4039/2426/2304 4035/2425/2303
f 1101/4762/95 1175/2243/2128 1100/4756/94
f 1100/4756/94 1175/2243/2128 2110/2407/2285
f 1100/4756/94 2110/2407/2285 2105/1171/1056
f 4013/1342/1227 4017/2150/2035 4005/4798/4062 4014/1343/1228
f 3152/1258/1143 3151/2594/2472 3474/1097/982 3475/1259/1144
f 1102/4765/104 1179/2246/2131 1101/4762/95
f 1101/4762/95 1179/2246/2131 2136/2398/2276
f 1101/4762/95 2136/2398/2276 2131/2397/2275
f 3987/1348/1233 3991/2093/1978 3979/4799/4063 3988/1349/1234
f 3162/958/843 3161/2645/2521 3448/4686/3990 3449/959/844
f 1103/4767/2215 1183/2375/2253 1102/4765/104
f 1102/4765/104 1183/2375/2253 2162/2200/2085
f 1102/4765/104 2162/2200/2085 2157/2199/2084
f 1416/2811/2687 1415/881/766 1846/880/765 1847/2979/2854
f 1064/87/62 1187/4800/4064 1103/4767/2215
f 1103/4767/2215 1187/4800/4064 2188/2367/2245
f 1103/4767/2215 2188/2367/2245 2183/2366/2244
f 3935/3272/3147 3939/4609/3945 3927/4801/4065 3936/3273/3148
f 1044/4695/44 1104/4802/2841 1678/1109/994
f 1104/2966/2841 1044/4691/44 1469/2967/2842
f 1469/2967/2842 1044/4691/44 2716/1792/1677
f 1502/2547/2425 1503/4803/4066 1494/1104/989 1495/1102/987
f 1105/2629/1252 1677/1106/991 1678/1109/994 1104/4802/2841
f 1676/2628/2505 1106/2627/1250 1107/3325/1251 1675/2954/2830
f 1675/2954/2830 1690/2957/2833 1691/3310/3181 1676/2628/2505
f 1108/3324/2835 1084/4784/2216 1674/2955/2831
f 1674/2955/2831 1084/4784/2216 1689/2956/2832
f 3382/3335/3204 3397/1997/1882 2814/1996/1881 3383/4804/4067
f 1044/4695/44 1678/1109/994 1109/1108/993
f 1045/4696/21 1702/1026/911 1459/1025/910
f 1482/1059/944 2706/1027/912 1265/1030/915 1483/1060/945
f 3186/2616/2494 3185/1282/1167 4409/1281/1166 4410/2617/2495
f 1085/4699/66 1703/1291/1176 1111/1010/895
f 4425/2621/2499 2971/3226/3101 4412/3294/3169 4420/2622/2500
f 4418/3237/3112 4423/4805/4068 4424/2620/2498 4419/2619/2497
f 2720/1369/1254 1266/1372/1257 2707/4690/3991 2715/3227/3102
f 1113/989/874 1045/4696/21 1468/990/875
f 1468/990/875 1045/4696/21 1459/1025/910
f 3764/407/292 3759/1498/1383 3758/1497/1382 3763/4806/4069
f 1046/4700/21 1728/1006/891 1449/1005/890
f 3196/2643/2519 3195/4807/4070 4383/4808/4071 4384/1302/1187
f 1085/4699/66 1715/2865/2741 1464/4809/4072
f 1086/4701/67 1729/2898/2774 1115/2640/2516
f 1263/2006/1891 2691/1051/936 2692/1054/939 2687/2003/1888
f 2688/3111/2986 2684/1050/935 2683/2004/1889 2687/2003/1888
f 4392/3109/2984 4397/3221/3096 4398/2610/2488 4393/2609/2487
f 3435/1391/1276 3430/1992/1877 2820/4810/4073 3434/2641/2517
f 1117/952/837 1046/4700/21 1458/953/838
f 1458/953/838 1046/4700/21 1449/1005/890
f 3192/2600/2478 3193/2599/2477 3194/4811/4074 3195/4807/4070
f 1047/4705/21 1754/1982/1867 1439/4812/4075
f 1086/4701/67 1741/3039/2914 1454/1263/1148
f 4381/3219/3094 3190/4704/3998 3189/4813/4076 4369/3326/3195
f 1087/4707/4000 1755/965/850 1119/964/849
f 4373/2596/2474 2963/4814/4077 4360/1548/1433 4368/1551/1436
f 4366/1762/1647 4371/1761/1646 4372/1763/1648 4367/1978/1863
f 1121/1745/1630 1047/4705/21 1448/4815/4078
f 1448/4815/4078 1047/4705/21 1439/4812/4075
f 1048/4709/21 1780/1976/1861 1429/2903/2779
f 1512/2319/2204 2628/1088/973 1253/4816/4079 1513/2320/2205
f 3217/2586/2464 3216/2585/2463 4332/2667/2543 4333/1732/1617
f 1087/4707/4000 1767/4789/4053 1444/1753/1638
f 1088/4710/4002 1781/942/827 1123/4787/4051
f 1255/3331/3200 2639/1090/975 2640/1093/978 2635/3114/2989
f 1657/2838/2714 1660/2835/2711 1661/1182/1067 1656/1530/1415
f 1125/912/797 1048/4709/21 1438/913/798
f 1438/913/798 1048/4709/21 1429/2903/2779
f 1049/4712/21 1806/2673/2549 1419/933/818
f 1088/4710/4002 1793/3215/3090 1434/3291/3166
f 1129/884/769 1049/4712/21 1428/885/770
f 1428/885/770 1049/4712/21 1419/933/818
f 1050/4714/21 1832/613/498 1409/612/497
f 1532/2047/1932 2576/1254/1139 1245/2687/2563 1533/2048/1933
f 1819/3208/3083 1424/1959/1844 1089/4713/3541
f 1819/3208/3083 1089/4713/3541 1824/3209/3084
f 1133/876/761 1050/4714/21 1418/877/762
f 1418/877/762 1050/4714/21 1409/612/497
f 1051/4718/21 1858/2194/2079 1399/4817/4080
f 2246/290/175 2242/285/170 2241/284/169 2245/2287/2172
f 1845/879/764 1414/878/763 1090/4715/116
f 1845/879/764 1090/4715/116 1850/4791/4055
f 1137/2204/2089 1051/4718/21 1408/2205/2090
f 1408/2205/2090 1051/4718/21 1399/4817/4080
f 1052/4721/3632 1884/873/758 1389/872/757
f 1871/3195/3070 1404/2880/2756 1091/4720/109
f 1871/3195/3070 1091/4720/109 1876/3196/3071
f 1052/4721/3632 1398/2212/2097 1683/2211/2096
f 3256/826/711 3251/2934/2810 3252/1665/1550 3255/827/712
f 1052/4721/3632 1683/2211/2096 1141/2542/2420
f 1053/4726/21 1910/800/685 1379/799/684
f 3087/2486/2364 3625/2724/2600 2849/4818/4081 3088/2487/2365
f 1561/1655/1540 1560/1226/1111 2496/1225/1110 2497/1229/1114
f 1092/4722/93 1897/4792/4056 1679/3285/3160
f 3387/3192/3067 3605/1132/1017 2846/1131/1016 3388/4819/4082
f 1093/4728/73 1911/1662/1547 1143/832/717
f 4217/2718/2594 2939/4820/4083 4204/1657/1542 4212/1660/1545
f 4210/1236/1121 4215/1235/1120 4216/2539/2417 4211/1994/1879
f 2512/2540/2418 1234/2541/2419 2499/4653/3969 2507/1231/1116
f 1145/2412/2290 1053/4726/21 1388/2219/2104
f 1388/2219/2104 1053/4726/21 1379/799/684
f 1054/4732/21 1936/1726/1611 1369/1632/1517
f 1093/4728/73 1923/811/696 1384/3284/3159
f 4199/3246/3121 3260/2022/1907 3259/4763/4031 4187/4793/4057
f 1094/4733/54 1937/1640/1525 1147/1645/1530
f 1231/4778/4043 2483/539/424 2484/542/427 2479/1219/1104
f 4184/2659/2535 4189/2658/2534 4190/535/420 4185/3133/3008
f 1149/1479/1364 1054/4732/21 1378/1631/1516
f 1378/1631/1516 1054/4732/21 1369/1632/1517
f 1572/524/409 1573/1135/1020 1564/4821/4084 1565/2061/1946
f 1055/4735/21 1962/2197/2082 1359/4822/4085
f 1094/4733/54 1949/1895/1780 1374/1894/1779
f 4173/630/515 3270/1141/1026 3269/2730/2606 4161/3333/3202
f 1095/4738/4017 1963/1617/1502 1151/1616/1501
f 1153/3011/2886 1055/4735/21 1368/3012/2887
f 1368/3012/2887 1055/4735/21 1359/4822/4085
f 1056/4741/21 1988/777/662 1349/776/661
f 1592/2488/2366 2420/485/370 1221/4823/4086 1593/2489/2367
f 3297/9/7 3296/2496/2374 4124/2495/2373 4125/2849/2725
f 1095/4738/4017 1975/2981/2856 1364/1877/1762
f 4147/549/434 3280/1610/1495 3279/4642/3961 4135/4795/4059
f 1096/4742/4020 1989/1598/1483 1155/1597/1482
f 2928/2758/2634 4136/2751/2627 4137/2754/2630 4132/2755/2631
f 1157/1612/1497 1056/4741/21 1358/1613/1498
f 1358/1613/1498 1056/4741/21 1349/776/661
f 1057/4744/21 2014/753/638 1339/752/637
f 4097/2224/2109 3305/2466/2344 3304/2465/2343 4096/2225/2110
f 1600/450/335 2392/3259/3134 2393/460/345 1601/454/339
f 1096/4742/4020 2001/4824/4087 1354/4825/4088
f 1161/3162/3037 1057/4744/21 1348/2227/2112
f 1348/2227/2112 1057/4744/21 1339/752/637
f 1058/4748/21 2040/741/626 1329/740/625
f 1610/2887/2763 2366/2449/2327 2367/425/310 1611/2778/2654
f 2027/2984/2859 1344/1869/1754 1097/4746/88
f 2027/2984/2859 1097/4746/88 2032/2454/2332
f 1165/1571/1456 1058/4748/21 1338/1572/1457
f 1338/1572/1457 1058/4748/21 1329/740/625
f 1059/4752/21 2066/2509/2387 1319/2508/2386
f 2053/2781/2657 1334/2780/2656 1098/4750/87
f 2053/2781/2657 1098/4750/87 2058/2443/2321
f 1169/3014/2889 1059/4752/21 1328/3015/2890
f 1328/3015/2890 1059/4752/21 1319/2508/2386
f 1060/4755/21 2092/1165/1050 1309/1164/1049
f 1667/3255/3130 2316/2801/2677 1205/4826/4089 1668/3256/3131
f 2079/39/32 1324/2893/2769 1099/4753/3548
f 2079/39/32 1099/4753/3548 2084/40/33
f 1060/4755/21 1318/1558/1443 1688/1557/1442
f 1060/4755/21 1688/1557/1442 1173/1850/1735
f 3811/4623/3953 3390/1606/1491 3389/1605/1490 3810/4827/4090
f 1061/4760/21 2118/2401/2279 1299/2400/2278
f 1522/2317/2202 2602/633/518 1249/632/517 1523/2318/2203
f 3834/338/223 3006/1832/1717 3005/334/219 3835/335/220
f 1100/4756/94 2105/1171/1056 1684/1170/1055
f 4017/2150/2035 3330/4759/4029 3329/4758/4028 4005/4798/4062
f 1101/4762/95 2119/2244/2129 1175/2243/2128
f 4009/1341/1226 2907/1344/1229 3996/3266/3141 4004/2404/2282
f 4002/978/863 4007/2808/2684 4008/4828/4091 4003/975/860
f 1177/1521/1406 1061/4760/21 1308/1522/1407
f 1308/1522/1407 1061/4760/21 1299/2400/2278
f 1062/4764/21 2144/3105/2980 1289/1538/1423
f 3356/309/194 3355/2386/2264 3967/2385/2263 3968/310/195
f 1101/4762/95 2131/2397/2275 1304/2992/2867
f 3991/2093/1978 3340/1173/1058 3339/3177/3052 3979/4799/4063
f 1102/4765/104 2145/1540/1425 1179/2246/2131
f 1181/1824/1709 1062/4764/21 1298/1537/1422
f 1298/1537/1422 1062/4764/21 1289/1538/1423
f 3352/1428/1313 3353/1427/1312 3354/2383/2261 3355/2386/2264
f 1063/4604/21 2170/1179/1064 1279/4829/4092
f 3364/2371/2249 3940/646/531 3941/645/530 3365/1534/1419
f 1102/4765/104 2157/2199/2084 1294/3024/2899
f 3965/2376/2254 3350/2283/2168 3349/2282/2167 3953/2377/2255
f 1103/4767/2215 2171/2373/2251 1183/2375/2253
f 3957/2138/2023 2899/2141/2026 3944/2249/2134 3952/2252/2137
f 3950/292/177 3955/674/559 3956/3179/3054 3951/2257/2142
f 2900/295/180 3954/671/556 3955/674/559 3950/292/177
f 1185/1810/1695 1063/4604/21 1288/1811/1696
f 1288/1811/1696 1063/4604/21 1279/4829/4092
f 1024/4605/21 2196/1186/1071 1269/3308/3179
f 3915/4607/3944 2980/1794/1679 2979/2359/2237 3914/4830/4093
f 1275/2999/2874 2210/2355/2233 2211/2358/2236 1276/2907/2783
f 1103/4767/2215 2183/2366/2244 1284/276/161
f 3939/4609/3945 3360/2953/2829 3359/4771/4036 3927/4801/4065
f 1064/87/62 2197/2260/2145 1187/4800/4064
f 2891/2280/2165 3892/4831/4094 3900/3269/3144 3905/2277/2162
f 2219/2265/2150 2224/2365/2243 2225/4832/4095 2220/2262/2147
f 2896/3271/3146 3928/4633/3957 3929/2267/2152 3924/2266/2151
f 1189/1801/1686 1024/4605/21 1278/1802/1687
f 1278/1802/1687 1024/4605/21 1269/3308/3179
f 1025/4608/21 2222/264/149 1654/1528/1413
f 3889/268/153 2990/3058/2933 2989/4833/4096 3888/4834/4097
f 3938/656/541 3361/1804/1689 3360/2953/2829 3939/4609/3945
f 2184/651/536 1285/277/162 1284/276/161 2183/2366/2244
f 1064/87/62 2209/2356/2234 1274/2998/2873
f 1193/2094/1979 1025/4608/21 1663/1527/1412
f 1663/1527/1412 1025/4608/21 1654/1528/1413
f 1026/4614/21 2248/3249/3124 1644/1526/1411
f 1295/2950/2826 2158/2198/2083 2159/2826/2702 1296/2901/2777
f 2235/2837/2713 1659/2836/2712 1065/4612/72
f 2235/2837/2713 1065/4612/72 2240/2845/2721
f 1197/1177/1062 1026/4614/21 1653/1525/1410
f 1653/1525/1410 1026/4614/21 1644/1526/1411
f 1027/4617/21 2274/1839/1724 1634/1518/1403
f 2261/2824/2700 1649/2823/2699 1066/4616/110
f 2261/2824/2700 1066/4616/110 2266/2846/2722
f 1201/676/561 1027/4617/21 1643/1517/1402
f 1643/1517/1402 1027/4617/21 1634/1518/1403
f 1028/4622/21 2300/347/232 1624/1511/1396
f 3497/1425/1310 3493/4672/3981 3492/4678/3984 3496/1422/1307
f 3506/2305/2190 3510/2477/2355 3502/2476/2354 3507/2303/2188
f 2287/1199/1084 1639/2813/2689 1067/4619/91
f 2287/1199/1084 1067/4619/91 2292/1200/1085
f 1028/4622/21 1633/1510/1395 1668/3256/3131
f 4034/734/619 4029/4835/4098 4028/735/620 4033/731/616
f 1028/4622/21 1668/3256/3131 1205/4826/4089
f 1542/3313/3184 2550/2861/2737 1241/4836/4099 1543/4837/4100
f 1029/4627/21 2326/1507/1392 1614/1506/1391
f 1326/2433/2311 2081/729/614 2082/3013/2888 1327/2434/2312
f 1068/4625/92 2313/701/586 1664/358/243
f 3809/2420/2298 3015/2804/2680 3014/2803/2679 3797/2421/2299
f 1069/4628/90 2327/3063/2938 1207/2306/2191
f 1209/396/281 1029/4627/21 1623/1158/1043
f 1623/1158/1043 1029/4627/21 1614/1506/1391
f 1030/4630/21 2352/1396/1281 1604/2083/1968
f 1069/4628/90 2339/3264/3139 1619/379/264
f 1070/4631/89 2353/2782/2658 1211/2441/2319
f 1213/2818/2694 1030/4630/21 1613/2082/1967
f 1613/2082/1967 1030/4630/21 1604/2083/1968
f 1031/4632/21 2378/1488/1373 1594/2077/1962
f 4093/1866/1751 3302/2462/2340 3301/3185/3060 4094/1864/1749
f 3022/2805/2681 3015/2804/2680 3016/367/252 3021/1166/1051
f 1070/4631/89 2365/3184/3059 1609/2886/2762
f 1071/4634/2221 2379/445/330 1215/1577/1462
f 2044/2773/2649 1162/2776/2652 2031/2458/2336 2039/2461/2339
f 1217/463/348 1031/4632/21 1603/1148/1033
f 1603/1148/1033 1031/4632/21 1594/2077/1962
f 1032/4637/21 2404/1486/1371 1584/2490/2368
f 1071/4634/2221 2391/3260/3135 1599/449/334
f 1072/4638/2219 2405/475/360 1219/3070/2945
f 2018/3155/3030 1158/4636/3959 2005/2482/2360 2013/2480/2358
f 1221/4823/4086 1032/4637/21 1593/2489/2367
f 1593/2489/2367 1032/4637/21 1584/2490/2368
f 1033/4639/21 2430/1483/1368 1574/2067/1952
f 3072/2744/2620 3071/2066/1951 3682/2039/1924 3683/2746/2622
f 1072/4638/2219 2417/1202/1087 1589/2759/2635
f 1352/783/668 1998/782/667 1156/2499/2377 1353/4743/4021
f 1225/788/673 1033/4639/21 1583/789/674
f 1583/789/674 1033/4639/21 1574/2067/1952
f 1034/4647/21 2456/3144/3019 1564/4821/4084
f 2443/1212/1097 1579/4641/3960 1073/4640/2218
f 2443/1212/1097 1073/4640/2218 2448/1213/1098
f 1229/1134/1019 1034/4647/21 1573/1135/1020
f 1573/1135/1020 1034/4647/21 1564/4821/4084
f 1035/4650/21 2482/1648/1533 1554/2056/1941
f 3090/2485/2363 3629/3247/3122 3630/1904/1789 3091/3191/3066
f 1924/810/695 1385/1906/1791 1384/3284/3159 1923/811/696
f 2469/3081/2956 1569/1626/1511 1074/4649/63
f 2469/3081/2956 1074/4649/63 2474/4779/4044
f 1233/2723/2599 1035/4650/21 1563/2058/1943
f 1563/2058/1943 1035/4650/21 1554/2056/1941
f 1036/4654/80 2508/1058/943 1544/1057/942
f 2495/1224/1109 1559/1223/1108 1075/4652/3968
f 2495/1224/1109 1075/4652/3968 2500/2157/2042
f 1036/4654/80 1553/1129/1014 1673/1128/1013
f 3254/4838/4101 3374/4766/4032 3375/828/713 3255/827/712
f 1036/4654/80 1673/1128/1013 1237/868/753
f 1037/4658/21 2534/1683/1568 1534/2553/2431
f 1076/4656/102 2521/2164/2049 1669/2163/2048
f 3377/2716/2592 4229/704/589 2942/703/588 3378/4723/4007
f 1077/4660/103 2535/2708/2584 1239/2707/2583
f 3593/424/309 2843/4839/4102 3580/1122/1007 3588/1125/1010
f 1637/683/568 1640/2812/2688 1641/2535/2413 1636/1523/1408
f 1241/4836/4099 1037/4658/21 1543/4837/4100
f 1543/4837/4100 1037/4658/21 1534/2553/2431
f 1038/4663/21 2560/1113/998 1524/1112/997
f 4275/4840/4103 3232/607/492 3231/606/491 4276/2391/2269
f 1077/4660/103 2547/3026/2901 1539/2860/2736
f 4225/2104/1989 3250/2935/2811 3249/4725/4009 4213/2105/1990
f 1078/4666/107 2561/4665/3976 1243/4781/4046
f 3560/1932/1817 3565/3087/2962 3566/2699/2575 3561/1929/1814
f 2840/3030/2905 3564/4841/4104 3565/3087/2962 3560/1932/1817
f 1245/2687/2563 1038/4663/21 1533/2048/1933
f 1533/2048/1933 1038/4663/21 1524/1112/997
f 1417/874/759 1418/877/762 1409/612/497 1410/611/496
f 1039/4670/21 2586/2041/1926 1514/2042/1927
f 3222/3239/3114 4301/1708/1593 2953/2925/2801 3223/3240/3115
f 1078/4666/107 2573/1462/1347 1529/1693/1578
f 3549/2171/2056 3115/2690/2566 3114/4716/4004 3537/3031/2906
f 1079/4673/57 2587/1953/1838 1247/2685/2561
f 3541/1449/1334 2835/1452/1337 3528/4842/4105 3536/3328/3197
f 3534/617/502 3539/616/501 3540/1457/1342 3535/2926/2802
f 1249/632/517 1039/4670/21 1523/2318/2203
f 1523/2318/2203 1039/4670/21 1514/2042/1927
f 1040/4674/21 2612/2829/2705 1504/2321/2206
f 1079/4673/57 2599/3033/2908 1519/622/507
f 1128/1715/1600 1423/1958/1843 1422/1957/1842 1816/922/807
f 1080/4675/56 2613/641/526 1251/2670/2546
f 4321/3212/3087 4316/3035/2910 4315/1717/1602 4320/1716/1601
f 1253/4816/4079 1040/4674/21 1513/2320/2205
f 1513/2320/2205 1040/4674/21 1504/2321/2206
f 3214/4843/4106 3215/2665/2541 3212/2581/2459 3213/2582/2460
f 1041/4679/21 2638/1105/990 1494/1104/989
f 1447/2191/2076 1770/1746/1631 1121/1745/1630 1448/4815/4078
f 1080/4675/56 2625/1421/1306 1509/1420/1305
f 3853/4754/4026 3857/1198/1083 3858/1197/1082 2883/4844/4107
f 1257/4845/4108 1041/4679/21 1503/4803/4066
f 1503/4803/4066 1041/4679/21 1494/1104/989
f 1042/4685/21 2664/1083/968 1484/1082/967
f 4406/2867/2743 3181/3001/2876 3180/2638/2514 4407/2868/2744
f 2651/3044/2919 1499/4682/3987 1081/4681/3986
f 2651/3044/2919 1081/4681/3986 2656/2015/1900
f 1261/1048/933 1042/4685/21 1493/1085/970
f 1493/1085/970 1042/4685/21 1484/1082/967
f 1457/950/835 1458/953/838 1449/1005/890 1450/1004/889
f 1043/4688/21 2690/2008/1893 1474/1061/946
f 1465/4846/4109 1716/1987/1872 1717/1785/1670 1466/4847/4110
f 1716/1987/1872 1465/4846/4109 1464/4809/4072 1715/2865/2741
f 2677/2605/2483 1489/2604/2482 1082/4687/118
f 2677/2605/2483 1082/4687/118 2682/2005/1890
f 1265/1030/915 1043/4688/21 1483/1060/945
f 1483/1060/945 1043/4688/21 1474/1061/946
f 2703/1035/920 1479/3057/2932 1083/4689/117
f 2703/1035/920 1083/4689/117 2708/1036/921
f 1064/87/62 1274/2998/2873 1273/1194/1079
f 2208/1185/1070 1270/2908/2784 1269/3308/3179 2196/1186/1071
f 1189/1801/1686 2218/2276/2161 1024/4605/21
f 1103/4767/2215 1284/276/161 1283/279/164
f 2897/2369/2247 3363/2370/2248 3362/1803/1688 3937/655/540
f 1185/1810/1695 2192/1812/1697 1063/4604/21
f 1102/4765/104 1294/3024/2899 1293/3182/3057
f 1181/1824/1709 2166/1825/1710 1062/4764/21
f 3625/2724/2600 3087/2486/2364 3086/969/854 3626/968/853
f 1101/4762/95 1304/2992/2867 1303/3332/3201
f 1177/1521/1406 2140/692/577 1061/4760/21
f 2093/2423/2301 1100/4756/94 2097/2424/2302
f 1684/1170/1055 1314/1847/1732 1100/4756/94
f 1318/1558/1443 1060/4755/21 1309/1164/1049
f 2067/1565/1450 1099/4753/3548 2071/2438/2316
f 1059/4752/21 1169/3014/2889 2088/2797/2673
f 1606/2891/2767 1611/2778/2654 1612/2081/1966 1605/2084/1969
f 2041/3160/3035 1098/4750/87 2045/4749/4024
f 3312/1574/1459 4067/1862/1747 2917/4848/4111 3313/2447/2325
f 1058/4748/21 1165/1571/1456 2062/402/287
f 2103/700/585 1311/699/584 1310/1163/1048 2104/1162/1047
f 3046/456/341 3051/1150/1035 3052/2668/2544 3045/457/342
f 2015/3146/3021 1097/4746/88 2019/2474/2352
f 1057/4744/21 1161/3162/3037 2036/2459/2337
f 1096/4742/4020 1354/4825/4088 1353/4743/4021
f 3292/1315/1200 4119/1314/1199 2925/4849/4112 3293/4850/4113
f 1157/1612/1497 2010/2483/2361 1056/4741/21
f 3282/2506/2384 3285/2512/2390 3286/1608/1493 3281/1607/1492
f 1095/4738/4017 1364/1877/1762 1363/794/679
f 1153/3011/2886 1984/1878/1763 1055/4735/21
f 1094/4733/54 1374/1894/1779 1373/3283/3158
f 1149/1479/1364 1958/1478/1363 1054/4732/21
f 1093/4728/73 1384/3284/3159 1383/2882/2758
f 1145/2412/2290 1932/2611/2489 1053/4726/21
f 3101/1672/1557 3096/4711/4003 3097/2931/2807 3100/1673/1558
f 1885/3124/2999 1092/4722/93 1889/3125/3000
f 1679/3285/3160 1394/2881/2757 1092/4722/93
f 1398/2212/2097 1052/4721/3632 1389/872/757
f 3241/2701/2577 3242/1118/1003 3245/592/477 3246/1688/1573
f 1859/1950/1835 1091/4720/109 1863/1951/1836
f 3109/844/729 3576/3244/3119 3577/1684/1569 3110/845/730
f 1051/4718/21 1137/2204/2089 1880/3025/2900
f 1526/3242/3117 1531/1252/1137 1532/2047/1932 1525/1111/996
f 3231/606/491 3236/609/494 3237/2565/2443 3230/3287/3162
f 1833/890/775 1090/4715/116 1837/891/776
f 3232/607/492 4275/4840/4103 2949/4851/4114 3233/3290/3165
f 1050/4714/21 1133/876/761 1854/1692/1577
f 4275/4840/4103 4271/3198/3073 4270/3197/3072 2949/4851/4114
f 3076/887/772 3081/1629/1514 3082/3163/3038 3075/888/773
f 1807/918/803 1089/4713/3541 1811/919/804
f 3129/3119/2994 3524/4852/4115 3525/3238/3113 3130/2678/2554
f 1049/4712/21 1129/884/769 1828/1705/1590
f 1088/4710/4002 1434/3291/3166 1433/2590/2468
f 1125/912/797 1802/1724/1609 1048/4709/21
f 1087/4707/4000 1444/1753/1638 1443/1404/1289
f 1121/1745/1630 1776/1743/1628 1047/4705/21
f 1437/910/795 1436/917/802 1795/916/801 1796/911/796
f 1086/4701/67 1454/1263/1148 1453/1265/1150
f 1117/952/837 1750/1774/1659 1046/4700/21
f 4107/3150/3025 4103/2472/2350 4102/2223/2108 4106/3156/3031
f 1085/4699/66 1464/4809/4072 1463/2618/2496
f 2702/2007/1892 1475/1062/947 1474/1061/946 2690/2008/1893
f 1113/989/874 1724/1783/1668 1045/4696/21
f 2717/2632/2508 1084/4693/2216 2721/2633/2509
f 1367/2510/2388 1366/1876/1761 1977/1875/1760 1978/2983/2858
f 1461/2186/2071 1462/2185/2070 1465/4846/4109 1466/4847/4110
f 2691/1051/936 1083/4689/117 2695/1052/937
f 1043/4688/21 1265/1030/915 2712/1029/914
f 4414/3236/3111 4409/1281/1166 4408/1280/1165 4413/3250/3125
f 3192/2600/2478 3195/4807/4070 3196/2643/2519 3191/4703/3997
f 2038/2456/2334 2043/1326/1211 2044/2773/2649 2039/2461/2339
f 2665/3233/3108 1082/4687/118 2669/3234/3109
f 1042/4685/21 1261/1048/933 2686/1047/932
f 3443/1269/1154 3439/1392/1277 3438/2642/2518 2821/3096/2971
f 3146/1262/1147 3147/1043/928 3150/1042/927 3151/2594/2472
f 3206/4683/3988 3205/986/871 4357/985/870 4358/4684/3989
f 2639/1090/975 1081/4681/3986 2643/1091/976
f 3147/1043/928 3469/1063/948 2825/1066/951 3148/1044/929
f 1041/4679/21 1257/4845/4108 2660/1756/1641
f 3211/2584/2462 3212/2581/2459 3215/2665/2541 3216/2585/2463
f 1080/4675/56 1509/1420/1305 1508/2324/2209
f 3863/1815/1700 3000/1814/1699 2999/2380/2258 3862/2827/2703
f 1253/4816/4079 2634/2176/2061 1040/4674/21
f 1079/4673/57 1519/622/507 1518/625/510
f 1818/930/815 1420/929/814 1419/933/818 1806/2673/2549
f 1249/632/517 2608/631/516 1039/4670/21
f 4276/2391/2269 4272/2390/2268 4271/3198/3073 4275/4840/4103
f 1078/4666/107 1529/1693/1578 1528/3289/3164
f 1245/2687/2563 2582/1257/1142 1038/4663/21
f 1077/4660/103 1539/2860/2736 1538/650/535
f 1241/4836/4099 2556/1249/1134 1037/4658/21
f 4388/3108/2983 4383/4808/4071 4382/4853/4116 4387/4854/4117
f 1681/1669/1554 1396/567/452 1395/570/455 1680/3286/3161
f 2509/559/444 1076/4656/102 2513/560/445
f 1669/2163/2048 1549/4657/3971 1076/4656/102
f 1553/1129/1014 1036/4654/80 1544/1057/942
f 3086/969/854 3087/2486/2364 3090/2485/2363 3091/3191/3066
f 3086/969/854 3091/3191/3066 3092/543/428 3085/970/855
f 2483/539/424 1075/4652/3968 2487/540/425
f 1035/4650/21 1233/2723/2599 2504/2722/2598
f 3625/2724/2600 3621/2721/2597 3620/2720/2596 2849/4818/4081
f 3272/1639/1524 3275/2519/2397 3276/2520/2398 3271/1140/1025
f 3276/2520/2398 3275/2519/2397 4175/822/707 4176/2521/2399
f 2457/4776/4041 1074/4649/63 2461/4648/3966
f 1034/4647/21 1229/1134/1019 2478/819/704
f 3066/2741/2617 3067/716/601 3070/715/600 3071/2066/1951
f 1361/792/677 1362/791/676 1365/1873/1758 1366/1876/1761
f 2431/497/382 1073/4640/2218 2435/498/383
f 1974/505/390 1360/2511/2389 1359/4822/4085 1962/2197/2082
f 1033/4639/21 1225/788/673 2452/4736/4015
f 3677/2740/2616 3673/2739/2615 3672/2738/2614 2857/2917/2793
f 2658/3094/2969 2662/2013/1898 2663/1758/1643 2659/1757/1642
f 1072/4638/2219 1589/2759/2635 1588/2760/2636
f 1542/3313/3184 1543/4837/4100 1534/2553/2431 1535/2552/2430
f 1221/4823/4086 2426/488/373 1032/4637/21
f 3301/3185/3060 3302/2462/2340 3305/2466/2344 3306/2469/2347
f 1071/4634/2221 1599/449/334 1598/452/337
f 2865/2768/2644 3048/3253/3128 3047/755/640 3729/754/639
f 1217/463/348 2400/462/347 1031/4632/21
f 3037/2939/2815 3040/1499/1384 3041/2078/1963 3036/2779/2655
f 1070/4631/89 1609/2886/2762 1608/2889/2765
f 1213/2818/2694 2374/2817/2693 1030/4630/21
f 3717/1588/1473 3713/2068/1953 3712/2071/1956 3716/1586/1471
f 1069/4628/90 1619/379/264 1618/382/267
f 1209/396/281 2348/395/280 1029/4627/21
f 3336/2414/2292 3331/1844/1729 3332/1843/1728 3335/2090/1975
f 3337/2885/2761 3330/4759/4029 3331/1844/1729 3336/2414/2292
f 2301/4773/4038 1068/4625/92 2305/4624/3954
f 1664/358/243 1629/357/242 1068/4625/92
f 1633/1510/1395 1028/4622/21 1624/1511/1396
f 1301/1827/1712 1302/1835/1720 1305/2991/2866 1306/1828/1713
f 2275/2293/2178 1067/4619/91 2279/2814/2690
f 3344/1545/1430 3992/4855/4118 3993/1546/1431 3345/901/786
f 1027/4617/21 1201/676/561 2296/340/225
f 3998/977/862 3993/1546/1431 3992/4855/4118 3997/4761/4030
f 2996/2821/2697 2997/2381/2259 3000/1814/1699 3001/1817/1702
f 2120/2242/2127 2124/2406/2284 2125/4856/4119 2121/2245/2130
f 2249/3180/3055 1066/4616/110 2253/3181/3056
f 1026/4614/21 1197/1177/1062 2270/1176/1061
f 2181/2372/2250 1281/1184/1069 1280/1748/1633 2182/1178/1063
f 2223/2364/2242 1065/4612/72 2227/274/159
f 2182/1178/1063 1280/1748/1633 1279/4829/4092 2170/1179/1064
f 1025/4608/21 1193/2094/1979 2244/2259/2144
f 3885/2833/2709 3881/2832/2708 3880/3276/3151 2889/3059/2934
f 1205/4826/4089 2322/371/256 1028/4622/21
f 1237/868/753 2530/867/752 1036/4654/80
f 1109/1108/993 1698/2001/1886 1044/4695/44
f 1141/2542/2420 1906/1919/1804 1052/4721/3632
f 1173/1850/1735 2114/1851/1736 1060/4755/21
f 3405/1378/1263 3401/3228/3103 3400/3224/3099 3404/1374/1259
f 1702/1026/911 1045/4696/21 1711/2634/2510
f 4411/1788/1673 4416/3104/2979 4417/3295/3170 2970/1789/1674
f 3418/1296/1181 3414/2864/2740 3413/2328/2213 3417/1295/1180
f 4399/2607/2485 4403/2869/2745 4404/4785/4049 2967/2608/2486
f 1940/525/410 1935/1410/1295 1934/2531/2409 1939/2857/2733
f 1728/1006/891 1046/4700/21 1737/3106/2981
f 3445/3048/2923 3433/3050/2925 3442/3292/3167 3441/3051/2926
f 4388/3108/2983 4389/1303/1188 4384/1302/1187 4383/4808/4071
f 1754/1982/1867 1047/4705/21 1763/1983/1868
f 4359/1750/1635 4364/1550/1435 4365/1549/1434 2962/1751/1636
f 4362/1980/1865 4357/985/870 4356/984/869 4361/3095/2970
f 1780/1976/1861 1048/4709/21 1789/1977/1862
f 2634/2176/2061 1253/4816/4079 2628/1088/973 2633/1087/972
f 4337/1416/1301 4332/2667/2543 4331/2666/2542 4336/3115/2990
f 1798/3216/3091 1793/3215/3090 1088/4710/4002
f 2955/3214/3089 4308/3036/2911 4316/3035/2910 4321/3212/3087
f 3458/1071/956 3450/1070/955 3455/4786/4050 3454/3232/3107
f 1830/1963/1848 1826/2034/1919 1825/3204/3079 1829/1962/1847
f 2611/635/520 2607/634/519 2606/1444/1329 2610/1443/1328
f 4303/2877/2753 4291/2879/2755 4300/3206/3081 4299/3202/3077
f 1828/1705/1590 1823/2574/2452 1049/4712/21
f 2589/2571/2449 2584/1453/1338 2583/1454/1339 2588/1956/1841
f 4294/3201/3076 4289/1964/1849 4288/1696/1581 4293/1703/1588
f 2585/1255/1140 2581/1253/1138 2580/896/781 2584/1453/1338
f 1854/1692/1577 1849/597/482 1050/4714/21
f 2947/2046/1931 4256/4857/4120 4264/3120/2995 4269/2043/1928
f 4269/2043/1928 4264/3120/2995 4263/1933/1818 4268/3199/3074
f 4268/3199/3074 4263/1933/1818 4262/1936/1821 4267/2562/2440
f 4251/2201/2086 4239/2202/2087 4248/3128/3003 4247/3127/3002
f 1880/3025/2900 1875/577/462 1051/4718/21
f 2537/1924/1809 2532/1923/1808 2531/2706/2582 2536/2705/2581
f 4340/2144/2029 4345/1739/1624 4346/1742/1627 4341/1417/1302
f 4217/2718/2594 4221/2103/1988 4222/2106/1991 2939/4820/4083
f 2510/562/447 2514/561/446 2515/2050/1935 2511/2719/2595
f 1910/800/685 1053/4726/21 1919/2951/2827
f 4203/2536/2414 4208/1659/1544 4209/1658/1543 2938/4729/4011
f 4191/538/423 4195/537/422 4196/4794/4058 2935/3130/3005
f 1936/1726/1611 1054/4732/21 1945/527/412
f 2475/1643/1528 2470/2220/2105 2469/3081/2956 2474/4779/4044
f 4180/821/706 4181/3080/2955 4176/2521/2399 4175/822/707
f 3540/1457/1342 3544/1456/1341 3545/1450/1335 3541/1449/1334
f 1962/2197/2082 1055/4735/21 1971/2196/2081
f 4151/2743/2619 4156/2853/2729 4157/2852/2728 2930/3281/3156
f 4154/979/864 4149/982/867 4148/4858/4121 4153/4694/3993
f 3678/2742/2618 3674/2815/2691 3673/2739/2615 3677/2740/2616
f 3904/2272/2157 3908/2271/2156 3909/2278/2163 3905/2277/2162
f 4137/2754/2630 4141/2753/2629 4142/547/432 4138/2503/2381
f 1988/777/662 1056/4741/21 1997/2000/1885
f 2424/483/368 2419/482/367 2418/481/366 2423/1201/1086
f 4128/2756/2632 4123/2494/2372 4122/4859/4122 4127/2757/2633
f 2006/1593/1478 2001/4824/4087 1096/4742/4020
f 2923/4797/4061 4100/4860/4123 4108/3149/3024 4113/3148/3023
f 4108/3149/3024 4104/2473/2351 4103/2472/2350 4107/3150/3025
f 4112/3151/3026 4107/3150/3025 4106/3156/3031 4111/2766/2642
f 4106/3156/3031 4102/2223/2108 4101/2226/2111 2924/3157/3032
f 4095/762/647 4083/765/650 4092/1579/1464 4091/443/328
f 2036/2459/2337 2031/2458/2336 1057/4744/21
f 3749/1489/1374 3753/1986/1871 3754/3263/3138 2867/1490/1375
f 4086/441/326 4081/3067/2942 4080/3277/3152 4085/2772/2648
f 1830/1963/1848 1835/895/780 1836/2572/2450 1831/2035/1920
f 2062/402/287 2057/401/286 1058/4748/21
f 2915/416/301 4048/1330/1215 4056/1329/1214 4061/413/298
f 4311/2154/2039 4306/2153/2038 4305/771/656 4310/770/655
f 4043/726/611 4031/728/613 4040/2427/2305 4039/2426/2304
f 2088/2797/2673 2083/2796/2672 1059/4752/21
f 3887/1808/1693 2985/1807/1692 2984/3323/3194 3875/4861/4124
f 4035/2425/2303 4030/3168/3043 4029/4835/4098 4034/734/619
f 2330/373/258 2325/369/254 2324/1340/1225 2329/377/262
f 3799/2117/2002 3803/2799/2675 3804/3265/3140 3800/2118/2003
f 4007/2808/2684 4011/2408/2286 4012/2149/2034 4008/4828/4091
f 2118/2401/2279 1061/4760/21 2127/3022/2897
f 3995/2402/2280 4000/2403/2281 4001/3267/3142 2906/3178/3053
f 3834/338/223 3830/337/222 3829/1553/1438 3833/2914/2790
f 2276/2294/2179 2280/685/570 2281/687/572 2277/2298/2183
f 2144/3105/2980 1062/4764/21 2153/1680/1565
f 3972/2948/2824 3973/2392/2270 3968/310/195 3967/2385/2263
f 2250/2288/2173 2254/303/188 2255/299/184 2251/2289/2174
f 3955/674/559 3959/673/558 3960/2378/2256 3956/3179/3054
f 2170/1179/1064 1063/4604/21 2179/1180/1065
f 3943/2904/2780 3948/2251/2136 3949/2250/2135 2898/4769/4034
f 3946/293/178 3947/2258/2143 3942/1535/1420 3941/645/530
f 3929/2267/2152 3933/654/539 3934/657/542 3930/2268/2153
f 2196/1186/1071 1024/4605/21 2205/1187/1072
f 3913/256/141 3909/2278/2163 3908/2271/2156 3912/2906/2782
f 3921/2361/2239 3916/2362/2240 3915/4607/3944 3920/2844/2720
f 2214/2357/2235 2209/2356/2234 1064/87/62
f 3931/3004/2879 2895/3274/3149 3918/4862/4125 3926/3005/2880
f 3900/3269/3144 3892/4831/4094 3897/4610/3946 3896/2840/2716
f 3887/1808/1693 3875/4861/4124 3884/4772/4037 3883/2834/2710
f 2244/2259/2144 2239/298/183 1025/4608/21
f 2173/2256/2141 2168/1353/1238 2167/1356/1241 2172/2253/2138
f 2992/3002/2877 3891/2841/2717 2890/4611/3947 2993/3322/3193
f 2270/1176/1061 2265/319/204 1026/4614/21
f 2883/4844/4107 3840/3173/3048 3848/3172/3047 3853/4754/4026
f 3679/4643/3962 3675/3142/3017 3674/2815/2691 3678/2742/2618
f 3852/1022/907 3847/3171/3046 3846/2993/2868 3851/1019/904
f 3835/335/220 3823/4620/3951 3832/4774/4039 3831/336/221
f 2296/340/225 2291/339/224 1027/4617/21
f 1773/1095/980 1768/935/820 1767/4789/4053 1772/4788/4052
f 4003/975/860 4008/4828/4091 4009/1341/1226 4004/2404/2282
f 3820/2110/1995 3816/2109/1994 3815/4863/4126 2880/4621/3952
f 3801/2111/1996 3805/2419/2297 3806/2422/2300 2875/2112/1997
f 2094/2234/2119 2098/1620/1505 2099/1621/1506 2095/2235/2120
f 4029/4835/4098 4025/2418/2296 4024/2988/2863 4028/735/620
f 2326/1507/1392 1029/4627/21 2335/375/260
f 3787/2791/2667 3792/2795/2671 3793/4864/4127 2874/2792/2668
f 2082/3013/2888 2087/8/6 2088/2797/2673 1169/3014/2889
f 4042/1161/1046 4038/733/618 4037/732/617 4041/1858/1743
f 2352/1396/1281 1030/4630/21 2361/1397/1282
f 3470/1067/952 3146/1262/1147 3145/2595/2473 3471/3040/2915
f 3764/407/292 3765/406/291 3760/1945/1830 3759/1498/1383
f 3969/311/196 3968/310/195 3973/2392/2270 3974/2394/2272
f 2378/1488/1373 1031/4632/21 2387/435/320
f 3735/1272/1157 3740/1274/1159 3741/4865/4128 2866/2769/2645
f 3444/1271/1156 3156/1270/1155 3155/2646/2522 3445/3048/2923
f 4093/1866/1751 4089/1865/1750 4088/2771/2647 2921/2463/2341
f 2404/1486/1371 1032/4637/21 2413/469/354
f 1367/2510/2388 1368/3012/2887 1359/4822/4085 1360/2511/2389
f 2422/1203/1088 2417/1202/1087 1072/4638/2219
f 2859/4775/4040 3684/767/652 3692/766/651 3697/1207/1092
f 1985/1596/1481 1981/2750/2626 1980/2982/2857 1155/1597/1482
f 4133/2602/2480 4138/2503/2381 4139/2500/2378 4134/2024/1909
f 3696/1204/1089 3691/493/378 3690/496/381 3695/3071/2946
f 3690/496/381 3686/495/380 3685/4740/4019 2860/3072/2947
f 3679/4643/3962 3667/4644/3963 3676/4777/4042 3675/3142/3017
f 2452/4736/4015 2447/4645/3964 1033/4639/21
f 2557/1467/1352 2553/1466/1351 2552/3027/2902 1243/4781/4046
f 1959/1615/1500 1955/2858/2734 1954/3143/3018 1151/1616/1501
f 2190/1358/1243 2185/652/537 2184/651/536 2189/1359/1244
f 1960/1882/1767 1956/1881/1766 1955/2858/2734 1959/1615/1500
f 3670/2816/2692 3665/2735/2611 3664/1897/1782 3669/1896/1781
f 2185/652/537 2190/1358/1243 2191/1813/1698 2186/1809/1694
f 1961/1880/1765 1953/2137/2022 1958/1478/1363 1957/1481/1366
f 2478/819/704 2473/818/703 1034/4647/21
f 2851/2530/2408 3632/1947/1832 3640/1946/1831 3645/2528/2406
f 3943/2904/2780 3942/1535/1420 3947/2258/2143 3948/2251/2136
f 3644/2148/2033 3639/533/418 3638/529/414 3643/2145/2030
f 3627/971/856 3615/4866/4129 3624/3083/2958 3623/2216/2101
f 2504/2722/2598 2499/4653/3969 1035/4650/21
f 4211/1994/1879 4216/2539/2417 4217/2718/2594 4212/1660/1545
f 1909/1917/1802 1905/1912/1797 1904/834/719 1908/833/718
f 3593/424/309 3597/423/308 3598/1677/1562 2843/4839/4102
f 3591/1927/1812 3595/574/459 3596/422/307 3592/421/306
f 2534/1683/1568 1037/4658/21 2543/1470/1355
f 3579/2702/2578 3584/1124/1009 3585/1123/1008 2842/4661/3973
f 3567/2695/2571 3571/3086/2961 3572/4782/4047 2839/2696/2572
f 3102/1240/1125 3095/1239/1124 3096/4711/4003 3101/1672/1557
f 2560/1113/998 1038/4663/21 2569/4664/3975
f 1851/3314/3185 1852/2980/2855 1847/2979/2854 1846/880/765
f 3556/1931/1816 3551/4867/4130 3550/4868/4131 3555/3029/2904
f 3556/1931/1816 3557/1930/1815 3552/2691/2567 3551/4867/4130
f 3406/1013/898 3402/1998/1883 3401/3228/3103 3405/1378/1263
f 2586/2041/1926 1039/4670/21 2595/1460/1345
f 3527/619/504 3532/4869/4132 3533/4870/4133 2834/620/505
f 3530/2928/2804 3525/3238/3113 3524/4852/4115 3529/3032/2907
f 1808/921/806 1812/920/805 1813/924/809 1809/1968/1853
f 2612/2829/2705 1040/4674/21 2621/2830/2706
f 1800/1727/1612 1795/916/801 1794/915/800 1799/2429/2307
f 3717/1588/1473 3722/1304/1189 3723/1307/1192 3718/2478/2356
f 2630/3330/3199 2625/1421/1306 1080/4675/56
f 2827/4783/4048 3476/2162/2047 3484/1973/1858 3489/1972/1857
f 4341/1417/1302 4346/1742/1627 4347/938/823 4342/941/826
f 1778/2591/2469 1774/1094/979 1773/1095/980 1777/2655/2531
f 3482/1413/1298 3478/1099/984 3477/2593/2471 2828/1910/1795
f 3471/3040/2915 3459/3042/2917 3468/3258/3133 3467/3045/2920
f 2660/1756/1641 2655/1755/1640 1041/4679/21
f 3462/2648/2524 3457/2647/2523 3456/2649/2525 3461/2326/2211
f 2686/1047/932 2681/1387/1272 1042/4685/21
f 2819/3293/3168 3424/3315/3186 3432/1795/1680 3437/3230/3105
f 4397/3221/3096 4401/2615/2493 4402/2866/2742 4398/2610/2488
f 3430/1992/1877 3426/2002/1887 3425/3054/2929 2820/4810/4073
f 3419/1379/1264 3407/1382/1267 3416/2863/2739 3415/2862/2738
f 2712/1029/914 2707/4690/3991 1043/4688/21
f 1705/1139/1024 1700/1138/1023 1699/1007/892 1704/1294/1179
f 4423/4805/4068 4427/2626/2504 4428/280/165 4424/2620/2498
f 4422/4871/4134 4426/2623/2501 4427/2626/2504 4423/4805/4068
f 432/4872/4135 431/4873/4136 449/4874/4136 448/4875/4135
f 369/3845/4137 370/210/4138 371/212/4138 372/3846/4137
f 410/3864/3544 411/3844/3548 416/3847/3548 417/3865/3544
f 43/171/99 42/3856/3336 325/3857/3336 326/172/100
f 370/210/4138 361/211/62 364/87/3217 371/212/4138
f 62/2346/2224 61/3816/3403 344/3819/3525 345/2347/2224
f 430/4876/4139 429/4877/4140 451/4878/4140 450/4879/4139
f 431/4873/4136 430/4876/4139 450/4879/4139 449/4874/4136
f 368/3844/90 369/3845/4137 372/3846/4137 373/3847/90
f 2754/4880/3541 2755/4881/116 1090/4882/116 1089/4883/3541
f 2747/4884/4141 2748/2331/117 1083/2334/117 1082/4885/118
f 427/116/75 426/4886/54 454/4887/55 453/117/75
f 2735/3870/89 2736/2339/2220 1071/2340/2221 1070/3871/89
f 4475/4888/4142 4474/4889/62 283/4890/62 322/4891/4142
f 4498/4892/4002 4497/4893/4143 300/4894/4143 299/4895/4002
f 2741/4896/102 2742/221/119 1077/222/103 1076/4897/102
f 2767/4898/104 2768/2329/2214 1103/2330/2215 1102/4899/104
f 990/4900/107 989/4901/57 816/4902/57 815/4903/107
f 2745/3354/56 2746/4904/4144 1081/4905/3986 1080/3355/56
f 2746/4904/4144 2747/4884/4141 1082/4885/118 1081/4905/3986
f 2739/4906/63 2740/4907/3968 1075/4908/3968 1074/4909/63
f 59/3842/3385 58/3918/3381 341/3919/3546 342/3843/2216
f 2752/4910/4145 2753/4911/4002 1088/4912/4002 1087/4913/4000
f 4568/87/2216 4569/88/2216 4567/162/2216 4566/163/2216
f 2738/2336/2218 2739/4906/63 1074/4909/63 1073/2337/2218
f 2755/4881/116 2756/198/108 1091/201/109 1090/4882/116
f 2759/4914/54 2760/4915/4017 1095/4916/4017 1094/4917/54
f 2768/4918/2214 3892/4831/4094 2729/87/62
f 2729/87/62 3892/4831/4094 2891/2280/2165
f 2729/87/62 2891/2280/2165 3910/2279/2164
f 3922/255/140 3926/3005/2880 3918/4862/4125 3923/252/137
f 3926/3005/2880 3922/255/140 3921/2361/2239 3925/2269/2154
f 2221/2274/2159 2217/2273/2158 2216/2263/2148 2220/2262/2147
f 3906/2911/2787 3902/662/547 2769/4919/19
f 3906/2911/2787 2769/4919/19 2893/2910/2786
f 2893/2910/2786 2769/4919/19 2978/2360/2238
f 3911/2909/2785 2977/1793/1678 2976/599/484 3912/2906/2782
f 2216/2263/2148 2211/2358/2236 2210/2355/2233 2215/2264/2149
f 2561/4665/3976 2565/2693/2569 2566/1115/1000 2562/1114/999
f 3923/252/137 3918/4862/4125 2729/87/62
f 2729/87/62 3918/4862/4125 2895/3274/3149
f 2729/87/62 2895/3274/3149 2730/4612/71
f 2730/4612/71 2895/3274/3149 3936/3273/3148
f 2730/4612/71 3936/3273/3148 3927/4801/4065
f 3121/2688/2564 3120/4920/4146 3551/4867/4130 3552/2691/2567
f 3894/269/154 3889/268/153 3888/4834/4097 3893/659/544
f 2897/2369/2247 3932/2368/2246 2770/4921/19
f 2897/2369/2247 2770/4921/19 3363/2370/2248
f 3363/2370/2248 2770/4921/19 3364/2371/2249
f 2989/4833/4096 2990/3058/2933 2987/2952/2828 2988/3060/2935
f 1287/1747/1632 1286/653/538 2185/652/537 2186/1809/1694
f 3944/2249/2134 2899/2141/2026 2730/4612/71
f 2730/4612/71 2899/2141/2026 2731/4616/110
f 2731/4616/110 2899/2141/2026 3962/2140/2025
f 2731/4616/110 3962/2140/2025 3953/2377/2255
f 3864/1816/1701 3869/2098/1983 3870/308/193 3865/307/192
f 2901/1426/1311 3958/672/557 2771/4922/19
f 2901/1426/1311 2771/4922/19 3353/1427/1312
f 3353/1427/1312 2771/4922/19 3354/2383/2261
f 2997/2381/2259 3859/2912/2788 2885/2913/2789 2998/2382/2260
f 1651/1220/1105 2263/315/200 2264/1174/1059 1652/1221/1106
f 3852/1022/907 3856/1021/906 3857/1198/1083 3853/4754/4026
f 3970/2395/2273 2903/1350/1235 2731/4616/110
f 2731/4616/110 2903/1350/1235 2732/4619/91
f 2732/4619/91 2903/1350/1235 3988/1349/1234
f 2732/4619/91 3988/1349/1234 3979/4799/4063
f 3838/326/211 3843/325/210 3844/3175/3050 3839/3008/2883
f 2905/1837/1722 3984/2102/1987 2772/4923/19
f 2905/1837/1722 2772/4923/19 3343/1544/1429
f 3343/1544/1429 2772/4923/19 3344/1545/1430
f 1641/2535/2413 2289/679/564 2290/675/560 1642/1516/1401
f 2130/2399/2277 2126/3023/2898 2125/4856/4119 2129/1836/1721
f 2129/1836/1721 2125/4856/4119 2124/2406/2284 2128/1834/1719
f 4359/1750/1635 4358/4684/3989 4363/1979/1864 4364/1550/1435
f 4139/2500/2378 2927/2502/2380 4126/2025/1910 4134/2024/1909
f 3996/3266/3141 2907/1344/1229 2732/4619/91
f 2732/4619/91 2907/1344/1229 2733/4625/92
f 2733/4625/92 2907/1344/1229 4014/1343/1228
f 2733/4625/92 4014/1343/1228 4005/4798/4062
f 2141/1352/1237 2137/330/215 2136/2398/2276 1179/2246/2131
f 3816/2109/1994 3811/4623/3953 3810/4827/4090 3815/4863/4126
f 2909/2410/2288 4010/2409/2287 2773/4924/19
f 2909/2410/2288 2773/4924/19 3333/2411/2289
f 3333/2411/2289 2773/4924/19 3334/2087/1972
f 3808/368/253 3016/367/252 3015/2804/2680 3809/2420/2298
f 3804/3265/3140 3808/368/253 3809/2420/2298 3805/2419/2297
f 2097/2424/2302 1172/3170/3045 2102/697/582 2098/1620/1505
f 4027/2236/2121 4022/3167/3042 2733/4625/92
f 2733/4625/92 4022/3167/3042 2734/4628/90
f 2734/4628/90 4022/3167/3042 2911/2428/2306
f 2734/4628/90 2911/2428/2306 4040/2427/2305
f 3788/2113/1998 3793/4864/4127 3792/2795/2671 3796/2114/1999
f 3245/592/477 4253/591/476 4254/1689/1574 3246/1688/1573
f 4036/3166/3041 4032/737/622 2774/4925/19
f 4036/3166/3041 2774/4925/19 2913/2430/2308
f 2913/2430/2308 2774/4925/19 3323/2431/2309
f 3782/390/275 3026/389/274 3025/723/608 3783/722/607
f 4053/1331/1216 4048/1330/1215 2734/4628/90
f 2734/4628/90 4048/1330/1215 2735/4631/89
f 2735/4631/89 4048/1330/1215 2915/416/301
f 2735/4631/89 2915/416/301 4066/415/300
f 3768/408/293 3764/407/292 3763/4806/4069 2872/3018/2893
f 4062/2445/2323 4058/2444/2322 2775/4926/19
f 4062/2445/2323 2775/4926/19 2917/4848/4111
f 2917/4848/4111 2775/4926/19 3313/2447/2325
f 3037/2939/2815 3038/2938/2814 3039/1496/1381 3040/1499/1384
f 3756/2777/2653 3036/2779/2655 3035/1771/1656 3757/3261/3136
f 2045/4749/4024 1164/2308/2193 2050/743/628 2046/1324/1209
f 2041/3160/3035 2045/4749/4024 2046/1324/1209 2042/1323/1208
f 4079/2450/2328 4074/2315/2200 2735/4631/89
f 2735/4631/89 4074/2315/2200 2736/4634/2220
f 2736/4634/2220 4074/2315/2200 2919/1580/1465
f 2736/4634/2220 2919/1580/1465 4092/1579/1464
f 3736/1491/1376 3741/4865/4128 3740/1274/1159 3744/1492/1377
f 4088/2771/2647 4084/2770/2646 2776/4927/19
f 4088/2771/2647 2776/4927/19 2921/2463/2341
f 2921/2463/2341 2776/4927/19 3303/2464/2342
f 1305/2991/2866 2132/329/214 2133/328/213 1306/1828/1713
f 2397/2133/2018 2392/3259/3134 2391/3260/3135 2396/3069/2944
f 4105/4745/4022 4100/4860/4123 2736/4634/2220
f 2736/4634/2220 4100/4860/4123 2737/4638/2217
f 2737/4638/2217 4100/4860/4123 2923/4797/4061
f 2737/4638/2217 2923/4797/4061 4118/4796/4060
f 4114/2764/2640 4110/2763/2639 2777/4928/19
f 4114/2764/2640 2777/4928/19 2925/4849/4112
f 2925/4849/4112 2777/4928/19 3293/4850/4113
f 1351/784/669 1356/1320/1205 1357/1611/1496 1350/775/660
f 4067/1862/1747 3312/1574/1459 3311/1573/1458 4068/1859/1744
f 4131/2026/1911 4126/2025/1910 2737/4638/2217
f 2737/4638/2217 4126/2025/1910 2927/2502/2380
f 2737/4638/2217 2927/2502/2380 2738/4640/2218
f 2738/4640/2218 2927/2502/2380 4144/2501/2379
f 2738/4640/2218 4144/2501/2379 4135/4795/4059
f 1464/4809/4072 1465/4846/4109 1462/2185/2070 1463/2618/2496
f 2929/2504/2382 4140/2752/2628 2778/4929/19
f 2929/2504/2382 2778/4929/19 3283/2505/2383
f 3283/2505/2383 2778/4929/19 3284/4930/4147
f 1973/508/393 1361/792/677 1360/2511/2389 1974/505/390
f 1964/1614/1499 1968/1619/1504 1969/507/392 1965/1883/1768
f 4152/2851/2727 2931/516/401 2738/4640/2218
f 2738/4640/2218 2931/516/401 2739/4649/63
f 2739/4649/63 2931/516/401 4170/515/400
f 2739/4649/63 4170/515/400 4161/3333/3202
f 3661/1886/1771 3656/1885/1770 3655/2515/2393 3660/2736/2612
f 2933/1635/1520 4166/1634/1519 2779/4931/19
f 2933/1635/1520 2779/4931/19 3273/1638/1523
f 3273/1638/1523 2779/4931/19 3274/2518/2396
f 3079/2516/2394 3080/1628/1513 3077/1286/1171 3078/2919/2795
f 3652/886/771 3648/2147/2032 3647/2146/2031 3651/1285/1170
f 3644/2148/2033 3648/2147/2032 3649/2524/2402 3645/2528/2406
f 4178/3131/3006 2935/3130/3005 2739/4649/63
f 2739/4649/63 2935/3130/3005 2740/4652/3968
f 2740/4652/3968 2935/3130/3005 4196/4794/4058
f 2740/4652/3968 4196/4794/4058 4187/4793/4057
f 3634/530/415 3629/3247/3122 3628/3248/3123 3633/531/416
f 2937/2532/2410 4192/4651/3967 2780/4932/19
f 2937/2532/2410 2780/4932/19 3263/2533/2411
f 3263/2533/2411 2780/4932/19 3264/2534/2412
f 2707/4690/3991 2712/1029/914 2711/1028/913 2715/3227/3102
f 3119/4933/4148 3550/4868/4131 3551/4867/4130 3120/4920/4146
f 1839/894/779 1843/904/789 1844/610/495 1840/4668/3978
f 1922/797/682 1918/837/722 1917/836/721 1921/808/693
f 1911/1662/1547 1915/2214/2099 1916/2213/2098 1912/1661/1546
f 4204/1657/1542 2939/4820/4083 2740/4652/3968
f 2740/4652/3968 2939/4820/4083 2741/4656/102
f 2741/4656/102 2939/4820/4083 4222/2106/1991
f 2741/4656/102 4222/2106/1991 4213/2105/1990
f 1903/830/715 1898/4655/3970 1897/4792/4056 1902/831/716
f 2941/1663/1548 4218/4934/4149 2781/4935/3325
f 2941/1663/1548 2781/4935/3325 3253/1664/1549
f 3253/1664/1549 2781/4935/3325 3254/4838/4101
f 3599/573/458 3097/2931/2807 3096/4711/4003 3600/3085/2960
f 1889/3125/3000 1140/2206/2091 1894/2208/2093 1890/2159/2044
f 2531/2706/2582 2527/3084/2959 2526/4780/4045 1239/2707/2583
f 4235/702/587 4230/856/741 2741/4656/102
f 2741/4656/102 4230/856/741 2742/4660/119
f 2742/4660/119 4230/856/741 2943/855/740
f 2742/4660/119 2943/855/740 4248/3128/3003
f 2536/2705/2581 2540/2703/2579 2541/2049/1934 2537/1924/1809
f 3586/1928/1813 3582/3243/3118 3581/3245/3120 2844/1925/1810
f 4244/2550/2428 4240/2711/2587 2782/4936/19
f 4244/2550/2428 2782/4936/19 2945/2551/2429
f 2945/2551/2429 2782/4936/19 3243/1119/1004
f 1407/846/731 1408/2205/2090 1399/4817/4080 1400/589/474
f 1868/2165/2050 1402/2560/2438 1401/588/473 1869/587/472
f 4261/4719/4006 4256/4857/4120 2742/4660/119
f 2742/4660/119 4256/4857/4120 2743/4666/107
f 2743/4666/107 4256/4857/4120 2947/2046/1931
f 2743/4666/107 2947/2046/1931 4274/2045/1930
f 1855/1941/1826 1851/3314/3185 1850/4791/4055 1135/1949/1834
f 1852/2980/2855 1856/1944/1829 1857/598/483 1853/1691/1576
f 4270/3197/3072 4266/2564/2442 2783/4937/19
f 4270/3197/3072 2783/4937/19 2949/4851/4114
f 2949/4851/4114 2783/4937/19 3233/3290/3165
f 3746/3161/3036 3750/429/314 3751/432/317 3747/2130/2015
f 1411/905/790 1416/2811/2687 1417/874/759 1410/611/496
f 1837/891/776 1132/2172/2057 1842/1694/1579 1838/892/777
f 3012/331/216 3839/3008/2883 2882/4618/3950 3013/332/217
f 4287/2568/2446 4282/2947/2823 2743/4666/107
f 2743/4666/107 4282/2947/2823 2744/4673/57
f 2744/4673/57 4282/2947/2823 2951/3207/3082
f 2744/4673/57 2951/3207/3082 4300/3206/3081
f 3531/2927/2803 3535/2926/2802 3536/3328/3197 3532/4869/4132
f 4296/1701/1586 4292/1700/1585 2784/4938/19
f 4296/1701/1586 2784/4938/19 2953/2925/2801
f 2953/2925/2801 2784/4938/19 3223/3240/3115
f 1421/928/813 1426/1961/1846 1427/882/767 1420/929/814
f 3521/926/811 3127/2677/2553 3126/556/441 3522/555/440
f 1816/922/807 1422/1957/1842 1421/928/813 1817/923/808
f 4313/3037/2912 4308/3036/2911 2744/4673/57
f 2744/4673/57 4308/3036/2911 2745/4675/56
f 2745/4675/56 4308/3036/2911 2955/3214/3089
f 2745/4675/56 2955/3214/3089 4326/3213/3088
f 4322/2579/2457 4318/2020/1905 2785/4939/19
f 4322/2579/2457 2785/4939/19 2957/2580/2458
f 2957/2580/2458 2785/4939/19 3213/2582/2460
f 2624/1434/1319 1505/2322/2207 1504/2321/2206 2612/2829/2705
f 3139/2924/2800 3140/2027/1912 3137/2323/2208 3138/3006/2881
f 1431/4677/3983 1436/917/802 1437/910/795 1430/2902/2778
f 4339/1730/1615 4334/940/825 2745/4675/56
f 2745/4675/56 4334/940/825 2959/939/824
f 2745/4675/56 2959/939/824 2746/4681/4144
f 2746/4681/4144 2959/939/824 4352/3218/3093
f 2746/4681/4144 4352/3218/3093 4343/2875/2751
f 2646/1406/1291 2650/1103/988 2638/1105/990 2647/1407/1292
f 2961/2921/2797 4348/2920/2796 2786/4940/19
f 2961/2921/2797 2786/4940/19 3203/3113/2988
f 3203/3113/2988 2786/4940/19 3204/983/868
f 1766/1981/1866 1440/2192/2077 1439/4812/4075 1754/1982/1867
f 3471/3040/2915 3467/3045/2920 3466/1068/953 3470/1067/952
f 4360/1548/1433 2963/4814/4077 2746/4681/4144
f 2746/4681/4144 2963/4814/4077 2747/4687/4141
f 2747/4687/4141 2963/4814/4077 4378/3327/3196
f 2747/4687/4141 4378/3327/3196 4369/3326/3195
f 1747/1075/960 1742/957/842 1741/3039/2914 1746/2971/2846
f 3448/4686/3990 3453/3231/3106 3454/3232/3107 3449/959/844
f 3452/3046/2921 3447/3097/2972 3446/3098/2973 3451/3047/2922
f 2965/2598/2476 4374/2973/2848 2787/4941/19
f 2965/2598/2476 2787/4941/19 3193/2599/2477
f 3193/2599/2477 2787/4941/19 3194/4811/4074
f 1491/1266/1151 2679/1049/934 2680/1045/930 1492/1084/969
f 2683/2004/1889 2684/1050/935 2679/1049/934 2678/1268/1153
f 1730/998/883 1725/997/882 1115/2640/2516 1729/2898/2774
f 4386/1297/1182 2967/2608/2486 2747/4687/4141
f 2747/4687/4141 2967/2608/2486 2748/4689/117
f 2748/4689/117 2967/2608/2486 4404/4785/4049
f 2748/4689/117 4404/4785/4049 4395/3222/3097
f 3422/3223/3098 3427/1797/1682 3428/1796/1681 3423/2182/2067
f 3427/1797/1682 3422/3223/3098 3421/3052/2927 3426/2002/1887
f 2969/2613/2491 4400/2612/2490 2788/4942/19
f 2969/2613/2491 2788/4942/19 3183/3101/2976
f 3183/3101/2976 2788/4942/19 3184/1279/1164
f 1713/2187/2072 1709/3102/2977 1708/1293/1178 1712/2184/2069
f 3410/1377/1262 3414/2864/2740 3415/2862/2738 3411/1014/899
f 4412/3294/3169 2971/3226/3101 2748/4689/117
f 2748/4689/117 2971/3226/3101 2749/4693/2216
f 2749/4693/2216 2971/3226/3101 4430/3065/2940
f 2749/4693/2216 4430/3065/2940 4421/3064/2939
f 1695/1008/893 1690/2957/2833 1689/2956/2832 1694/1009/894
f 3400/3224/3099 3395/2962/2837 3394/4943/4150 3399/3225/3100
f 2973/2624/2502 4426/2623/2501 2789/4944/4151
f 2973/2624/2502 2789/4944/4151 3178/2965/2840
f 3178/2965/2840 2789/4944/4151 2813/4945/1172
f 3177/2960/2836 3178/2965/2840 2813/4945/1172 2812/2961/1175
f 4242/2545/2423 4237/859/744 4236/862/747 4241/2709/2585
f 2721/2633/2509 1268/4692/3992 2726/1038/923 2722/1037/922
f 3403/1995/1880 3398/1012/897 2749/4784/2216
f 2749/4784/2216 3398/1012/897 2750/4699/66
f 2750/4699/66 3398/1012/897 2815/1011/896
f 2750/4699/66 2815/1011/896 3416/2863/2739
f 3237/2565/2443 3238/3311/3182 3229/3319/3190 3230/3287/3162
f 2714/1018/903 2710/1032/917 2709/1033/918 2713/1015/900
f 3412/2327/2212 3408/1376/1261 2790/4946/19
f 3412/2327/2212 2790/4946/19 2817/2636/2512
f 2817/2636/2512 2790/4946/19 3168/3099/2974
f 1461/2186/2071 1466/4847/4110 1467/987/872 1460/1024/909
f 2700/994/879 1477/993/878 1476/1780/1665 2701/3056/2931
f 3429/3316/3187 3424/3315/3186 2750/4699/66
f 2750/4699/66 3424/3315/3186 2751/4701/67
f 2751/4701/67 3424/3315/3186 2819/3293/3168
f 2751/4701/67 2819/3293/3168 3442/3292/3167
f 2684/1050/935 2688/3111/2986 2689/1388/1273 2685/1046/931
f 4392/3109/2984 4388/3108/2983 4387/4854/4117 2968/3229/3104
f 3438/2642/2518 3434/2641/2517 2791/4947/19
f 3438/2642/2518 2791/4947/19 2821/3096/2971
f 2821/3096/2971 2791/4947/19 3158/666/551
f 3194/4811/4074 4382/4853/4116 4383/4808/4071 3195/4807/4070
f 1486/2178/2063 1491/1266/1151 1492/1084/969 1485/1081/966
f 4380/1078/963 3191/4703/3997 3190/4704/3998 4381/3219/3094
f 2669/3234/3109 1260/2870/2746 2674/1765/1650 2670/1764/1649
f 2609/1446/1331 2605/1445/1330 2604/3034/2909 1251/2670/2546
f 3455/4786/4050 3450/1070/955 2751/4701/67
f 2751/4701/67 3450/1070/955 2752/4707/4145
f 2752/4707/4145 3450/1070/955 2823/1069/954
f 2752/4707/4145 2823/1069/954 3468/3258/3133
f 2662/2013/1898 2658/3094/2969 2657/2014/1899 2661/2011/1896
f 3464/1065/950 3460/2325/2210 2792/4948/19
f 3464/1065/950 2792/4948/19 2825/1066/951
f 2825/1066/951 2792/4948/19 3148/1044/929
f 3202/3112/2987 3205/986/871 3206/4683/3988 3201/4708/4001
f 2648/2654/2530 1497/3318/3189 1496/1101/986 2649/1100/985
f 4350/1741/1626 4354/4680/3985 4355/2872/2748 4351/3217/3092
f 1777/2655/2531 1773/1095/980 1772/4788/4052 1123/4787/4051
f 3481/2017/1902 3476/2162/2047 2752/4707/4145
f 2752/4707/4145 3476/2162/2047 2753/4949/4002
f 2753/4949/4002 3476/2162/2047 2827/4783/4048
f 2753/4949/4002 2827/4783/4048 3494/4671/3980
f 3490/2662/2538 3486/1911/1796 2793/4950/19
f 3490/2662/2538 2793/4950/19 2829/2663/2539
f 2829/2663/2539 2793/4950/19 3138/3006/2881
f 4331/2666/2542 3215/2665/2541 3214/4843/4106 4330/3116/2991
f 1506/2029/1914 1511/2587/2465 1512/2319/2204 1505/2322/2207
f 3755/431/316 3037/2939/2815 3036/2779/2655 3756/2777/2653
f 4329/2030/1915 4317/2033/1918 4326/3213/3088 4325/3211/3086
f 3507/2303/2188 3502/2476/2354 2753/4949/4002
f 2753/4949/4002 3502/2476/2354 2831/1442/1327
f 2753/4949/4002 2831/1442/1327 2754/4713/3541
f 2754/4713/3541 2831/1442/1327 3520/1441/1326
f 2754/4713/3541 3520/1441/1326 3511/2175/2060
f 2833/2675/2551 3516/3089/2964 2794/4951/19
f 2833/2675/2551 2794/4951/19 3128/2676/2552
f 3128/2676/2552 2794/4951/19 3129/3119/2994
f 2598/2038/1923 2594/1459/1344 2593/2929/2805 2597/2036/1921
f 2951/3207/3082 4282/2947/2823 4290/2946/2822 4295/3203/3078
f 3528/4842/4105 2835/1452/1337 2754/4713/3541
f 2754/4713/3541 2835/1452/1337 2755/4715/116
f 2755/4715/116 2835/1452/1337 3546/1451/1336
f 2755/4715/116 3546/1451/1336 3537/3031/2906
f 3221/2680/2556 3222/3239/3114 3225/931/816 3226/2575/2453
f 4284/1697/1582 4279/2975/2850 4278/2977/2852 4283/1698/1583
f 2837/906/791 3542/1966/1851 2795/4952/19
f 2837/906/791 2795/4952/19 3118/907/792
f 3118/907/792 2795/4952/19 3119/4933/4148
f 2155/1822/1707 2151/2388/2266 2150/1542/1427 2154/1819/1704
f 2562/1114/999 2557/1467/1352 1243/4781/4046 2561/4665/3976
f 3554/2697/2573 2839/2696/2572 2755/4715/116
f 2755/4715/116 2839/2696/2572 2756/4720/108
f 2756/4720/108 2839/2696/2572 3572/4782/4047
f 2756/4720/108 3572/4782/4047 3563/2169/2054
f 1863/1951/1836 1136/2558/2436 1868/2165/2050 1864/1952/1837
f 2554/1465/1350 2549/2556/2434 2548/2555/2433 2553/1466/1351
f 2841/2700/2576 3568/4953/4152 2796/4954/19
f 2841/2700/2576 2796/4954/19 3108/843/728
f 3108/843/728 2796/4954/19 3109/844/729
f 3242/1118/1003 4249/2548/2426 2945/2551/2429 3243/1119/1004
f 2545/2930/2806 1536/3312/3183 1535/2552/2430 2546/1682/1567
f 2546/1682/1567 2542/1469/1354 2541/2049/1934 2545/2930/2806
f 4251/2201/2086 4247/3127/3002 4246/3129/3004 4250/2974/2849
f 2535/2708/2584 2539/2704/2580 2540/2703/2579 2536/2705/2581
f 3580/1122/1007 2843/4839/4102 2756/4720/108
f 2756/4720/108 2843/4839/4102 2757/4955/93
f 2757/4955/93 2843/4839/4102 3598/1677/1562
f 2757/4955/93 3598/1677/1562 3589/1676/1561
f 2527/3084/2959 2522/1242/1127 2521/2164/2049 2526/4780/4045
f 2528/2161/2046 2523/1243/1128 2522/1242/1127 2527/3084/2959
f 2845/572/457 3594/571/456 2797/4956/79
f 2845/572/457 2797/4956/79 3098/2932/2808
f 3098/2932/2808 2797/4956/79 3099/2664/2540
f 3252/1665/1550 3253/1664/1549 3254/4838/4101 3255/827/712
f 4414/3236/3111 4415/3103/2978 4410/2617/2495 4409/1281/1166
f 2513/560/445 1236/3193/3068 2518/1915/1800 2514/561/446
f 3611/1130/1015 3606/1475/1360 2757/4955/93
f 2757/4955/93 3606/1475/1360 2758/4728/73
f 2758/4728/73 3606/1475/1360 2847/1474/1359
f 2758/4728/73 2847/1474/1359 3624/3083/2958
f 2718/1016/901 2722/1037/922 2723/1040/925 2719/1017/902
f 1999/785/670 1351/784/669 1350/775/660 2000/774/659
f 2499/4653/3969 2504/2722/2598 2503/1232/1117 2507/1231/1116
f 3620/2720/2596 3616/1921/1806 2798/4957/19
f 3620/2720/2596 2798/4957/19 2849/4818/4081
f 2849/4818/4081 2798/4957/19 3088/2487/2365
f 1562/2057/1942 2498/2686/2562 1233/2723/2599 1563/2058/1943
f 2416/1485/1370 1585/2491/2369 1584/2490/2368 2404/1486/1371
f 3391/2943/2819 3021/1166/1051 3020/1167/1052 3390/1606/1491
f 2492/2229/2114 1557/1654/1539 1556/1656/1541 2493/3135/3010
f 3774/1338/1223 3778/1337/1222 3779/2122/2007 3775/2121/2006
f 3637/1948/1833 3632/1947/1832 2758/4728/73
f 2758/4728/73 3632/1947/1832 2759/4733/54
f 2759/4733/54 3632/1947/1832 2851/2530/2408
f 2759/4733/54 2851/2530/2408 3650/2529/2407
f 2479/1219/1104 2475/1643/1528 2474/4779/4044 1231/4778/4043
f 2476/1642/1527 2480/815/700 2481/817/702 2477/820/705
f 3646/2728/2604 3642/2727/2603 2799/4958/19
f 3646/2728/2604 2799/4958/19 2853/2918/2794
f 2853/2918/2794 2799/4958/19 3078/2919/2795
f 3274/2518/2396 4174/823/708 4175/822/707 3275/2519/2397
f 1566/2060/1945 1571/521/406 1572/524/409 1565/2061/1946
f 4254/1689/1574 4259/1934/1819 4260/3121/2996 4255/1686/1571
f 2461/4648/3966 1228/2731/2607 2466/2063/1948 2462/1890/1775
f 3663/2734/2610 3658/2733/2609 2759/4733/54
f 2759/4733/54 3658/2733/2609 2760/4738/4017
f 2760/4738/4017 3658/2733/2609 2855/3140/3015
f 2760/4738/4017 2855/3140/3015 3676/4777/4042
f 3672/2738/2614 3668/1899/1784 2800/4959/19
f 3672/2738/2614 2800/4959/19 2857/2917/2793
f 2857/2917/2793 2800/4959/19 3068/717/602
f 3284/4930/4147 4148/4858/4121 4149/982/867 3285/2512/2390
f 3282/2506/2384 3283/2505/2383 3284/4930/4147 3285/2512/2390
f 4146/548/433 3281/1607/1492 3280/1610/1495 4147/549/434
f 3689/768/653 3684/767/652 2760/4738/4017
f 2760/4738/4017 3684/767/652 2761/4742/4153
f 2761/4742/4153 3684/767/652 2859/4775/4040
f 2761/4742/4153 2859/4775/4040 3702/2544/2422
f 3698/3280/3155 3694/3073/2948 2801/4960/19
f 3698/3280/3155 2801/4960/19 2861/3078/2953
f 2861/3078/2953 2801/4960/19 3058/3079/2954
f 4123/2494/2372 3295/2493/2371 3294/4961/4154 4122/4859/4122
f 3294/4961/4154 3295/2493/2371 3292/1315/1200 3293/4850/4113
f 1586/477/362 1591/480/365 1592/2488/2366 1585/2491/2369
f 4121/3158/3033 4117/3321/3192 4116/3320/3191 4120/1317/1202
f 4121/3158/3033 4109/3159/3034 4118/4796/4060 4117/3321/3192
f 3715/2762/2638 3710/2761/2637 2761/4742/4153
f 2761/4742/4153 3710/2761/2637 2863/2132/2017
f 2761/4742/4153 2863/2132/2017 2762/4746/86
f 2762/4746/86 2863/2132/2017 3728/2131/2016
f 2762/4746/86 3728/2131/2016 3719/761/646
f 2865/2768/2644 3724/2767/2643 2802/4962/19
f 2865/2768/2644 2802/4962/19 3048/3253/3128
f 3048/3253/3128 2802/4962/19 3049/3252/3127
f 2389/4626/3955 1596/453/338 1595/2076/1961 2390/1487/1372
f 2390/1487/1372 2386/434/319 2385/4747/4023 2389/4626/3955
f 2380/448/333 2384/447/332 2385/4747/4023 2381/1493/1378
f 3736/1491/1376 2867/1490/1375 2762/4746/86
f 2762/4746/86 2867/1490/1375 2763/4750/87
f 2763/4750/87 2867/1490/1375 3754/3263/3138
f 2763/4750/87 3754/3263/3138 3745/3262/3137
f 2371/2128/2013 2366/2449/2327 2365/3184/3059 2370/2129/2014
f 2996/2821/2697 3001/1817/1702 3002/667/552 2995/2822/2698
f 2869/430/315 3750/429/314 2803/4963/19
f 2869/430/315 2803/4963/19 3038/2938/2814
f 3038/2938/2814 2803/4963/19 3039/1496/1381
f 1142/4727/4010 1901/1918/1803 1909/1917/1802 1914/838/723
f 2363/2079/1964 1606/2891/2767 1605/2084/1969 2364/1395/1280
f 2354/409/294 2349/1334/1219 1211/2441/2319 2353/2782/2658
f 3762/3017/2892 2871/2124/2009 2763/4750/87
f 2763/4750/87 2871/2124/2009 2764/4753/3548
f 2764/4753/3548 2871/2124/2009 3780/2123/2008
f 2764/4753/3548 3780/2123/2008 3771/725/610
f 4051/2126/2011 4046/2435/2313 4045/2787/2663 4050/2127/2012
f 4067/1862/1747 4063/1861/1746 4062/2445/2323 2917/4848/4111
f 2873/2786/2662 3776/2785/2661 2804/4964/19
f 2873/2786/2662 2804/4964/19 3028/2940/2816
f 3028/2940/2816 2804/4964/19 3029/3254/3129
f 2338/1504/1389 2334/374/259 2333/378/263 2337/2085/1970
f 4043/726/611 4039/2426/2304 4038/733/618 4042/1161/1046
f 2328/2116/2001 2332/2895/2771 2333/378/263 2329/377/262
f 2327/3063/2938 2331/2941/2817 2332/2895/2771 2328/2116/2001
f 4373/2596/2474 4377/2972/2847 4378/3327/3196 2963/4814/4077
f 3788/2113/1998 2875/2112/1997 2764/4753/3548
f 2764/4753/3548 2875/2112/1997 2765/4756/94
f 2765/4756/94 2875/2112/1997 3806/2422/2300
f 2765/4756/94 3806/2422/2300 3797/2421/2299
f 3483/1412/1297 3479/1096/981 3478/1099/984 3482/1413/1298
f 2877/2800/2676 3802/2798/2674 2805/4965/19
f 2877/2800/2676 2805/4965/19 3018/1559/1444
f 3018/1559/1444 2805/4965/19 3019/1560/1445
f 2442/1482/1367 1575/1143/1028 1574/2067/1952 2430/1483/1368
f 2305/4624/3954 1204/2990/2865 2310/352/237 2306/351/236
f 3819/353/238 3814/1218/1103 2765/4756/94
f 2765/4756/94 3814/1218/1103 2766/4762/95
f 2766/4762/95 3814/1218/1103 2879/2299/2184
f 2766/4762/95 2879/2299/2184 3832/4774/4039
f 2298/2301/2186 2294/678/563 2293/677/562 2297/1908/1793
f 3828/2810/2686 3824/2809/2685 2806/4966/19
f 3828/2810/2686 2806/4966/19 2881/2915/2791
f 2881/2915/2791 2806/4966/19 3008/3009/2884
f 1561/1655/1540 2497/1229/1114 2498/2686/2562 1562/2057/1942
f 2284/684/569 1637/683/568 1636/1523/1408 2285/686/571
f 3845/3174/3049 3840/3173/3048 2766/4762/95
f 2766/4762/95 3840/3173/3048 2767/4765/104
f 2767/4765/104 3840/3173/3048 2883/4844/4107
f 2767/4765/104 2883/4844/4107 3858/1197/1082
f 2271/2295/2180 2267/313/198 2266/2846/2722 1199/2292/2177
f 2146/1543/1428 2150/1542/1427 2151/2388/2266 2147/2247/2132
f 3977/2248/2133 3973/2392/2270 3972/2948/2824 3976/696/581
f 2265/319/204 2270/1176/1061 2269/1175/1060 2273/320/205
f 3854/2820/2696 3850/2819/2695 2807/4967/19
f 3854/2820/2696 2807/4967/19 2885/2913/2789
f 2885/2913/2789 2807/4967/19 2998/2382/2260
f 1297/1536/1421 1296/2901/2777 2159/2826/2702 2160/1823/1708
f 2253/3181/3056 1196/2995/2870 2258/304/189 2254/303/188
f 3871/305/190 3866/2096/1981 2767/4765/104
f 2767/4765/104 3866/2096/1981 2768/4918/2214
f 2768/4918/2214 3866/2096/1981 2887/2285/2170
f 2768/4918/2214 2887/2285/2170 3884/4772/4037
f 2015/3146/3021 2019/2474/2352 2020/2475/2353 2016/3147/3022
f 3880/3276/3151 3876/3275/3150 2808/4968/19
f 3880/3276/3151 2808/4968/19 2889/3059/2934
f 2889/3059/2934 2808/4968/19 2988/3060/2935
f 2256/302/187 2260/301/186 2248/3249/3124 2257/4615/3949
f 3897/4610/3946 3892/4831/4094 2768/4918/2214
f 2770/4921/19 3928/4633/3957 2769/4919/19
f 2769/4919/19 3928/4633/3957 2896/3271/3146
f 2769/4919/19 2896/3271/3146 3919/3270/3145
f 2654/2652/2528 2659/1757/1642 2660/1756/1641 1257/4845/4108
f 2771/4922/19 3954/671/556 2770/4921/19
f 2770/4921/19 3954/671/556 2900/295/180
f 2770/4921/19 2900/295/180 3945/294/179
f 2173/2256/2141 2177/2255/2140 2178/1181/1066 2174/2715/2591
f 2772/4923/19 3980/694/579 2771/4922/19
f 2771/4922/19 3980/694/579 2904/693/578
f 2771/4922/19 2904/693/578 3971/2949/2825
f 1502/2547/2425 2654/2652/2528 1257/4845/4108 1503/4803/4066
f 2773/4924/19 4006/2807/2683 2772/4923/19
f 2772/4923/19 4006/2807/2683 2908/2806/2682
f 2772/4923/19 2908/2806/2682 3997/4761/4030
f 2121/2245/2130 2125/4856/4119 2126/3023/2898 2122/2970/2845
f 2774/4925/19 2912/736/621 2773/4924/19
f 2773/4924/19 2912/736/621 4023/2989/2864
f 2773/4924/19 4023/2989/2864 4018/2916/2792
f 2322/371/256 1205/4826/4089 2316/2801/2677 2321/372/257
f 3803/2799/2675 3807/365/250 3808/368/253 3804/3265/3140
f 2775/4926/19 2916/2986/2861 2774/4925/19
f 2774/4925/19 2916/2986/2861 4049/2985/2860
f 2774/4925/19 4049/2985/2860 4044/3016/2891
f 2776/4927/19 2920/3278/3153 2775/4926/19
f 2775/4926/19 2920/3278/3153 4075/2233/2118
f 2775/4926/19 4075/2233/2118 4070/2232/2117
f 1724/1783/1668 1113/989/874 1718/988/873 1723/1784/1669
f 2777/4928/19 2924/3157/3032 2776/4927/19
f 2776/4927/19 2924/3157/3032 4101/2226/2111
f 2776/4927/19 4101/2226/2111 4096/2225/2110
f 1612/2081/1966 2368/428/313 1213/2818/2694 1613/2082/1967
f 2021/3153/3028 2025/759/644 2026/750/635 2022/3154/3029
f 2778/4929/19 4136/2751/2627 2777/4928/19
f 2777/4928/19 4136/2751/2627 2928/2758/2634
f 2777/4928/19 2928/2758/2634 4127/2757/2633
f 3694/3073/2948 3698/3280/3155 3699/3279/3154 3695/3071/2946
f 1991/1599/1484 1995/2850/2726 1996/1999/1884 1992/1604/1489
f 2779/4931/19 4162/2737/2613 2778/4929/19
f 2778/4929/19 4162/2737/2613 2932/3074/2949
f 2778/4929/19 2932/3074/2949 4153/4694/3993
f 2780/4932/19 4188/2657/2533 2779/4931/19
f 2779/4931/19 4188/2657/2533 2936/2656/2532
f 2779/4931/19 2936/2656/2532 4179/824/709
f 2781/4935/3325 4214/1234/1119 2780/4932/19
f 2780/4932/19 4214/1234/1119 2940/1233/1118
f 2780/4932/19 2940/1233/1118 4205/841/726
f 2782/4936/19 2944/2710/2586 2781/4935/3325
f 2781/4935/3325 2944/2710/2586 4231/2859/2735
f 2781/4935/3325 4231/2859/2735 4226/3126/3001
f 2783/4937/19 2948/2563/2441 2782/4936/19
f 2782/4936/19 2948/2563/2441 4257/3123/2998
f 2782/4936/19 4257/3123/2998 4252/594/479
f 3568/4953/4152 2841/2700/2576 3573/1938/1823 3569/1937/1822
f 1865/2166/2051 1869/587/472 1870/590/475 1866/2193/2078
f 2784/4938/19 2952/1699/1584 2783/4937/19
f 2783/4937/19 2952/1699/1584 4283/1698/1583
f 2783/4937/19 4283/1698/1583 4278/2977/2852
f 2785/4939/19 2956/2019/1904 2784/4938/19
f 2784/4938/19 2956/2019/1904 4309/773/658
f 2784/4938/19 4309/773/658 4304/772/657
f 1813/924/809 1817/923/808 1818/930/815 1814/1970/1855
f 2786/4940/19 4344/2143/2028 2785/4939/19
f 2785/4939/19 4344/2143/2028 2960/2142/2027
f 2785/4939/19 2960/2142/2027 4335/3117/2992
f 3488/1411/1296 3492/4678/3984 3493/4672/3981 3489/1972/1857
f 2787/4941/19 4370/1760/1645 2786/4940/19
f 2786/4940/19 4370/1760/1645 2964/1759/1644
f 2786/4940/19 2964/1759/1644 4361/3095/2970
f 1758/1399/1284 1762/1984/1869 1763/1983/1868 1118/4706/3999
f 1757/1401/1286 1761/973/858 1762/1984/1869 1758/1399/1284
f 2788/4942/19 4396/3220/3095 2787/4941/19
f 2787/4941/19 4396/3220/3095 2968/3229/3104
f 2787/4941/19 2968/3229/3104 4387/4854/4117
f 1731/995/880 1735/2437/2315 1736/3107/2982 1732/1389/1274
f 2789/4944/4151 4422/4871/4134 2788/4942/19
f 2788/4942/19 4422/4871/4134 2972/3251/3126
f 2788/4942/19 2972/3251/3126 4413/3250/3125
f 1706/1136/1021 1710/2635/2511 1711/2634/2510 1110/4697/3994
f 1705/1139/1024 1709/3102/2977 1710/2635/2511 1706/1136/1021
f 2790/4946/19 2816/1375/1260 2789/4969/4151
f 2789/4969/4151 2816/1375/1260 3399/3225/3100
f 2789/4969/4151 3399/3225/3100 3394/4943/4150
f 2791/4947/19 2820/4810/4073 2790/4946/19
f 2790/4946/19 2820/4810/4073 3425/3054/2929
f 2790/4946/19 3425/3054/2929 3420/3053/2928
f 2792/4948/19 2824/2650/2526 2791/4947/19
f 2791/4947/19 2824/2650/2526 3451/3047/2922
f 2791/4947/19 3451/3047/2922 3446/3098/2973
f 2220/2262/2147 2225/4832/4095 2226/2842/2718 2221/2274/2159
f 2793/4950/19 2828/1910/1795 2792/4948/19
f 2792/4948/19 2828/1910/1795 3477/2593/2471
f 2792/4948/19 3477/2593/2471 3472/2592/2470
f 2556/1249/1134 1241/4836/4099 2550/2861/2737 2555/1250/1135
f 2794/4951/19 3512/3088/2963 2793/4950/19
f 2793/4950/19 3512/3088/2963 2832/3038/2913
f 2793/4950/19 2832/3038/2913 3503/1438/1323
f 2615/1720/1605 2619/1433/1318 2620/1435/1320 2616/2671/2547
f 2795/4952/19 3538/615/500 2794/4951/19
f 2794/4951/19 3538/615/500 2836/614/499
f 2794/4951/19 2836/614/499 3529/3032/2907
f 2589/2571/2449 2593/2929/2805 2594/1459/1344 2590/1458/1343
f 2796/4954/19 3564/4841/4104 2795/4952/19
f 2795/4952/19 3564/4841/4104 2840/3030/2905
f 2795/4952/19 2840/3030/2905 3555/3029/2904
f 2564/2561/2439 2568/4717/4005 2569/4664/3975 1242/2936/2812
f 2563/1117/1002 2567/1116/1001 2568/4717/4005 2564/2561/2439
f 2797/4956/79 3590/1926/1811 2796/4954/19
f 2796/4954/19 3590/1926/1811 2844/1925/1810
f 2796/4954/19 2844/1925/1810 3581/3245/3120
f 2798/4957/19 2848/554/439 2797/4956/79
f 2797/4956/79 2848/554/439 3607/553/438
f 2797/4956/79 3607/553/438 3602/2054/1939
f 4218/4934/4149 2941/1663/1548 4223/1666/1551 4219/2537/2415
f 2799/4958/19 2852/532/417 2798/4957/19
f 2798/4957/19 2852/532/417 3633/531/416
f 2798/4957/19 3633/531/416 3628/3248/3123
f 2489/813/698 2493/3135/3010 2494/1647/1532 2490/1646/1531
f 2800/4959/19 2856/1898/1783 2799/4958/19
f 2799/4958/19 2856/1898/1783 3659/4734/4014
f 2799/4958/19 3659/4734/4014 3654/2517/2395
f 2801/4960/19 2860/3072/2947 2800/4959/19
f 2800/4959/19 2860/3072/2947 3685/4740/4019
f 2800/4959/19 3685/4740/4019 3680/4739/4018
f 2802/4962/19 3720/1590/1475 2801/4960/19
f 2801/4960/19 3720/1590/1475 2864/1589/1474
f 2801/4960/19 2864/1589/1474 3711/3021/2896
f 2572/1110/995 2560/1113/998 2569/4664/3975 2568/4717/4005
f 2803/4963/19 3746/3161/3036 2802/4962/19
f 2802/4962/19 3746/3161/3036 2868/1871/1756
f 2802/4962/19 2868/1871/1756 3737/1870/1755
f 2381/1493/1378 2385/4747/4023 2386/434/319 2382/433/318
f 2804/4964/19 3772/2784/2660 2803/4963/19
f 2803/4963/19 3772/2784/2660 2872/3018/2893
f 2803/4963/19 2872/3018/2893 3763/4806/4069
f 2355/412/297 2359/411/296 2360/1398/1283 2356/1503/1388
f 2805/4965/19 3798/2120/2005 2804/4964/19
f 2804/4964/19 3798/2120/2005 2876/1857/1742
f 2804/4964/19 2876/1857/1742 3789/1855/1740
f 2806/4966/19 2880/4621/3952 2805/4965/19
f 2805/4965/19 2880/4621/3952 3815/4863/4126
f 2805/4965/19 3815/4863/4126 3810/4827/4090
f 2446/787/672 2451/3077/2952 2452/4736/4015 1225/788/673
f 2107/708/593 2112/712/597 2113/711/596 2108/1849/1734
f 2807/4967/19 2884/2994/2869 2806/4966/19
f 2806/4966/19 2884/2994/2869 3841/324/209
f 2806/4966/19 3841/324/209 3836/323/208
f 2281/687/572 2285/686/571 2286/1524/1409 2282/1838/1723
f 2808/4968/19 2888/3309/3180 2807/4967/19
f 2807/4967/19 2888/3309/3180 3867/2828/2704
f 2807/4967/19 3867/2828/2704 3862/2827/2703
f 2845/572/457 3098/2932/2808 3097/2931/2807 3599/573/458
f 3170/1277/1162 3421/3052/2927 3422/3223/3098 3171/1278/1163
f 2769/4919/19 2892/660/545 2808/4968/19
f 2808/4968/19 2892/660/545 3893/659/544
f 2808/4968/19 3893/659/544 3888/4834/4097
f 2156/2387/2265 1290/1539/1424 1289/1538/1423 2144/3105/2980
f 2229/273/158 2233/272/157 2234/263/148 2230/262/147
f 2749/4784/2216 2809/4970/1246 3383/4804/4067
f 2809/1361/1246 2749/4693/2216 3174/1362/1247
f 3174/1362/1247 2749/4693/2216 4421/3064/2939
f 2810/4971/1249 3382/3335/3204 3383/4804/4067 2809/4970/1246
f 2811/4972/2507 3381/2964/2839 3382/3335/3204 2810/4971/1249
f 3381/2964/2839 2811/4972/2507 2812/1290/1175 3380/1289/1174
f 2813/1287/1172 2789/4969/4151 3379/1288/1173
f 3379/1288/1173 2789/4969/4151 3394/4943/4150
f 1447/2191/2076 1448/4815/4078 1439/4812/4075 1440/2192/2077
f 2749/4784/2216 3383/4804/4067 2814/1996/1881
f 1472/1284/1169 2726/1038/923 1268/4692/3992 1473/2958/2834
f 2750/4699/66 3407/1382/1267 3164/1381/1266
f 1713/2187/2072 1461/2186/2071 1460/1024/909 1714/1023/908
f 2790/4946/19 3408/1376/1261 2816/1375/1260
f 2972/3251/3126 4422/4871/4134 4423/4805/4068 4418/3237/3112
f 1267/4698/3995 2717/2632/2508 2718/1016/901 2713/1015/900
f 2818/2183/2068 2750/4699/66 3173/2181/2066
f 3173/2181/2066 2750/4699/66 3164/1381/1266
f 2751/4701/67 3433/3050/2925 3154/3049/2924
f 2790/4946/19 3420/3053/2928 3169/3100/2975
f 2791/4947/19 3434/2641/2517 2820/4810/4073
f 2688/3111/2986 2693/3110/2985 2694/1383/1268 2689/1388/1273
f 2822/960/845 2751/4701/67 3163/961/846
f 3163/961/846 2751/4701/67 3154/3049/2924
f 3197/2644/2520 3198/4702/3996 3189/4813/4076 3190/4704/3998
f 2752/4707/4145 3459/3042/2917 3144/3041/2916
f 2791/4947/19 3446/3098/2973 3159/663/548
f 2792/4948/19 3460/2325/2210 2824/2650/2526
f 1118/4706/3999 1745/1773/1658 1753/1400/1285 1758/1399/1284
f 1757/1401/1286 1752/1073/958 1751/963/848 1756/962/847
f 1259/2016/1901 2665/3233/3108 2666/2012/1897 2661/2011/1896
f 2826/1260/1145 2752/4707/4145 3153/1261/1146
f 3153/1261/1146 2752/4707/4145 3144/3041/2916
f 1497/3318/3189 1498/3317/3188 1499/4682/3987 1500/3093/2968
f 2753/4949/4002 3485/1729/1614 3134/1728/1613
f 1512/2319/2204 1511/2587/2465 2627/1089/974 2628/1088/973
f 2792/4948/19 3472/2592/2470 3149/1041/926
f 2961/2921/2797 3203/3113/2988 3202/3112/2987 4353/2922/2798
f 2793/4950/19 3486/1911/1796 2828/1910/1795
f 2486/816/701 1230/2726/2602 2473/818/703 2481/817/702
f 2635/3114/2989 2640/1093/978 2641/1738/1623 2636/1737/1622
f 2830/2304/2189 2753/4949/4002 3143/3092/2967
f 3143/3092/2967 2753/4949/4002 3134/1728/1613
f 2754/4713/3541 3511/2175/2060 3124/2174/2059
f 1522/2317/2202 1521/627/512 2601/1714/1599 2602/633/518
f 1874/2203/2088 1879/1922/1807 1880/3025/2900 1137/2204/2089
f 2793/4950/19 3498/1437/1322 3139/2924/2800
f 4214/1234/1119 4218/4934/4149 4219/2537/2415 4215/1235/1120
f 2834/620/505 2754/4713/3541 3133/621/506
f 3133/621/506 2754/4713/3541 3124/2174/2059
f 2755/4715/116 3537/3031/2906 3114/4716/4004
f 1532/2047/1932 1531/1252/1137 2575/897/782 2576/1254/1139
f 3524/4852/4115 3129/3119/2994 2794/4951/19
f 3524/4852/4115 2794/4951/19 3529/3032/2907
f 2838/605/490 2755/4715/116 3123/4667/3977
f 3123/4667/3977 2755/4715/116 3114/4716/4004
f 1529/1693/1578 1530/1251/1136 1527/3288/3163 1528/3289/3164
f 2756/4720/108 3563/2169/2054 3104/2168/2053
f 1542/3313/3184 1541/2557/2435 2549/2556/2434 2550/2861/2737
f 3550/4868/4131 3119/4933/4148 2795/4952/19
f 3550/4868/4131 2795/4952/19 3555/3029/2904
f 2842/4661/3973 2756/4720/108 3113/4662/3974
f 3113/4662/3974 2756/4720/108 3104/2168/2053
f 2757/4955/93 3589/1676/1561 3094/1238/1123
f 4229/704/589 3377/2716/2592 3376/825/710 4228/2160/2045
f 2524/869/754 1672/1127/1012 1671/1244/1129 2523/1243/1128
f 3576/3244/3119 3109/844/729 2796/4954/19
f 3576/3244/3119 2796/4954/19 3581/3245/3120
f 2757/4955/93 3103/1237/1122 3388/4819/4082
f 1547/565/450 1548/3194/3069 1549/4657/3971 1550/566/451
f 2757/4955/93 3388/4819/4082 2846/1131/1016
f 2758/4728/73 3615/4866/4129 3084/4731/4013
f 2797/4956/79 3602/2054/1939 3384/2053/1938
f 2798/4957/19 3616/1921/1806 2848/554/439
f 2506/1230/1115 2511/2719/2595 2512/2540/2418 2507/1231/1116
f 2505/2156/2041 2510/562/447 2511/2719/2595 2506/1230/1115
f 1235/2158/2043 2509/559/444 2510/562/447 2505/2156/2041
f 2850/545/430 2758/4728/73 3093/546/431
f 3093/546/431 2758/4728/73 3084/4731/4013
f 1557/1654/1539 1558/2725/2601 1559/1223/1108 1560/1226/1111
f 2759/4733/54 3641/2152/2037 3074/2151/2036
f 1571/521/406 1570/1627/1512 2470/2220/2105 2471/522/407
f 2798/4957/19 3628/3248/3123 3089/2484/2362
f 1849/597/482 1854/1692/1577 1853/1691/1576 1857/598/483
f 2799/4958/19 3642/2727/2603 2852/532/417
f 2854/3164/3039 2759/4733/54 3083/3165/3040
f 3083/3165/3040 2759/4733/54 3074/2151/2036
f 2760/4738/4017 3667/4644/3963 3064/3329/3198
f 2799/4958/19 3654/2517/2395 3079/2516/2394
f 2800/4959/19 3668/1899/1784 2856/1898/1783
f 3117/908/793 3120/4920/4146 3121/2688/2564 3116/2583/2461
f 4159/2855/2731 4164/2513/2391 4165/513/398 4160/2854/2730
f 1227/4737/4016 2457/4776/4041 2458/1889/1774 2453/1891/1776
f 2858/2747/2623 2760/4738/4017 3073/2748/2624
f 3073/2748/2624 2760/4738/4017 3064/3329/3198
f 1577/2937/2813 1578/3334/3203 1579/4641/3960 1580/502/387
f 2761/4742/4153 3693/2543/2421 3054/3190/3065
f 3874/2095/1980 3870/308/193 3869/2098/1983 3873/2097/1982
f 2800/4959/19 3680/4739/4018 3069/714/599
f 2117/710/595 2109/2969/2844 2114/1851/1736 2113/711/596
f 2801/4960/19 3694/3073/2948 2860/3072/2947
f 2862/3235/3110 2761/4742/4153 3063/3189/3064
f 3063/3189/3064 2761/4742/4153 3054/3190/3065
f 1354/4825/4088 1355/1318/1203 1352/783/668 1353/4743/4021
f 2762/4746/86 3719/761/646 3044/760/645
f 2801/4960/19 3706/2074/1959 3059/2073/1958
f 2866/2769/2645 2762/4746/86 3053/2669/2545
f 3053/2669/2545 2762/4746/86 3044/760/645
f 3307/2468/2346 3308/3187/3062 3299/764/649 3300/763/648
f 2763/4750/87 3745/3262/3137 3034/1770/1655
f 4264/3120/2995 4256/4857/4120 4261/4719/4006 4260/3121/2996
f 3732/3020/2895 3049/3252/3127 2802/4962/19
f 3732/3020/2895 2802/4962/19 3737/1870/1755
f 2870/1156/1041 2763/4750/87 3043/1769/1654
f 3043/1769/1654 2763/4750/87 3034/1770/1655
f 3317/2448/2326 3318/3028/2903 3309/2890/2766 3310/1863/1748
f 2764/4753/3548 3771/725/610 3024/724/609
f 1622/1157/1042 1621/2788/2664 2341/1000/885 2342/397/282
f 3758/1497/1382 3039/1496/1381 2803/4963/19
f 3758/1497/1382 2803/4963/19 3763/4806/4069
f 2874/2792/2668 2764/4753/3548 3033/2793/2669
f 3033/2793/2669 2764/4753/3548 3024/724/609
f 2765/4756/94 3797/2421/2299 3014/2803/2679
f 2316/2801/2677 1667/3255/3130 1666/361/246 2315/364/249
f 3784/1854/1739 3029/3254/3129 2804/4964/19
f 3784/1854/1739 2804/4964/19 3789/1855/1740
f 2765/4756/94 3023/2802/2678 3393/2945/2821
f 2765/4756/94 3393/2945/2821 2878/354/239
f 2766/4762/95 3823/4620/3951 3004/333/218
f 2805/4965/19 3810/4827/4090 3389/1605/1490
f 2806/4966/19 3824/2809/2685 2880/4621/3952
f 2297/1908/1793 2302/3062/2937 2303/2302/2187 2298/2301/2186
f 1203/1909/1794 2301/4773/4038 2302/3062/2937 2297/1908/1793
f 2882/4618/3950 2766/4762/95 3013/332/217
f 3013/332/217 2766/4762/95 3004/333/218
f 2767/4765/104 3849/1196/1081 2994/2825/2701
f 2806/4966/19 3836/323/208 3009/3007/2882
f 2807/4967/19 3850/2819/2695 2884/2994/2869
f 2271/2295/2180 2276/2294/2179 2277/2298/2183 2272/2297/2182
f 2886/306/191 2767/4765/104 3003/668/553
f 3003/668/553 2767/4765/104 2994/2825/2701
f 2768/4918/2214 3875/4861/4124 2984/3323/3194
f 1282/278/163 2180/4613/3948 1184/4768/4033 1283/279/164
f 2807/4967/19 3862/2827/2703 2999/2380/2258
f 2808/4968/19 3876/3275/3150 2888/3309/3180
f 3951/2257/2142 3956/3179/3054 3957/2138/2023 3952/2252/2137
f 1195/3268/3143 2249/3180/3055 2250/2288/2173 2245/2287/2172
f 2890/4611/3947 2768/4918/2214 2993/3322/3193
f 2993/3322/3193 2768/4918/2214 2984/3323/3194
f 2729/87/62 3901/259/144 2974/258/143
f 2210/2355/2233 1275/2999/2874 1274/2998/2873 2209/2356/2234
f 2982/601/486 2981/600/485 3916/2362/2240 3917/254/139
f 2808/4968/19 3888/4834/4097 2989/4833/4096
f 2769/4919/19 3902/662/547 2892/660/545
f 2894/253/138 2729/87/62 2983/4606/3943
f 2983/4606/3943 2729/87/62 2974/258/143
f 2730/4612/71 3927/4801/4065 3359/4771/4036
f 2990/3058/2933 3889/268/153 3890/267/152 2991/3003/2878
f 2234/263/148 1655/1529/1414 1654/1528/1413 2222/264/149
f 2769/4919/19 3914/4830/4093 2979/2359/2237
f 2898/4769/4034 2730/4612/71 3368/4770/4035
f 3368/4770/4035 2730/4612/71 3359/4771/4036
f 2731/4616/110 3953/2377/2255 3349/2282/2167
f 3940/646/531 3364/2371/2249 2770/4921/19
f 3940/646/531 2770/4921/19 3945/294/179
f 2902/2900/2776 2731/4616/110 3358/2281/2166
f 3358/2281/2166 2731/4616/110 3349/2282/2167
f 2732/4619/91 3979/4799/4063 3339/3177/3052
f 3966/2384/2262 3354/2383/2261 2771/4922/19
f 3966/2384/2262 2771/4922/19 3971/2949/2825
f 2906/3178/3053 2732/4619/91 3348/3176/3051
f 3348/3176/3051 2732/4619/91 3339/3177/3052
f 2733/4625/92 4005/4798/4062 3329/4758/4028
f 3390/1606/1491 3811/4623/3953 3812/3010/2885 3391/2943/2819
f 3992/4855/4118 3344/1545/1430 2772/4923/19
f 3992/4855/4118 2772/4923/19 3997/4761/4030
f 2733/4625/92 3338/4757/4027 3373/3066/2941
f 2733/4625/92 3373/3066/2941 2910/2237/2122
f 2734/4628/90 4031/728/613 3319/727/612
f 2773/4924/19 4018/2916/2792 3369/2088/1973
f 2877/2800/2676 3018/1559/1444 3017/366/251 3807/365/250
f 2774/4925/19 4032/737/622 2912/736/621
f 1171/1561/1446 2093/2423/2301 2094/2234/2119 2089/730/615
f 2914/3169/3044 2734/4628/90 3328/2790/2666
f 3328/2790/2666 2734/4628/90 3319/727/612
f 2735/4631/89 4057/745/630 3309/2890/2766
f 2774/4925/19 4044/3016/2891 3324/2432/2310
f 2775/4926/19 4058/2444/2322 2916/2986/2861
f 2070/2987/2862 1166/4751/4025 2057/401/286 2065/404/289
f 3768/408/293 3773/1335/1220 3774/1338/1223 3769/405/290
f 2918/2451/2329 2735/4631/89 3318/3028/2903
f 3318/3028/2903 2735/4631/89 3309/2890/2766
f 1332/417/302 1333/2309/2194 1334/2780/2656 1335/418/303
f 2736/4634/2220 4083/765/650 3299/764/649
f 1344/1869/1754 2027/2984/2859 2028/1867/1752 1345/1585/1470
f 2775/4926/19 4070/2232/2117 3314/2446/2324
f 2776/4927/19 4084/2770/2646 2920/3278/3153
f 2037/2452/2330 2042/1323/1208 2043/1326/1211 2038/2456/2334
f 2922/3186/3061 2736/4634/2220 3308/3187/3062
f 3308/3187/3062 2736/4634/2220 3299/764/649
f 2737/4638/2217 4109/3159/3034 3289/11/9
f 2002/1319/1204 1355/1318/1203 1354/4825/4088 2001/4824/4087
f 3060/2072/1957 3707/2070/1955 3708/2069/1954 3061/2492/2370
f 2776/4927/19 4096/2225/2110 3304/2465/2343
f 2777/4928/19 4110/2763/2639 2924/3157/3032
f 3564/4841/4104 3568/4953/4152 3569/1937/1822 3565/3087/2962
f 2011/1591/1476 2016/3147/3022 2017/3152/3027 2012/2481/2359
f 2926/2848/2724 2737/4638/2217 3298/10/8
f 3298/10/8 2737/4638/2217 3289/11/9
f 2738/4640/2218 4135/4795/4059 3279/4642/3961
f 3681/2040/1925 3070/715/600 3069/714/599 3680/4739/4018
f 2777/4928/19 4122/4859/4122 3294/4961/4154
f 2930/3281/3156 2738/4640/2218 3288/3282/3157
f 3288/3282/3157 2738/4640/2218 3279/4642/3961
f 2739/4649/63 4161/3333/3202 3269/2730/2606
f 2466/2063/1948 1567/1624/1509 1566/2060/1945 2467/2059/1944
f 1914/838/723 1918/837/722 1919/2951/2827 1142/4727/4010
f 4148/4858/4121 3284/4930/4147 2778/4929/19
f 4148/4858/4121 2778/4929/19 4153/4694/3993
f 2934/2527/2405 2739/4649/63 3278/2729/2605
f 3278/2729/2605 2739/4649/63 3269/2730/2606
f 2740/4652/3968 4187/4793/4057 3259/4763/4031
f 1387/2218/2103 1386/1907/1792 1925/1900/1785 1926/1903/1788
f 4174/823/708 3274/2518/2396 2779/4931/19
f 4174/823/708 2779/4931/19 4179/824/709
f 2938/4729/4011 2740/4652/3968 3268/4730/4012
f 3268/4730/4012 2740/4652/3968 3259/4763/4031
f 2741/4656/102 4213/2105/1990 3249/4725/4009
f 1898/4655/3970 1680/3286/3161 1679/3285/3160 1897/4792/4056
f 1680/3286/3161 1898/4655/3970 1899/1670/1555 1681/1669/1554
f 2519/1916/1801 1546/564/449 1545/1056/941 2520/1055/940
f 3117/908/793 3118/907/792 3119/4933/4148 3120/4920/4146
f 4200/840/725 3264/2534/2412 2780/4932/19
f 4200/840/725 2780/4932/19 4205/841/726
f 2741/4656/102 3258/4724/4008 3378/4723/4007
f 3705/2498/2376 3055/2497/2375 3054/3190/3065 3693/2543/2421
f 2741/4656/102 3378/4723/4007 2942/703/588
f 2742/4660/119 4239/2202/2087 3239/853/738
f 2781/4935/3325 4226/3126/3001 3374/4766/4032
f 2782/4936/19 4240/2711/2587 2944/2710/2586
f 3421/3052/2927 3170/1277/1162 3169/3100/2975 3420/3053/2928
f 1882/582/467 1887/581/466 1888/575/460 1883/578/463
f 1139/4659/3972 1885/3124/2999 1886/580/465 1881/579/464
f 2946/1687/1572 2742/4660/119 3248/852/737
f 3248/852/737 2742/4660/119 3239/853/738
f 2743/4666/107 4265/2978/2853 3229/3319/3190
f 1416/2811/2687 1847/2979/2854 1848/875/760 1417/874/759
f 2782/4936/19 4252/594/479 3244/593/478
f 1870/590/475 1400/589/474 1399/4817/4080 1858/2194/2079
f 2783/4937/19 4266/2564/2442 2948/2563/2441
f 1862/595/480 1866/2193/2078 1867/2195/2080 1134/596/481
f 2950/2569/2447 2743/4666/107 3238/3311/3182
f 3238/3311/3182 2743/4666/107 3229/3319/3190
f 2744/4673/57 4291/2879/2755 3219/2878/2754
f 1517/624/509 2596/2683/2559 1248/2684/2560 1518/625/510
f 1426/1961/1846 1821/3200/3075 1822/883/768 1427/882/767
f 2783/4937/19 4278/2977/2852 3234/2976/2851
f 2784/4938/19 4292/1700/1585 2952/1699/1584
f 1287/1747/1632 1288/1811/1696 1279/4829/4092 1280/1748/1633
f 1131/4790/4054 1833/890/775 1834/893/778 1829/1962/1847
f 2954/1711/1596 2744/4673/57 3228/1712/1597
f 3228/1712/1597 2744/4673/57 3219/2878/2754
f 2745/4675/56 4317/2033/1918 3209/2032/1917
f 1794/915/800 1435/914/799 1434/3291/3166 1793/3215/3090
f 2784/4938/19 4304/772/657 3224/932/817
f 2785/4939/19 4318/2020/1905 2956/2019/1904
f 2832/3038/2913 3512/3088/2963 3513/1447/1332 3508/640/525
f 3508/640/525 3513/1447/1332 3514/1448/1333 3509/637/522
f 2958/1731/1616 2745/4675/56 3218/4676/3982
f 3218/4676/3982 2745/4675/56 3209/2032/1917
f 2746/4681/4144 4343/2875/2751 3199/2874/2750
f 2785/4939/19 4330/3116/2991 3214/4843/4106
f 2962/1751/1636 2746/4681/4144 3208/1752/1637
f 3208/1752/1637 2746/4681/4144 3199/2874/2750
f 2747/4687/4141 4369/3326/3195 3189/4813/4076
f 3160/664/549 3447/3097/2972 3448/4686/3990 3161/2645/2521
f 1246/1461/1346 2577/1256/1141 2585/1255/1140 2590/1458/1343
f 4356/984/869 3204/983/868 2786/4940/19
f 4356/984/869 2786/4940/19 4361/3095/2970
f 2966/2606/2484 2747/4687/4141 3198/4702/3996
f 3198/4702/3996 2747/4687/4141 3189/4813/4076
f 2748/4689/117 4395/3222/3097 3179/2637/2513
f 1314/1847/1732 1684/1170/1055 1685/706/591 1315/1848/1733
f 1467/987/872 1466/4847/4110 1717/1785/1670 1718/988/873
f 4382/4853/4116 3194/4811/4074 2787/4941/19
f 4382/4853/4116 2787/4941/19 4387/4854/4117
f 2970/1789/1674 2748/4689/117 3188/1790/1675
f 3188/1790/1675 2748/4689/117 3179/2637/2513
f 4408/1280/1165 3184/1279/1164 2788/4942/19
f 4408/1280/1165 2788/4942/19 4413/3250/3125
f 2769/4919/19 2979/2359/2237 2978/2360/2238
f 2894/253/138 3923/252/137 2729/87/62
f 2808/4968/19 2989/4833/4096 2988/3060/2935
f 2890/4611/3947 3897/4610/3946 2768/4918/2214
f 2807/4967/19 2999/2380/2258 2998/2382/2260
f 2886/306/191 3871/305/190 2767/4765/104
f 2806/4966/19 3009/3007/2882 3008/3009/2884
f 2882/4618/3950 3845/3174/3049 2766/4762/95
f 1631/362/247 1666/361/246 1667/3255/3130 1632/1513/1398
f 3798/2120/2005 2805/4965/19 3802/2798/2674
f 3389/1605/1490 3019/1560/1445 2805/4965/19
f 3023/2802/2678 2765/4756/94 3014/2803/2679
f 1616/2086/1971 1617/381/266 1620/380/265 1621/2788/2664
f 2336/2896/2772 1617/381/266 1616/2086/1971 2337/2085/1970
f 1616/2086/1971 1621/2788/2664 1622/1157/1042 1615/1505/1390
f 3772/2784/2660 2804/4964/19 3776/2785/2661
f 2764/4753/3548 2874/2792/2668 3793/4864/4127
f 3746/3161/3036 2803/4963/19 3750/429/314
f 2763/4750/87 2870/1156/1041 3767/1155/1040
f 2362/2080/1965 2358/410/295 2357/2783/2659 1212/2997/2872
f 4094/1864/1749 3301/3185/3060 3300/763/648 4095/762/647
f 3720/1590/1475 2802/4962/19 3724/2767/2643
f 2762/4746/86 2866/2769/2645 3741/4865/4128
f 2801/4960/19 3059/2073/1958 3058/3079/2954
f 2862/3235/3110 3715/2762/2638 2761/4742/4153
f 2800/4959/19 3069/714/599 3068/717/602
f 2858/2747/2623 3689/768/653 2760/4738/4017
f 2799/4958/19 3079/2516/2394 3078/2919/2795
f 2854/3164/3039 3663/2734/2610 2759/4733/54
f 2798/4957/19 3089/2484/2362 3088/2487/2365
f 2850/545/430 3637/1948/1833 2758/4728/73
f 1549/4657/3971 1669/2163/2048 1670/1241/1126 1550/566/451
f 1551/563/448 1671/1244/1129 1672/1127/1012 1552/1126/1011
f 3590/1926/1811 2797/4956/79 3594/571/456
f 3384/2053/1938 3099/2664/2540 2797/4956/79
f 3103/1237/1122 2757/4955/93 3094/1238/1123
f 2544/648/533 1537/647/532 1536/3312/3183 2545/2930/2806
f 2195/3138/3013 2191/1813/1698 2190/1358/1243 2194/1357/1242
f 3564/4841/4104 2796/4954/19 3568/4953/4152
f 2180/4613/3948 2176/2254/2139 2175/2374/2252 1184/4768/4033
f 2756/4720/108 2842/4661/3973 3585/1123/1008
f 1526/3242/3117 1527/3288/3163 1530/1251/1136 1531/1252/1137
f 3579/2702/2578 3578/1685/1570 3583/1321/1206 3584/1124/1009
f 3538/615/500 2795/4952/19 3542/1966/1851
f 2755/4715/116 2838/605/490 3559/604/489
f 1426/1961/1846 1425/1960/1845 1820/3205/3080 1821/3200/3075
f 3512/3088/2963 2794/4951/19 3516/3089/2964
f 1424/1959/1844 1819/3208/3083 1820/3205/3080 1425/1960/1845
f 2754/4713/3541 2834/620/505 3533/4870/4133
f 3528/4842/4105 3533/4870/4133 3532/4869/4132 3536/3328/3197
f 2793/4950/19 3139/2924/2800 3138/3006/2881
f 2830/2304/2189 3507/2303/2188 2753/4949/4002
f 2792/4948/19 3149/1041/926 3148/1044/929
f 1768/935/820 1445/934/819 1444/1753/1638 1767/4789/4053
f 2826/1260/1145 3481/2017/1902 2752/4707/4145
f 1487/2177/2062 1490/1267/1152 1491/1266/1151 1486/2178/2063
f 2791/4947/19 3159/663/548 3158/666/551
f 2822/960/845 3455/4786/4050 2751/4701/67
f 2790/4946/19 3169/3100/2975 3168/3099/2974
f 2818/2183/2068 3429/3316/3187 2750/4699/66
f 3380/1289/1174 3379/1288/1173 3394/4943/4150 3395/2962/2837
f 4422/4871/4134 2789/4944/4151 4426/2623/2501
f 4295/3203/3078 4290/2946/2822 4289/1964/1849 4294/3201/3076
f 4396/3220/3095 2788/4942/19 4400/2612/2490
f 2748/4689/117 2970/1789/1674 4417/3295/3170
f 4370/1760/1645 2787/4941/19 4374/2973/2848
f 2747/4687/4141 2966/2606/2484 4391/1298/1183
f 1497/3318/3189 1500/3093/2968 1501/2546/2424 1496/1101/986
f 4344/2143/2028 2786/4940/19 4348/2920/2796
f 1499/4682/3987 2651/3044/2919 2652/3043/2918 1500/3093/2968
f 2746/4681/4144 2962/1751/1636 4365/1549/1434
f 2785/4939/19 3214/4843/4106 3213/2582/2460
f 2958/1731/1616 4339/1730/1615 2745/4675/56
f 2784/4938/19 3224/932/817 3223/3240/3115
f 2193/1360/1245 2189/1359/1244 2188/2367/2245 1187/4800/4064
f 2954/1711/1596 4313/3037/2912 2744/4673/57
f 2783/4937/19 3234/2976/2851 3233/3290/3165
f 2950/2569/2447 4287/2568/2446 2743/4666/107
f 1536/3312/3183 1537/647/532 1540/2554/2432 1541/2557/2435
f 2782/4936/19 3244/593/478 3243/1119/1004
f 2946/1687/1572 4261/4719/4006 2742/4660/119
f 3102/1240/1125 3387/3192/3067 3388/4819/4082 3103/1237/1122
f 3101/1672/1557 3386/1671/1556 3387/3192/3067 3102/1240/1125
f 4214/1234/1119 2781/4935/3325 4218/4934/4149
f 3374/4766/4032 3254/4838/4101 2781/4935/3325
f 3258/4724/4008 2741/4656/102 3249/4725/4009
f 1556/1656/1541 1561/1655/1540 1562/2057/1942 1555/2055/1940
f 4188/2657/2533 2780/4932/19 4192/4651/3967
f 3627/971/856 3085/970/855 3084/4731/4013 3615/4866/4129
f 2740/4652/3968 2938/4729/4011 4209/1658/1543
f 1567/1624/1509 1570/1627/1512 1571/521/406 1566/2060/1945
f 4162/2737/2613 2779/4931/19 4166/1634/1519
f 2739/4649/63 2934/2527/2405 4183/2526/2404
f 3653/889/774 3641/2152/2037 3650/2529/2407 3649/2524/2402
f 3678/2742/2618 3066/2741/2617 3065/2745/2621 3679/4643/3962
f 4136/2751/2627 2778/4929/19 4140/2752/2628
f 1579/4641/3960 2443/1212/1097 2444/503/388 1580/502/387
f 2738/4640/2218 2930/3281/3156 4157/2852/2728
f 3056/780/665 3061/2492/2370 3062/3188/3063 3055/2497/2375
f 2777/4928/19 3294/4961/4154 3293/4850/4113
f 2926/2848/2724 4131/2026/1911 2737/4638/2217
f 2776/4927/19 3304/2465/2343 3303/2464/2342
f 2922/3186/3061 4105/4745/4022 2736/4634/2220
f 1606/2891/2767 1607/2888/2764 1610/2887/2763 1611/2778/2654
f 2775/4926/19 3314/2446/2324 3313/2447/2325
f 2918/2451/2329 4079/2450/2328 2735/4631/89
f 2774/4925/19 3324/2432/2310 3323/2431/2309
f 1168/2439/2317 1323/2892/2768 1322/721/606 2076/720/605
f 2914/3169/3044 4053/1331/1216 2734/4628/90
f 1686/709/594 1316/1841/1726 1315/1848/1733 1685/706/591
f 4006/2807/2683 2773/4924/19 4010/2409/2287
f 3369/2088/1973 3334/2087/1972 2773/4924/19
f 3338/4757/4027 2733/4625/92 3329/4758/4028
f 3543/1455/1340 3547/909/794 3548/2170/2055 3544/1456/1341
f 3980/694/579 2772/4923/19 3984/2102/1987
f 2732/4619/91 2906/3178/3053 4001/3267/3142
f 1791/948/833 1431/4677/3983 1430/2902/2778 1792/1975/1860
f 3954/671/556 2771/4922/19 3958/672/557
f 2731/4616/110 2902/2900/2776 3975/2396/2274
f 2154/1819/1704 2150/1542/1427 2149/1541/1426 1180/3183/3058
f 2986/1806/1691 2991/3003/2878 2992/3002/2877 2985/1807/1692
f 2180/4613/3948 1282/278/163 1281/1184/1069 2181/2372/2250
f 1656/1530/1415 1661/1182/1067 1662/1183/1068 1655/1529/1414
f 3928/4633/3957 2770/4921/19 3932/2368/2246
f 2730/4612/71 2898/4769/4034 3949/2250/2135
f 2910/2237/2122 4027/2236/2121 2733/4625/92
f 2942/703/588 4235/702/587 2741/4656/102
f 2814/1996/1881 3403/1995/1880 2749/4784/2216
f 2846/1131/1016 3611/1130/1015 2757/4955/93
f 2878/354/239 3819/353/238 2765/4756/94
f 3407/1382/1267 2750/4699/66 3416/2863/2739
f 1732/1389/1274 1736/3107/2982 1737/3106/2981 1114/1989/1874
f 2693/3110/2985 2697/3055/2930 2698/1384/1269 2694/1383/1268
f 4398/2610/2488 4402/2866/2742 4403/2869/2745 4399/2607/2485
f 3433/3050/2925 2751/4701/67 3442/3292/3167
f 2683/2004/1889 2678/1268/1153 2677/2605/2483 2682/2005/1890
f 2666/2012/1897 2670/1764/1649 2671/1767/1652 2667/2009/1894
f 3459/3042/2917 2752/4707/4145 3468/3258/3133
f 2657/2014/1899 2658/3094/2969 2653/2651/2527 2652/3043/2918
f 2641/1738/1623 2645/2923/2799 2646/1406/1291 2642/1405/1290
f 3485/1729/1614 2753/4949/4002 3494/4671/3980
f 2108/1849/1734 1687/1556/1441 1686/709/594 2107/708/593
f 2631/3090/2965 2626/1418/1303 2625/1421/1306 2630/3330/3199
f 4337/1416/1301 4338/1415/1300 4333/1732/1617 4332/2667/2543
f 3503/1438/1323 3498/1437/1322 2793/4950/19
f 4316/3035/2910 4312/2155/2040 4311/2154/2039 4315/1717/1602
f 2468/2062/1947 1565/2061/1946 1564/4821/4084 2456/3144/3019
f 3533/4870/4133 3528/4842/4105 2754/4713/3541
f 4314/1718/1603 4310/770/655 4309/773/658 2956/2019/1904
f 2583/1454/1339 2579/899/784 2578/1463/1348 1247/2685/2561
f 3559/604/489 3554/2697/2573 2755/4715/116
f 3585/1123/1008 3580/1122/1007 2756/4720/108
f 1110/4697/3994 1693/3257/3132 1701/1137/1022 1706/1136/1021
f 3615/4866/4129 2758/4728/73 3624/3083/2958
f 1470/1368/1253 1469/2967/2842 2716/1792/1677 2728/1791/1676
f 4188/2657/2533 4192/4651/3967 4193/3122/2997 4189/2658/2534
f 2485/814/699 2489/813/698 2490/1646/1531 2486/816/701
f 3641/2152/2037 2759/4733/54 3650/2529/2407
f 2472/523/408 2471/522/407 2476/1642/1527 2477/820/705
f 1947/796/681 1943/3134/3009 1942/1214/1099 1946/795/680
f 3667/4644/3963 2760/4738/4017 3676/4777/4042
f 3848/3172/3047 3844/3175/3050 3843/325/210 3847/3171/3046
f 2433/1209/1094 2437/2064/1949 2438/490/375 2434/489/374
f 2432/500/385 2436/499/384 2437/2064/1949 2433/1209/1094
f 3693/2543/2421 2761/4742/4153 3702/2544/2422
f 2426/488/373 1221/4823/4086 2420/485/370 2425/484/369
f 1999/785/670 1995/2850/2726 1994/2222/2107 1998/782/667
f 4119/1314/1199 4115/2765/2641 4114/2764/2640 2925/4849/4112
f 3711/3021/2896 3706/2074/1959 2801/4960/19
f 2406/473/358 2401/2134/2019 1219/3070/2945 2405/475/360
f 4108/3149/3024 4100/4860/4123 4105/4745/4022 4104/2473/2351
f 2010/2483/2361 1157/1612/1497 2004/1312/1197 2009/1311/1196
f 3741/4865/4128 3736/1491/1376 2762/4746/86
f 2377/1327/1212 2369/1495/1380 2374/2817/2693 2373/427/312
f 4081/3067/2942 4077/2311/2196 4076/2230/2115 4080/3277/3152
f 3767/1155/1040 3762/3017/2892 2763/4750/87
f 2070/2987/2862 2074/394/279 2075/4629/3956 1166/4751/4025
f 2356/1503/1388 2351/399/284 2350/1333/1218 2355/412/297
f 3793/4864/4127 3788/2113/1998 2764/4753/3548
f 4030/3168/3043 4026/2239/2124 4025/2418/2296 4029/4835/4098
f 2303/2302/2187 2307/349/234 2308/345/230 2304/343/228
f 4008/4828/4091 4012/2149/2034 4013/1342/1227 4009/1341/1226
f 3823/4620/3951 2766/4762/95 3832/4774/4039
f 2277/2298/2183 2281/687/572 2282/1838/1723 2278/317/202
f 4220/2538/2416 4224/2933/2809 4225/2104/1989 4221/2103/1988
f 3849/1196/1081 2767/4765/104 3858/1197/1082
f 2252/296/181 2256/302/187 2257/4615/3949 1194/297/182
f 2251/2289/2174 2255/299/184 2256/302/187 2252/296/181
f 3875/4861/4124 2768/4918/2214 3884/4772/4037
f 3150/1042/927 3473/1098/983 3474/1097/982 3151/2594/2472
f 1404/2880/2756 1871/3195/3070 1872/585/470 1405/584/469
f 2225/4832/4095 2229/273/158 2230/262/147 2226/2842/2718
f 3901/259/144 2729/87/62 3910/2279/2164
f 3920/2844/2720 3915/4607/3944 3914/4830/4093 3919/3270/3145
f 2022/3154/3029 2026/750/635 2014/753/638 2023/4635/3958
f 3912/2906/2782 3908/2271/2156 3907/2270/2155 3911/2909/2785
f 3919/3270/3145 3914/4830/4093 2769/4919/19
f 2200/3139/3014 2195/3138/3013 2194/1357/1242 2199/1531/1416
f 2198/1532/1417 2193/1360/1245 1187/4800/4064 2197/2260/2145
f 3905/2277/2162 3900/3269/3144 3899/2284/2169 3904/2272/2157
f 2224/2365/2243 2228/270/155 2229/273/158 2225/4832/4095
f 2223/2364/2242 2227/274/159 2228/270/155 2224/2365/2243
f 3949/2250/2135 3944/2249/2134 2730/4612/71
f 2246/290/175 2251/2289/2174 2252/296/181 2247/291/176
f 2167/1356/1241 2163/1355/1240 2162/2200/2085 1183/2375/2253
f 3975/2396/2274 3970/2395/2273 2731/4616/110
f 1178/1681/1566 2135/691/576 2143/690/575 2148/1678/1563
f 2143/690/575 2139/688/573 2138/327/212 2142/1351/1236
f 2449/1211/1096 2450/3076/2951 2445/504/389 2444/503/388
f 4001/3267/3142 3996/3266/3141 2732/4619/91
f 2304/343/228 2308/345/230 2309/348/233 1202/344/229
f 2301/4773/4038 2305/4624/3954 2306/351/236 2302/3062/2937
f 4031/728/613 2734/4628/90 4040/2427/2305
f 1327/2434/2312 1328/3015/2890 1319/2508/2386 1320/719/604
f 2460/512/397 2464/511/396 2465/3145/3020 1226/4646/3965
f 4057/745/630 2735/4631/89 4066/415/300
f 2364/1395/1280 2360/1398/1283 2359/411/296 2363/2079/1964
f 2059/2442/2320 2060/1501/1386 2055/1152/1037 2054/1151/1036
f 4083/765/650 2736/4634/2220 4092/1579/1464
f 3738/439/324 3739/438/323 3734/1273/1158 3733/2075/1960
f 4109/3159/3034 2737/4638/2217 4118/4796/4060
f 2007/1592/1477 2002/1319/1204 2001/4824/4087 2006/1593/1478
f 2008/1310/1195 2003/1313/1198 2002/1319/1204 2007/1592/1477
f 2238/288/173 2243/289/174 2244/2259/2144 1193/2094/1979
f 4127/2757/2633 4122/4859/4122 2777/4928/19
f 1318/1558/1443 1309/1164/1049 1310/1163/1048 1317/1555/1440
f 1992/1604/1489 1987/1603/1488 1986/1600/1485 1991/1599/1484
f 4157/2852/2728 4152/2851/2727 2738/4640/2218
f 3664/1897/1782 3660/2736/2612 3659/4734/4014 2856/1898/1783
f 1966/1884/1769 1961/1880/1765 1960/1882/1767 1965/1883/1768
f 1965/1883/1768 1960/1882/1767 1959/1615/1500 1964/1614/1499
f 2457/4776/4041 2461/4648/3966 2462/1890/1775 2458/1889/1774
f 4183/2526/2404 4178/3131/3006 2739/4649/63
f 3645/2528/2406 3640/1946/1831 3639/533/418 3644/2148/2033
f 4209/1658/1543 4204/1657/1542 2740/4652/3968
f 3181/3001/2876 3186/2616/2494 3187/1787/1672 3180/2638/2514
f 4239/2202/2087 2742/4660/119 4248/3128/3003
f 1874/2203/2088 1873/586/471 1878/1121/1006 1879/1922/1807
f 1861/1943/1828 1865/2166/2051 1866/2193/2078 1862/595/480
f 3566/2699/2575 3570/1940/1825 3571/3086/2961 3567/2695/2571
f 4265/2978/2853 2743/4666/107 4274/2045/1930
f 1851/3314/3185 1846/880/765 1845/879/764 1850/4791/4055
f 2571/3241/3116 2567/1116/1001 2566/1115/1000 2570/2692/2568
f 3538/615/500 3542/1966/1851 3543/1455/1340 3539/616/501
f 1835/895/780 1839/894/779 1840/4668/3978 1836/2572/2450
f 4424/2620/2498 4428/280/165 4429/283/168 4425/2621/2499
f 4291/2879/2755 2744/4673/57 4300/3206/3081
f 3530/2928/2804 3531/2927/2803 3526/2682/2558 3525/3238/3113
f 1829/1962/1847 1825/3204/3079 1824/3209/3084 1131/4790/4054
f 3527/619/504 3526/2682/2558 3531/2927/2803 3532/4869/4132
f 4317/2033/1918 2745/4675/56 4326/3213/3088
f 4405/2614/2492 3182/3000/2875 3181/3001/2876 4406/2867/2743
f 4335/3117/2992 4330/3116/2991 2785/4939/19
f 2169/2714/2590 2165/1826/1711 2164/1354/1239 2168/1353/1238
f 1782/945/830 1777/2655/2531 1123/4787/4051 1781/942/827
f 2640/1093/978 2644/1092/977 2645/2923/2799 2641/1738/1623
f 2312/346/231 1625/1512/1397 1624/1511/1396 2300/347/232
f 4365/1549/1434 4360/1548/1433 2746/4681/4144
f 4391/1298/1183 4386/1297/1182 2747/4687/4141
f 4389/1303/1188 4393/2609/2487 4394/1300/1185 4390/1299/1184
f 4417/3295/3170 4412/3294/3169 2748/4689/117
f 965/4586/3935 964/4585/3934 1044/4584/44 1045/4587/21
f 2780/4973/19 2779/4974/19 4444/4975/19 4445/4976/19
f 1031/4533/21 1032/4977/21 952/4978/3902 951/4534/3929
f 2787/4979/19 2786/4980/19 4451/4981/19 4452/4982/19
f 2786/4980/19 2785/4983/19 4450/4984/19 4451/4981/19
f 2785/4983/19 2784/4985/19 4449/4986/19 4450/4984/19
f 4435/4987/19 2770/4988/19 2769/4989/19 4434/87/19
f 497/4255/21 496/4114/21 323/4113/21 360/4254/21
f 2807/4990/19 2806/4991/19 4471/4992/19 4472/4993/19
f 2808/4994/19 2807/4990/19 4472/4993/19 4473/4995/19
f 2778/4996/19 4443/4997/19 4444/4975/19 2779/4974/19
f 2790/4524/19 2789/4998/4151 4454/4999/19 4455/4525/19
f 2777/4513/19 4442/4512/19 4443/4997/19 2778/4996/19
f 2791/4527/19 4456/4526/19 4457/5000/19 2792/5001/19
f 2806/4991/19 2805/5002/19 4470/5003/19 4471/4992/19
f 2805/5002/19 2804/5004/19 4469/5005/19 4470/5003/19
f 2774/4595/19 4439/4594/19 4440/5006/19 2775/5007/19
f 2775/5007/19 4440/5006/19 4441/4511/19 2776/4510/19
f 2771/5008/19 4436/5009/19 4437/4545/19 2772/4544/19
f 2797/5010/79 4462/5011/19 4463/5012/19 2798/5013/19
f 2789/4998/4151 2788/5014/19 4453/5015/19 4454/4999/19
f 2800/5016/19 2799/5017/19 4464/5018/19 4465/5019/19
f 2781/5020/3325 2780/4973/19 4445/4976/19 4446/5021/19
f 1032/4977/21 1033/4518/21 953/4521/3896 952/4978/3902
f 2783/5022/19 2782/5023/19 4447/5024/19 4448/5025/19
f 2784/4985/19 2783/5022/19 4448/5025/19 4449/4986/19
f 2804/5004/19 2803/5026/19 4468/5027/19 4469/5005/19
f 2803/5026/19 2802/5028/19 4467/5029/19 4468/5027/19
f 2802/5028/19 2801/5030/19 4466/5031/19 4467/5029/19
f 2801/5030/19 2800/5016/19 4465/5019/19 4466/5031/19
f 2798/5013/19 4463/5012/19 4464/5018/19 2799/5017/19
f 4473/4995/19 4434/87/19 2769/4989/19 2808/4994/19
f 2770/4988/19 4435/4987/19 4436/5009/19 2771/5008/19
f 2796/5032/19 4461/5033/19 4462/5011/19 2797/5010/79
f 2795/5034/19 4460/5035/19 4461/5033/19 2796/5032/19
f 2794/5036/19 4459/5037/19 4460/5035/19 2795/5034/19
f 2793/5038/19 4458/5039/19 4459/5037/19 2794/5036/19
f 2792/5001/19 4457/5000/19 4458/5039/19 2793/5038/19
f 2782/5023/19 2781/5020/3325 4446/5021/19 4447/5024/19
f 2788/5014/19 2787/4979/19 4452/4982/19 4453/5015/19
f 4463/5040/19 4503/5041/4155 4504/4465/3899 4464/4464/19
f 4475/5042/4156 4435/5043/19 4434/5044/19 4474/5045/4157
f 4452/5046/19 4492/5047/4158 4493/5048/4159 4453/5049/19
f 1022/4503/3932 946/4502/3931 947/4483/3914 1021/4482/3913
f 4437/5050/19 4477/5051/4160 4478/5052/4161 4438/5053/19
f 4449/5054/19 4489/5055/4162 4490/5056/4163 4450/5057/19
f 4448/5058/19 4488/5059/4164 4489/5055/4162 4449/5054/19
f 996/4509/3938 972/4508/3937 973/4431/3866 995/4430/3865
f 4451/5060/19 4491/5061/4165 4492/5047/4158 4452/5046/19
f 4455/5062/19 4495/5063/4166 4496/5064/4167 4456/5065/19
f 4444/5066/19 4484/5067/4168 4485/4485/3915 4445/4484/19
f 4443/5068/19 4483/5069/4169 4484/5067/4168 4444/5066/19
f 4442/5070/19 4482/5071/4170 4483/5069/4169 4443/5068/19
f 4471/5072/19 4511/5073/4171 4512/5074/4172 4472/5075/19
f 4440/5076/19 4480/5077/4173 4481/5078/4174 4441/5079/19
f 4456/5065/19 4496/5064/4167 4497/5080/4175 4457/5081/19
f 4439/5082/19 4479/5083/4176 4480/5077/4173 4440/5076/19
f 4450/5057/19 4490/5056/4163 4491/5061/4165 4451/5060/19
f 4436/5084/19 4476/5085/4177 4477/5051/4160 4437/5050/19
f 4435/5043/19 4475/5042/4156 4476/5085/4177 4436/5084/19
f 4453/5049/19 4493/5048/4159 4494/5086/4178 4454/5087/19
f 4473/5088/19 4513/5089/4179 4474/5045/4157 4434/5044/19
f 4462/5090/19 4502/5091/4180 4503/5041/4155 4463/5040/19
f 4441/5079/19 4481/5078/4174 4482/5071/4170 4442/5070/19
f 4447/5092/19 4487/5093/4181 4488/5059/4164 4448/5058/19
f 4458/5094/19 4498/5095/4182 4499/5096/4183 4459/5097/19
f 4438/5053/19 4478/5052/4161 4479/5083/4176 4439/5082/19
f 4467/5098/19 4507/5099/4184 4508/5100/4185 4468/5101/19
f 4466/5102/19 4506/5103/4186 4507/5099/4184 4467/5098/19
f 4465/4467/19 4505/4466/3900 4506/5103/4186 4466/5102/19
f 4454/5104/19 4494/5105/4178 4495/5063/4166 4455/5062/19
f 4468/5101/19 4508/5100/4185 4509/5106/4187 4469/5107/19
f 1005/4435/3870 963/4434/3869 964/5108/3934 1004/5109/3933
f 4461/4475/19 4501/4474/3906 4502/5091/4180 4462/5090/19
f 4470/5110/19 4510/5111/4188 4511/5073/4171 4471/5072/19
f 4459/5097/19 4499/5096/4183 4500/4473/3905 4460/4472/19
f 4469/5107/19 4509/5106/4187 4510/5111/4188 4470/5110/19
f 4457/5081/19 4497/5080/4175 4498/5095/4182 4458/5094/19
f 4446/4487/19 4486/4486/3916 4487/5093/4181 4447/5092/19
f 4472/5075/19 4512/5074/4172 4513/5089/4179 4473/5088/19
f 780/229/19 842/228/19 841/3307/19 740/3306/19
f 284/3811/19 2/3810/19 1/3746/19 283/3745/19
f 742/5112/19 741/3305/19 840/3304/19 839/5113/19
f 743/5114/19 742/5112/19 839/5113/19 838/5115/19
f 744/5116/19 743/5114/19 838/5115/19 837/5117/19
f 745/3794/19 744/5116/19 837/5117/19 836/3795/19
f 4540/5118/19 4524/5119/19 4514/5120/19 4539/119/19
f 848/5121/19 774/5122/19 773/5123/19
f 848/5121/19 773/5123/19 849/5124/19
f 849/5124/19 773/5123/19 772/5125/19
f 849/5124/19 772/5125/19 850/5126/19
f 850/5126/19 772/5125/19 771/5127/19
f 850/5126/19 771/5127/19 851/5128/19
f 851/5128/19 771/5127/19 770/5129/19
f 851/5128/19 770/5129/19 852/5130/19
f 852/5130/19 770/5129/19 769/5131/19
f 852/5130/19 769/5131/19 853/5132/19
f 853/5132/19 769/5131/19 768/5133/19
f 853/5132/19 768/5133/19 854/5134/19
f 854/5134/19 768/5133/19 767/5135/19
f 854/5134/19 767/5135/19 855/5136/19
f 855/5136/19 767/5135/19 766/5137/19
f 855/5136/19 766/5137/19 856/5138/19
f 856/5138/19 766/5137/19 765/5139/19
f 856/5138/19 765/5139/19 857/5140/19
f 857/5140/19 765/5139/19 764/5141/19
f 857/5140/19 764/5141/19 858/5142/19
f 858/5142/19 764/5141/19 763/5143/19
f 858/5142/19 763/5143/19 859/5144/19
f 859/5144/19 763/5143/19 762/5145/19
f 859/5144/19 762/5145/19 860/5146/19
f 860/5146/19 762/5145/19 761/5147/19
f 860/5146/19 761/5147/19 821/5148/19
f 821/5148/19 761/5147/19 760/5149/19
f 821/5148/19 760/5149/19 822/5150/19
f 822/5150/19 760/5149/19 759/5151/19
f 822/5150/19 759/5151/19 823/5152/19
f 823/5152/19 759/5151/19 758/5153/19
f 823/5152/19 758/5153/19 824/5154/19
f 824/5154/19 758/5153/19 757/5155/19
f 824/5154/19 757/5155/19 825/5156/19
f 825/5156/19 757/5155/19 756/5157/19
f 825/5156/19 756/5157/19 826/5158/19
f 826/5158/19 756/5157/19 755/5159/19
f 826/5158/19 755/5159/19 827/5160/19
f 827/5160/19 755/5159/19 754/5161/19
f 827/5160/19 754/5161/19 828/5162/19
f 828/5162/19 754/5161/19 753/5163/19
f 828/5162/19 753/5163/19 829/5164/19
f 829/5164/19 753/5163/19 752/5165/19
f 829/5164/19 752/5165/19 830/5166/19
f 830/5166/19 752/5165/19 751/5167/19
f 830/5166/19 751/5167/19 831/5168/19
f 831/5168/19 751/5167/19 750/5169/19
f 831/5168/19 750/5169/19 832/5170/19
f 832/5170/19 750/5169/19 749/5171/19
f 832/5170/19 749/5171/19 833/5172/19
f 833/5172/19 749/5171/19 748/5173/19
f 833/5172/19 748/5173/19 834/3793/19
f 834/3793/19 748/5173/19 747/3790/19
f 774/5122/19 848/5121/19 847/5174/19 775/5175/19
f 775/5175/19 847/5174/19 846/3797/19 776/3796/19
f 774/3342/3207 468/3341/3206 443/4180/3703 773/45/36
f 317/3756/19 318/3749/19 35/3750/19 34/3757/19
f 4542/66/48 4578/5176/4189 4579/245/130 4543/244/129
f 4597/5177/63 4622/5178/63 4586/5179/63 4585/5180/63
f 2766/5181/95 2767/4898/104 1102/4899/104 1101/5182/95
f 2760/4915/4017 2761/5183/4153 1096/5184/4020 1095/4916/4017
f 2761/5183/4153 2762/142/86 1097/145/88 1096/5184/4020
f 2763/143/87 2764/5185/3548 1099/5186/3548 1098/144/87
f 4474/5187/62 4513/5188/4190 284/5189/4190 283/5190/62
f 2765/5191/94 2766/5181/95 1101/5182/95 1100/5192/94
f 2758/2343/73 2759/4914/54 1094/4917/54 1093/2344/73
f 4479/147/90 4478/5193/92 319/5194/92 318/148/90
f 1002/5195/110 1001/5196/91 804/5197/91 803/5198/110
f 4509/5199/3548 4508/5200/87 289/5201/87 288/5202/3548
f 4565/5203/21 4564/5204/21 4567/5205/21 4569/5206/21
f 4491/5207/3986 4490/79/56 307/82/56 306/5208/3986
f 4506/5209/4191 4505/5210/4017 292/5211/4017 291/5212/4191
f 4558/87/63 4559/88/63 4556/168/63 4555/169/63
f 4528/68/50 4527/75/53 4634/78/53 4633/69/50
f 998/5213/89 997/5214/2221 808/5215/2221 807/5216/89
f 2753/4911/4002 2754/4880/3541 1089/4883/3541 1088/4912/4002
f 988/5217/56 987/5218/3986 818/5219/3986 817/5220/56
f 2764/5185/3548 2765/5191/94 1100/5192/94 1099/5186/3548
f 4495/5221/66 4494/5222/2216 303/5223/2216 302/5224/66
f 4494/5222/2216 4493/217/117 304/220/117 303/5223/2216
f 4492/218/118 4491/5207/3986 306/5208/3986 305/219/118
f 4499/5225/3541 4498/4892/4002 299/4895/4002 298/5226/3541
f 4609/1/1 4595/5227/54 4594/5228/54 4610/2/1
f 4487/5229/103 4486/5230/102 311/5231/102 310/5232/103
f 4486/5230/102 4485/5233/3968 312/5234/3968 311/5231/102
f 1005/5235/4190 1004/5236/62 801/5237/62 800/5238/4190
f 4484/5239/63 4483/5240/2218 314/5241/2218 313/5242/63
f 4481/5243/2221 4480/146/89 317/149/89 316/5244/2221
f 381/3864/3547 382/3844/57 387/3847/57 388/3865/3547
f 1006/5245/104 1005/5235/4190 800/5238/4190 799/5246/104
f 996/5247/2219 995/5248/2218 810/5249/2218 809/5250/2219
f 4483/5240/2218 4482/5251/2219 315/5252/2219 314/5241/2218
f 4482/5251/2219 4481/5243/2221 316/5244/2221 315/5252/2219
f 4602/96/65 4617/95/65 4618/126/77 4601/125/77
f 4534/5253/4192 4533/5254/4193 4628/5255/4193 4627/5256/4192
f 4508/5200/87 4507/5257/86 290/5258/86 289/5201/87
f 1022/5259/67 1021/5260/4143 784/5261/4143 783/5262/67
f 1021/5260/4143 1020/5263/4002 785/5264/4002 784/5261/4143
f 1004/5236/62 1003/5265/4142 802/5266/4142 801/5237/62
f 1017/5267/108 1016/154/93 789/157/93 788/5268/108
f 1013/5269/4017 1012/5270/4191 793/5271/4191 792/5272/4017
f 987/5218/3986 986/5273/118 819/5274/118 818/5219/3986
f 1010/5275/87 1009/5276/3548 796/5277/3548 795/5278/87
f 1007/159/95 1006/5245/104 799/5246/104 798/160/95
f 1014/5279/54 1013/5269/4017 792/5272/4017 791/5280/54
f 4477/5281/91 4476/5282/110 321/5283/110 320/5284/91
f 1012/5270/4191 1011/5285/86 794/5286/86 793/5271/4191
f 1000/5287/92 999/5288/90 806/5289/90 805/5290/92
f 4557/5291/21 4556/5292/21 4559/5293/21 4561/5294/21
f 4478/5193/92 4477/5281/91 320/5284/91 319/5194/92
f 1020/5263/4002 1019/5295/3541 786/5296/3541 785/5264/4002
f 995/5248/2218 994/5297/63 811/5298/63 810/5249/2218
f 4476/5282/110 4475/4888/4142 322/4891/4142 321/5283/110
f 4510/3862/94 4509/5199/3548 288/5202/3548 287/3863/94
f 993/5299/3968 992/174/102 813/177/102 812/5300/3968
f 4497/4893/4143 4496/5301/67 301/5302/67 300/4894/4143
f 4502/5303/93 4501/213/108 296/216/108 295/5304/93
f 430/3880/19 362/3879/19 361/3900/19 429/3897/19
f 777/3799/19 845/3798/19 844/179/19 778/178/19
f 4515/5305/19 4539/119/19 4514/5120/19
s 0
f 4570/87/54 4524/87/54 4572/87/54
s 1
f 4515/5305/19 4525/5306/19 4539/119/19
f 4539/119/19 4525/5306/19 4533/5307/19
f 4539/119/19 4533/5307/19 4534/25/19
s 0
f 4570/87/54 4514/87/54 4524/87/54
f 4548/87/4194 4549/87/4194 4545/87/4194
s 1
f 4545/5308/19 4516/5309/19 4540/5118/19
f 4545/5308/19 4540/5118/19 4544/5310/19
f 4544/5310/19 4540/5118/19 4543/5311/19
f 4543/5311/19 4540/5118/19 4542/5312/19
f 4542/5312/19 4540/5118/19 4541/5313/19
f 4516/5309/19 4517/5314/19 4540/5118/19
f 4540/5118/19 4517/5314/19 4518/5315/19
f 4540/5118/19 4518/5315/19 4519/5316/19
s 0
f 4546/87/4195 4548/87/4195 4545/87/4195
s 1
f 4519/5316/19 4520/5317/19 4540/5118/19
f 4540/5118/19 4520/5317/19 4524/5119/19
f 4520/5317/19 4521/5318/19 4524/5119/19
f 4524/5119/19 4521/5318/19 4522/5319/19
f 4524/5119/19 4522/5319/19 4523/5320/19
f 4526/4185/19 4529/5321/19 4525/5306/19
f 4525/5306/19 4529/5321/19 4530/5322/19
f 4525/5306/19 4530/5322/19 4531/5323/19
f 4527/5324/19 4528/5325/19 4526/4185/19
f 4526/4185/19 4528/5325/19 4529/5321/19
f 4531/5323/19 4532/5326/19 4525/5306/19
f 4525/5306/19 4532/5326/19 4533/5307/19
f 4534/25/19 4535/26/19 4539/119/19
f 4539/119/19 4535/26/19 4536/5327/19
f 4539/119/19 4536/5327/19 4537/5328/19
f 4537/5328/19 4538/5329/19 4539/119/19
f 4560/87/2216 4561/88/2216 4559/89/2216 4558/90/2216
f 4500/214/116 4499/5225/3541 298/5226/3541 297/215/116
f 986/5273/118 985/5330/117 820/5331/117 819/5274/118
f 1001/5196/91 1000/5287/92 805/5290/92 804/5197/91
f 989/4901/57 988/5217/56 817/5220/56 816/4902/57
f 2751/98/67 2752/4910/4145 1087/4913/4000 1086/99/67
f 1003/5265/4142 1002/5195/110 803/5198/110 802/5266/4142
f 997/5214/2221 996/5247/2219 809/5250/2219 808/5215/2221
f 991/175/103 990/4900/107 815/4903/107 814/176/103
f 1011/5285/86 1010/5275/87 795/5278/87 794/5286/86
f 994/5297/63 993/5299/3968 812/5300/3968 811/5298/63
f 4489/80/57 4488/5332/107 309/5333/107 308/81/57
f 4513/5188/4190 4512/186/104 285/189/104 284/5189/4190
f 1023/5334/66 1022/5259/67 783/5262/67 782/5335/66
f 1019/5295/3541 1018/5336/116 787/5337/116 786/5296/3541
f 4503/112/73 4502/5303/93 295/5304/93 294/113/73
s 0
f 4520/87/4196 4552/87/4196 4553/87/4196
s 1
f 4496/5301/67 4495/5221/66 302/5224/66 301/5302/67
f 4507/5257/86 4506/5209/4191 291/5212/4191 290/5258/86
s 0
f 4551/87/4197 4520/87/4197 4553/87/4197
f 4550/87/4198 4552/87/4198 4519/87/4198
f 4519/87/4196 4552/87/4196 4520/87/4196
s 1
f 4505/5210/4017 4504/111/54 293/114/54 292/5211/4017
f 1018/5336/116 1017/5267/108 788/5268/108 787/5337/116
f 999/5288/90 998/5213/89 807/5216/89 806/5289/90
f 4554/87/54 4557/88/54 4561/168/54 4560/169/54
f 1015/155/73 1014/5279/54 791/5280/54 790/156/73
f 4485/5233/3968 4484/5239/63 313/5242/63 312/5234/3968
f 366/3827/3535 367/3864/3536 374/3865/3536 375/3828/3535
f 984/5338/2216 1023/5334/66 782/5335/66 781/5339/2216
f 4562/87/54 4565/88/54 4569/168/54 4568/169/54
f 54/3848/3283 53/3366/3221 336/3369/3223 337/3849/3283
s 0
f 4573/87/54 4515/87/54 4571/87/54
s 1
f 1009/5276/3548 1008/158/94 797/161/94 796/5277/3548
f 288/3807/19 6/3806/19 5/60/19 287/59/19
f 429/4877/4140 428/115/74 452/118/74 451/4878/4140
f 4488/5332/107 4487/5229/103 310/5232/103 309/5333/107
f 4545/5340/4199 4544/247/132 4546/5341/4199
f 4578/5176/4189 4542/66/48 4576/65/47
f 4578/5176/4189 4576/65/47 4577/5342/4200
f 4575/64/46 4541/63/45 4574/5343/45
f 290/3803/19 8/3802/19 7/3805/19 289/3804/19
f 4581/141/85 4549/140/84 4548/5344/4201
f 4582/16/14 4550/15/13 4518/5345/4202
f 4582/16/14 4518/5345/4202 4517/5346/4203
f 4583/13/11 4520/4179/3217 4551/5223/62
f 4522/4176/3700 4585/4175/3699 4523/5347/4204
f 4523/5347/4204 4585/4175/3699 4588/5348/4205
f 4523/5347/4204 4588/5348/4205 4589/5349/4204
f 4586/5350/4206 4587/5351/4207 4585/4175/3699
f 4585/4175/3699 4587/5351/4207 4588/5348/4205
f 4551/5223/62 4553/5352/4208 4583/13/11
f 4583/13/11 4553/5352/4208 4552/14/12
f 4550/15/13 4519/5353/4209 4518/5345/4202
f 4516/5354/83 4547/139/83 4517/5346/4203
f 4517/5346/4203 4547/139/83 4582/16/14
f 4548/5344/4201 4546/5341/4199 4581/141/85
s 0
f 4573/87/54 4525/87/54 4515/87/54
s 1
f 4572/242/54 4589/241/54 4592/5355/55
f 4526/87/54 4573/5356/54 4592/5355/55
f 4592/5355/55 4573/5356/54 4571/5357/54
f 4592/5355/55 4571/5357/54 4570/5358/54
f 4539/5177/63 4590/5359/63 4591/3867/63 4540/3866/63
f 4526/87/54 4525/5360/54 4573/5356/54
f 4570/5358/54 4572/242/54 4592/5355/55
f 4571/5357/54 4515/5361/54 4514/5362/54 4570/5358/54
f 2740/4907/3968 2741/4896/102 1076/4897/102 1075/4908/3968
f 4594/88/54 4595/87/54 4596/5363/54 4593/5364/54
f 4600/128/78 4619/127/78 4620/106/70 4599/105/70
f 4533/5254/4193 4532/5365/4210 4629/5366/4210 4628/5255/4193
f 4593/5364/54 4596/5363/54 4578/5367/54 4577/5368/54
f 985/5330/117 984/5369/2216 781/5370/2216 820/5331/117
f 4593/4187/21 4577/5371/21 4591/4188/21
f 4591/4188/21 4577/5371/21 4576/5372/21
f 4591/4188/21 4576/5372/21 4575/5373/21
f 4575/5373/21 4574/5374/21 4591/4188/21
f 447/4183/3704 464/4182/3598 463/4181/3599 448/4178/3702
f 4624/5325/21 4611/5375/21 4610/5376/21 4623/5324/21
f 4633/5328/21 4634/5329/21 4621/5377/21 4620/5378/21
f 4563/5379/21 4605/5380/21 4604/5381/21 4554/5382/21
f 4632/5327/21 4633/5328/21 4620/5378/21 4619/5383/21
f 4629/5307/21 4630/25/21 4617/28/21 4616/5384/21
f 4631/26/21 4632/5327/21 4619/5383/21 4618/27/21
f 4634/5329/21 4592/119/21 4622/122/21 4621/5377/21
f 4627/5323/21 4614/5385/21 4613/5386/21 4626/5322/21
f 4626/5322/21 4613/5386/21 4612/5387/21 4625/5321/21
f 4625/5321/21 4612/5387/21 4611/5375/21 4624/5325/21
f 4629/5307/21 4616/5384/21 4615/5388/21 4628/5326/21
f 4623/5324/21 4610/5376/21 4594/4186/21 4590/4185/21
f 4580/246/131 4581/141/85 4546/5341/4199 4544/247/132
f 4587/120/21 4592/119/21 4588/5389/21
f 4588/5389/21 4592/119/21 4589/5390/21
f 4607/5391/4211 4612/5392/4211 4613/104/69 4606/103/69
f 4608/4/2 4611/3/2 4612/5392/4211 4607/5391/4211
f 4539/87/63 4538/5393/4212 4623/5394/4212 4590/5395/63
f 4538/5393/4212 4537/5396/4213 4624/5397/4213 4623/5394/4212
f 4537/5396/4213 4536/5398/4214 4625/5399/4214 4624/5397/4213
f 4536/5398/4214 4535/5400/4215 4626/5401/4215 4625/5399/4214
f 4535/5400/4215 4534/5253/4192 4627/5256/4192 4626/5401/4215
f 4554/5382/21 4601/5402/21 4555/5403/21
f 4555/5403/21 4601/5402/21 4600/5404/21
f 4555/5403/21 4600/5404/21 4599/5405/21
f 4560/5406/21 4635/5407/21 4554/5382/21
f 4554/5382/21 4635/5407/21 4563/5379/21
f 4628/5326/21 4615/5388/21 4614/5385/21 4627/5323/21
f 4605/5380/21 4563/5379/21 4606/5408/21
f 4606/5408/21 4563/5379/21 4607/5409/21
f 4607/5409/21 4563/5379/21 4562/5410/21
f 4607/5409/21 4562/5410/21 4608/5411/21
f 4608/5411/21 4562/5410/21 4609/5412/21
f 4609/5412/21 4562/5410/21 4595/5413/21
f 4595/5413/21 4562/5410/21 4636/5414/21
f 4595/5413/21 4636/5414/21 4596/5415/21
f 4596/5415/21 4636/5414/21 4568/5416/21
f 4596/5415/21 4568/5416/21 4578/5417/21
f 4578/5417/21 4568/5416/21 4579/5418/21
f 4579/5418/21 4568/5416/21 4580/5419/21
f 4580/5419/21 4568/5416/21 4566/5420/21
f 4580/5419/21 4566/5420/21 4581/5421/21
f 4581/5421/21 4566/5420/21 4560/5406/21
f 4581/5421/21 4560/5406/21 4582/5422/21
f 4582/5422/21 4560/5406/21 4583/5423/21
f 4583/5423/21 4560/5406/21 4558/5424/21
f 4583/5423/21 4558/5424/21 4584/5425/21
f 4584/5425/21 4558/5424/21 4585/5426/21
f 4585/5426/21 4558/5424/21 4597/5427/21
f 4597/5427/21 4558/5424/21 4555/5403/21
f 4597/5427/21 4555/5403/21 4598/5428/21
f 4598/5428/21 4555/5403/21 4599/5405/21
f 4562/5410/21 4568/5416/21 4636/5414/21
f 4560/5406/21 4566/5420/21 4635/5407/21
f 4635/5407/21 4566/5420/21 4563/5379/21
f 4604/5381/21 4603/5429/21 4554/5382/21
f 4554/5382/21 4603/5429/21 4602/5430/21
f 4554/5382/21 4602/5430/21 4601/5402/21
f 4532/5365/4210 4531/51/42 4630/54/42 4629/5366/4210
s 0
f 4549/87/4194 4516/87/4194 4545/87/4194
f 1013/87/21 1016/87/21 1014/87/21
f 1016/87/21 1013/87/21 1012/87/21
f 1022/87/21 1020/87/21 1019/87/21
f 1018/87/21 1017/87/21 1016/87/21
f 1012/87/21 1011/87/21 1010/87/21
f 1012/87/21 1010/87/21 1009/87/21
f 1008/87/21 1006/87/21 1009/87/21
f 1002/87/21 1000/87/21 999/87/21
f 1016/87/21 1022/87/21 1019/87/21
f 1006/87/21 1016/87/21 1012/87/21
f 1006/87/21 1012/87/21 1009/87/21
f 1022/87/21 1021/87/21 1020/87/21
f 1008/87/21 1007/87/21 1006/87/21
f 1022/87/21 1016/87/21 1006/87/21
f 1023/87/21 1022/87/21 1006/87/21
f 1023/87/21 1006/87/21 1005/87/21
f 984/87/21 1023/87/21 1005/87/21
f 984/87/21 1005/87/21 1004/87/21
f 985/87/21 984/87/21 1004/87/21
f 985/87/21 1004/87/21 1003/87/21
f 986/87/21 985/87/21 1003/87/21
f 986/87/21 1003/87/21 1002/87/21
f 1002/87/21 996/87/21 986/87/21
f 1016/87/21 1015/87/21 1014/87/21
f 988/87/21 987/87/21 986/87/21
f 986/87/21 992/87/21 989/87/21
f 986/87/21 996/87/21 992/87/21
f 996/87/21 1002/87/21 999/87/21
f 1002/87/21 1001/87/21 1000/87/21
f 988/87/21 986/87/21 989/87/21
f 992/87/21 990/87/21 989/87/21
f 999/87/21 998/87/21 996/87/21
f 992/87/21 991/87/21 990/87/21
f 1019/87/21 1018/87/21 1016/87/21
f 996/87/21 995/87/21 992/87/21
f 992/87/21 995/87/21 994/87/21
f 993/87/21 992/87/21 994/87/21
f 998/87/21 997/87/21 996/87/21
